record_id,equipment_id,equipment_type,location,visit_date,defect_description,true_defect_label,cluster,defect_cluster_name,severity,days_to_failure,repair_duration_hrs,downtime_hrs,parts_replaced,quality_score,data_quality_frequency,data_quality_freshness,data_quality_completeness,data_quality_pertinence
WO-00001,EQ-0009,Cooling Tower,Plant A - Line 1,2022-08-07,"Heat exchanger fouling reducing efficiency, outlet temp 94°C above setpoint",overheating,8,Cluster 8,High,,14.5,3.6,None - monitoring,0.696,0.49,0.87,0.73,0.65
WO-00002,EQ-0047,Air Compressor,Utilities Block,2023-06-28,"Wrong lubricant grade used during last service, compatibility issue",lubrication,6,Corrosion & Erosion,Low,131.0,1.7,0.5,Mechanical seal kit,0.681,0.77,0.54,0.56,0.93
WO-00003,EQ-0016,Air Compressor,Warehouse C,2022-11-20,"Excessive vibration on pump casing, amplitude 12.5 mm/s at 1450 RPM",vibration,9,Cluster 9,Medium,,15.0,0.2,Mechanical seal kit,0.596,0.35,0.53,0.63,0.96
WO-00004,EQ-0005,Electric Motor,Utilities Block,2023-07-21,"Oil analysis shows high iron content 118 ppm, internal wear indicated",lubrication,11,Cluster 11,Low,73.0,9.9,10.7,Oil filter + 5L oil,0.651,0.65,0.55,0.95,0.43
WO-00005,EQ-0041,Conveyor Belt,Plant A - Line 1,2023-08-20,"Heat exchanger fouling reducing efficiency, outlet temp 67°C above setpoint",overheating,8,Cluster 8,High,111.0,2.5,1.2,Coupling insert,0.589,0.45,0.55,0.55,0.87
WO-00006,EQ-0027,Gearbox,Warehouse C,2022-10-01,"Oil viscosity out of specification, degraded due to thermal cycling",lubrication,9,Cluster 9,Low,180.0,2.2,2.9,Contactor 3RT2,0.74,0.44,0.95,0.67,0.89
WO-00007,EQ-0015,Conveyor Belt,Plant B - Line 1,2023-08-18,"Hydraulic fluid leak at cylinder rod seal, 76 ml/hr estimated loss",seal_leak,8,Cluster 8,Medium,,4.6,0.7,Coupling insert,0.722,0.81,0.59,0.8,0.71
WO-00008,EQ-0025,Centrifugal Pump,Plant A - Line 1,2023-02-20,"Lubricant contamination detected, water content 17% above limit. Additionally, compressor discharge temperature 84°c, intercooler bypass suspected",lubrication,2,Mechanical Seal Leak,Low,1.0,5.2,1.6,Coupling insert,0.647,0.63,0.67,0.61,0.68
WO-00009,EQ-0048,Cooling Tower,Plant B - Line 3,2023-04-12,"Unusual noise detected in bearing housing, suspected wear on inner race",bearing_wear,5,Electrical Fault,Medium,162.0,9.4,10.1,Impeller,0.69,0.58,0.49,0.84,0.94
WO-00010,EQ-0050,Electric Motor,Plant A - Line 2,2023-09-02,"Automatic lubrication system failed, manual greasing required",lubrication,12,Cluster 12,Low,114.0,10.0,10.8,None - monitoring,0.846,0.88,0.73,0.95,0.85
WO-00011,EQ-0031,Heat Exchanger,Warehouse C,2022-01-21,"Gearbox oil temperature 80°C, possible cooler blockage. Additionally, oil seepage observed around pump casing seal, minor pooling on floor",overheating,9,Cluster 9,High,,12.4,7.1,Coupling insert,0.734,0.51,0.63,0.95,0.9
WO-00012,EQ-0035,Electric Motor,Warehouse C,2023-09-30,"VFD fault code F52 logged, overcurrent on deceleration",electrical_fault,7,Cluster 7,High,101.0,9.7,9.6,None - monitoring,0.56,0.39,0.68,0.53,0.63
WO-00013,EQ-0014,Cooling Tower,Plant B - Line 1,2022-02-11,"Heat exchanger fouling reducing efficiency, outlet temp 113°C above setpoint",overheating,8,Cluster 8,High,,15.2,4.5,O-ring set,0.656,0.47,0.68,0.56,0.97
WO-00014,EQ-0030,Gearbox,Plant A - Line 1,2022-01-13,"Capacitor bank showing reduced capacitance, power factor 0.68 below target. Additionally, earth leakage current 31.0ma detected, isolation check required",electrical_fault,5,Electrical Fault,High,,13.2,2.1,Impeller,0.812,0.8,0.66,0.87,0.98
WO-00015,EQ-0018,Electric Motor,Utilities Block,2022-01-30,"Cavitation noise and vibration in pump, inlet pressure below NPSH",vibration,4,Lubrication Issue,Medium,84.0,3.3,1.0,Coupling insert,0.734,0.5,0.76,0.94,0.73
WO-00016,EQ-0034,Air Compressor,Plant B - Line 1,2023-04-30,"Oil level low in gearbox sight glass, top-up of 1.9L required",lubrication,2,Mechanical Seal Leak,Low,89.0,7.1,7.9,Coupling insert,0.617,0.79,0.56,0.63,0.47
WO-00017,EQ-0013,Electric Motor,Plant B - Line 1,2023-01-05,"Hydraulic fluid leak at cylinder rod seal, 60 ml/hr estimated loss",seal_leak,8,Cluster 8,Medium,4.0,11.5,2.2,Bearing 6205-2RS,0.742,0.69,0.82,0.56,0.92
WO-00018,EQ-0032,Electric Motor,Plant A - Line 2,2022-11-01,"Unusual noise detected in bearing housing, suspected wear on inner race. Additionally, o-ring compression set failure, intermittent leak under high pressure",bearing_wear,5,Electrical Fault,Medium,,15.8,7.2,Bearing 6205-2RS,0.781,0.73,0.84,0.97,0.52
WO-00019,EQ-0014,Cooling Tower,Plant B - Line 1,2023-12-05,"Mechanical seal leaking at shaft interface, fluid loss approx 5 ml/hr",seal_leak,1,Vibration & Imbalance,Medium,68.0,12.7,11.9,None - monitoring,0.508,0.38,0.53,0.57,0.56
WO-00020,EQ-0010,Hydraulic Press,Plant A - Line 1,2022-10-12,"Bearing temperature elevated to 115°C during operation, vibration increasing. Additionally, bearing play exceeding tolerance, axial movement of 0.87mm observed",bearing_wear,11,Cluster 11,Medium,150.0,7.3,8.9,Impeller,0.707,0.54,0.6,0.84,0.91
WO-00021,EQ-0022,Heat Exchanger,Plant A - Line 2,2023-05-12,"Overheating on drive-end bearing, infrared scan shows hot spot at 83°C. Additionally, wrong lubricant grade used during last service, compatibility issue",overheating,6,Corrosion & Erosion,High,162.0,9.9,3.6,Oil filter + 5L oil,0.729,0.69,0.73,0.55,1.0
WO-00022,EQ-0008,Heat Exchanger,Plant A - Line 2,2022-05-20,"Motor winding temperature reached 106°C, thermal protection triggered",overheating,2,Mechanical Seal Leak,High,,4.8,5.7,Coupling insert,0.789,0.95,0.7,0.91,0.57
WO-00023,EQ-0020,Electric Motor,Warehouse C,2023-02-25,"Chemical attack on pump impeller, material loss estimated 27%",corrosion,8,Cluster 8,Low,122.0,11.4,13.9,O-ring set,0.626,0.65,0.42,0.75,0.75
WO-00024,EQ-0007,Heat Exchanger,Utilities Block,2023-11-22,"Grease nipple blocked, bearing running dry for estimated 12 days",lubrication,2,Mechanical Seal Leak,Low,,6.4,3.0,Capacitor 40µF,0.609,0.33,0.44,0.82,0.95
WO-00025,EQ-0015,Conveyor Belt,Plant B - Line 1,2023-02-26,"Motor winding resistance out of tolerance, possible turn-to-turn short",electrical_fault,11,Cluster 11,High,47.0,3.1,0.4,Contactor 3RT2,0.698,0.65,0.75,0.62,0.78
WO-00026,EQ-0030,Gearbox,Plant A - Line 1,2023-01-29,"Mechanical seal leaking at shaft interface, fluid loss approx 45 ml/hr",seal_leak,1,Vibration & Imbalance,Medium,,2.2,1.3,Oil filter + 5L oil,0.827,0.99,0.58,0.99,0.79
WO-00027,EQ-0018,Electric Motor,Utilities Block,2023-11-07,Grease discolouration and hardening noted around bearing cap,bearing_wear,2,Mechanical Seal Leak,Medium,,2.6,0.4,Oil filter + 5L oil,0.604,0.85,0.42,0.68,0.48
WO-00028,EQ-0019,Centrifugal Pump,Plant B - Line 1,2022-04-28,"Seal face wear visible during inspection, scoring on stationary ring",seal_leak,7,Cluster 7,Medium,20.0,2.7,3.9,Capacitor 40µF,0.672,0.56,0.87,0.51,0.72
WO-00029,EQ-0030,Gearbox,Plant A - Line 1,2023-11-18,"Electrical cabinet temperature 108°C due to failed ventilation fan. Additionally, grease nipple blocked, bearing running dry for estimated 11 days",overheating,2,Mechanical Seal Leak,High,,11.3,9.2,O-ring set,0.851,0.92,0.79,0.92,0.77
WO-00030,EQ-0018,Electric Motor,Utilities Block,2023-10-17,"High-pitched squealing noise from bearing assembly, lubrication appears insufficient",bearing_wear,12,Cluster 12,Medium,6.0,1.3,0.7,Contactor 3RT2,0.602,0.35,0.86,0.6,0.53
WO-00031,EQ-0015,Conveyor Belt,Plant B - Line 1,2022-11-28,"Oil seepage observed around pump casing seal, minor pooling on floor",seal_leak,9,Cluster 9,Medium,68.0,1.3,1.4,Mechanical seal kit,0.776,0.82,0.69,0.89,0.71
WO-00032,EQ-0007,Heat Exchanger,Utilities Block,2023-03-31,"Cooling fan obstructed by debris, motor surface temperature 104°C",overheating,2,Mechanical Seal Leak,High,21.0,5.5,1.2,Oil filter + 5L oil,0.751,0.74,0.75,0.86,0.63
WO-00033,EQ-0039,Hydraulic Press,Plant B - Line 3,2023-08-24,"Structural resonance observed at 1000 RPM, bolts found loose on baseplate. Additionally, misalignment between motor and gearbox shaft, 17.3 mm/s 2x vibration",vibration,2,Mechanical Seal Leak,Medium,,9.2,9.2,Coupling insert,0.883,0.91,0.96,0.71,0.95
WO-00034,EQ-0004,Electric Motor,Warehouse C,2023-07-29,"Wrong lubricant grade used during last service, compatibility issue",lubrication,6,Corrosion & Erosion,Low,,13.2,12.1,Bearing 6205-2RS,0.716,0.73,0.79,0.85,0.42
WO-00035,EQ-0018,Electric Motor,Utilities Block,2022-12-16,"Contactor pitting observed, intermittent contact causing voltage dips",electrical_fault,0,Bearing Wear & Noise,High,80.0,11.7,13.6,Mechanical seal kit,0.683,0.92,0.49,0.88,0.43
WO-00036,EQ-0006,Gearbox,Warehouse C,2022-08-14,"Hydraulic fluid leak at cylinder rod seal, 60 ml/hr estimated loss",seal_leak,8,Cluster 8,Medium,154.0,1.3,0.4,O-ring set,0.658,0.83,0.57,0.56,0.7
WO-00037,EQ-0028,Air Compressor,Utilities Block,2023-10-18,"Bearing play exceeding tolerance, axial movement of 1.79mm observed",bearing_wear,11,Cluster 11,Medium,30.0,6.8,9.9,Impeller,0.822,0.88,0.95,0.54,0.91
WO-00038,EQ-0016,Air Compressor,Warehouse C,2023-10-23,"Overheating on drive-end bearing, infrared scan shows hot spot at 98°C",overheating,11,Cluster 11,High,,4.2,0.9,O-ring set,0.747,0.72,0.86,0.83,0.51
WO-00039,EQ-0050,Electric Motor,Plant A - Line 2,2022-03-17,"Structural resonance observed at 1450 RPM, bolts found loose on baseplate",vibration,2,Mechanical Seal Leak,Medium,116.0,1.1,0.6,Mechanical seal kit,0.774,0.75,0.99,0.55,0.76
WO-00040,EQ-0025,Centrifugal Pump,Plant A - Line 1,2022-03-28,"Compressor discharge temperature 115°C, intercooler bypass suspected",overheating,2,Mechanical Seal Leak,High,45.0,1.1,1.2,Capacitor 40µF,0.604,0.67,0.5,0.69,0.57
WO-00041,EQ-0027,Gearbox,Warehouse C,2023-08-20,Corrosion under insulation (CUI) suspected on horizontal pipe section,corrosion,10,Cluster 10,Low,,14.7,6.8,O-ring set,0.756,0.72,0.96,0.65,0.63
WO-00042,EQ-0022,Heat Exchanger,Plant A - Line 2,2022-06-08,Corrosion under insulation (CUI) suspected on horizontal pipe section,corrosion,10,Cluster 10,Low,26.0,8.4,6.8,Bearing 6205-2RS,0.824,0.76,0.93,0.81,0.76
WO-00043,EQ-0010,Hydraulic Press,Plant A - Line 1,2022-08-28,Grease discolouration and hardening noted around bearing cap,bearing_wear,2,Mechanical Seal Leak,Medium,80.0,15.5,18.2,Coupling insert,0.767,0.77,0.74,0.72,0.86
WO-00044,EQ-0050,Electric Motor,Plant A - Line 2,2022-06-14,"Compressor discharge temperature 91°C, intercooler bypass suspected",overheating,2,Mechanical Seal Leak,High,132.0,2.8,1.8,Impeller,0.824,0.92,0.96,0.71,0.64
WO-00045,EQ-0024,Heat Exchanger,Warehouse C,2023-09-23,"Mechanical seal leaking at shaft interface, fluid loss approx 187 ml/hr",seal_leak,1,Vibration & Imbalance,Medium,21.0,0.8,0.3,Capacitor 40µF,0.822,0.96,0.77,0.71,0.87
WO-00046,EQ-0016,Air Compressor,Warehouse C,2023-04-27,"Mechanical seal leaking at shaft interface, fluid loss approx 21 ml/hr. Additionally, cooling fan obstructed by debris, motor surface temperature 101°c",seal_leak,1,Vibration & Imbalance,Medium,100.0,15.7,6.0,Coupling insert,0.769,0.85,0.61,0.87,0.78
WO-00047,EQ-0050,Electric Motor,Plant A - Line 2,2022-07-24,"Impeller damage suspected, broadband vibration increase 7.6 mm/s",vibration,3,Overheating,Medium,,5.4,2.5,Capacitor 40µF,0.602,0.63,0.42,0.82,0.57
WO-00048,EQ-0050,Electric Motor,Plant A - Line 2,2023-03-31,"Bearing vibration amplitude 14.8 mm/s RMS, trending upward over last 30 days. Additionally, excessive vibration on pump casing, amplitude 15.2 mm/s at 750 rpm",bearing_wear,3,Overheating,Medium,11.0,11.8,16.1,None - monitoring,0.752,0.49,0.99,0.97,0.45
WO-00049,EQ-0041,Conveyor Belt,Plant A - Line 1,2023-05-27,"Compressor discharge temperature 116°C, intercooler bypass suspected. Additionally, hydraulic fluid leak at cylinder rod seal, 151 ml/hr estimated loss",overheating,8,Cluster 8,High,144.0,2.3,2.7,Contactor 3RT2,0.799,1.0,0.57,0.96,0.69
WO-00050,EQ-0008,Heat Exchanger,Plant A - Line 2,2022-08-18,"Unusual noise detected in bearing housing, suspected wear on inner race",bearing_wear,5,Electrical Fault,Medium,52.0,12.8,4.5,Bearing 6205-2RS,0.74,0.55,0.74,0.73,0.99
WO-00051,EQ-0009,Cooling Tower,Plant A - Line 1,2022-05-12,"Excessive vibration on pump casing, amplitude 18.0 mm/s at 1500 RPM",vibration,9,Cluster 9,Medium,,12.6,12.1,O-ring set,0.661,0.6,0.95,0.53,0.47
WO-00052,EQ-0010,Hydraulic Press,Plant A - Line 1,2022-08-04,"Oil seepage observed around pump casing seal, minor pooling on floor. Additionally, internal corrosion found on heat exchanger tubes during inspection",seal_leak,9,Cluster 9,Medium,,7.0,6.7,Capacitor 40µF,0.777,0.5,0.97,0.74,0.88
WO-00053,EQ-0044,Electric Motor,Plant B - Line 1,2022-06-13,"Overheating on drive-end bearing, infrared scan shows hot spot at 69°C. Additionally, compressor discharge temperature 100°c, intercooler bypass suspected",overheating,11,Cluster 11,High,,15.0,16.2,O-ring set,0.681,0.65,0.71,0.75,0.59
WO-00054,EQ-0002,Heat Exchanger,Utilities Block,2023-04-07,"Bearing play exceeding tolerance, axial movement of 1.2mm observed. Additionally, bearing play exceeding tolerance, axial movement of 2.22mm observed",bearing_wear,11,Cluster 11,Medium,,4.8,7.1,Mechanical seal kit,0.606,0.39,0.46,0.69,0.99
WO-00055,EQ-0036,Gearbox,Plant A - Line 1,2022-12-02,"Automatic lubrication system failed, manual greasing required",lubrication,12,Cluster 12,Low,,5.4,3.2,Oil filter + 5L oil,0.716,0.72,0.7,0.75,0.69
WO-00056,EQ-0037,Gearbox,Warehouse C,2022-06-24,"O-ring compression set failure, intermittent leak under high pressure",seal_leak,7,Cluster 7,Medium,159.0,12.5,7.1,Bearing 6205-2RS,0.703,0.7,0.82,0.6,0.66
WO-00057,EQ-0027,Gearbox,Warehouse C,2023-04-16,"Bearing vibration amplitude 14.4 mm/s RMS, trending upward over last 33 days",bearing_wear,3,Overheating,Medium,,5.8,3.1,Impeller,0.574,0.43,0.55,0.78,0.53
WO-00058,EQ-0020,Electric Motor,Warehouse C,2022-10-25,Corrosion under insulation (CUI) suspected on horizontal pipe section,corrosion,10,Cluster 10,Low,21.0,5.9,3.9,Impeller,0.69,0.45,0.9,0.64,0.74
WO-00059,EQ-0018,Electric Motor,Utilities Block,2023-07-02,"Metal particles found in oil sample, bearing degradation confirmed. Additionally, phase imbalance detected, current draw 17% higher on l2",bearing_wear,11,Cluster 11,Medium,,13.7,0.8,None - monitoring,0.823,0.92,0.51,0.96,1.0
WO-00060,EQ-0026,Cooling Tower,Warehouse C,2022-05-18,Internal corrosion found on heat exchanger tubes during inspection,corrosion,8,Cluster 8,Low,,7.8,2.3,Coupling insert,0.566,0.41,0.68,0.63,0.51
WO-00061,EQ-0048,Cooling Tower,Plant B - Line 3,2022-01-07,"Dynamic seal failure suspected, pressure drop of 30% noted in system",seal_leak,7,Cluster 7,Medium,61.0,7.4,3.0,Oil filter + 5L oil,0.681,0.71,0.74,0.63,0.62
WO-00062,EQ-0016,Air Compressor,Warehouse C,2023-04-11,"Unusual noise detected in bearing housing, suspected wear on inner race",bearing_wear,5,Electrical Fault,Medium,,9.9,6.2,Impeller,0.871,0.83,0.88,0.91,0.86
WO-00063,EQ-0044,Electric Motor,Plant B - Line 1,2022-04-30,"Coating failure on tank exterior, rust streaks visible below insulation",corrosion,7,Cluster 7,Low,,11.6,8.5,Impeller,0.742,0.87,0.67,0.76,0.67
WO-00064,EQ-0004,Electric Motor,Warehouse C,2023-11-09,"Belt tension incorrect causing vibration and premature wear. Additionally, excessive vibration on pump casing, amplitude 14.3 mm/s at 1450 rpm",vibration,0,Bearing Wear & Noise,Medium,,2.6,3.4,O-ring set,0.778,0.99,0.64,0.56,0.99
WO-00065,EQ-0001,Air Compressor,Plant A - Line 1,2023-09-22,"Rust deposits blocking strainer, pressure differential 29 PSI across filter",corrosion,4,Lubrication Issue,Low,,14.2,0.3,Mechanical seal kit,0.582,0.37,0.42,0.8,0.82
WO-00066,EQ-0004,Electric Motor,Warehouse C,2022-08-31,"Mechanical seal leaking at shaft interface, fluid loss approx 40 ml/hr",seal_leak,1,Vibration & Imbalance,Medium,37.0,15.8,12.4,Oil filter + 5L oil,0.71,0.49,0.73,0.8,0.84
WO-00067,EQ-0012,Conveyor Belt,Warehouse C,2022-08-19,"Structural resonance observed at 3000 RPM, bolts found loose on baseplate",vibration,2,Mechanical Seal Leak,Medium,37.0,13.0,17.8,None - monitoring,0.716,0.98,0.73,0.57,0.55
WO-00068,EQ-0014,Cooling Tower,Plant B - Line 1,2023-05-06,"Mechanical seal leaking at shaft interface, fluid loss approx 18 ml/hr",seal_leak,1,Vibration & Imbalance,Medium,86.0,5.2,7.1,Contactor 3RT2,0.772,0.97,0.47,1.0,0.69
WO-00069,EQ-0016,Air Compressor,Warehouse C,2023-04-26,"Earth leakage current 53.7mA detected, isolation check required",electrical_fault,5,Electrical Fault,High,,5.5,1.7,None - monitoring,0.658,0.33,0.92,0.87,0.41
WO-00070,EQ-0036,Gearbox,Plant A - Line 1,2023-10-20,"Wrong lubricant grade used during last service, compatibility issue",lubrication,6,Corrosion & Erosion,Low,,7.6,8.4,O-ring set,0.653,0.4,0.73,0.59,0.93
WO-00071,EQ-0042,Electric Motor,Plant A - Line 1,2022-03-03,"Wrong lubricant grade used during last service, compatibility issue",lubrication,6,Corrosion & Erosion,Low,,10.8,10.0,Impeller,0.553,0.31,0.72,0.71,0.41
WO-00072,EQ-0047,Air Compressor,Utilities Block,2023-01-18,"Dynamic seal failure suspected, pressure drop of 11% noted in system",seal_leak,7,Cluster 7,Medium,,7.6,2.8,Oil filter + 5L oil,0.858,0.78,0.91,0.83,0.91
WO-00073,EQ-0049,Cooling Tower,Utilities Block,2022-08-24,"Bearing play exceeding tolerance, axial movement of 1.01mm observed",bearing_wear,11,Cluster 11,Medium,178.0,14.3,10.2,Mechanical seal kit,0.716,0.78,0.57,0.77,0.79
WO-00074,EQ-0012,Conveyor Belt,Warehouse C,2022-05-24,"Oil analysis shows high iron content 326 ppm, internal wear indicated",lubrication,11,Cluster 11,Low,,11.2,1.3,Bearing 6205-2RS,0.542,0.37,0.54,0.54,0.76
WO-00075,EQ-0040,Gearbox,Plant A - Line 1,2022-10-30,"Grease nipple blocked, bearing running dry for estimated 31 days",lubrication,2,Mechanical Seal Leak,Low,,11.6,1.4,None - monitoring,0.77,0.8,0.78,0.87,0.59
WO-00076,EQ-0007,Heat Exchanger,Utilities Block,2022-10-02,"High-pitched squealing noise from bearing assembly, lubrication appears insufficient. Additionally, capacitor bank showing reduced capacitance, power factor 0.64 below target",bearing_wear,12,Cluster 12,Medium,17.0,3.1,1.3,Impeller,0.807,0.85,0.62,0.97,0.83
WO-00077,EQ-0032,Electric Motor,Plant A - Line 2,2023-12-13,"Unbalance detected on rotating assembly, vibration 6.9 mm/s 1X component",vibration,3,Overheating,Medium,81.0,3.3,2.0,Oil filter + 5L oil,0.856,0.81,0.78,0.98,0.87
WO-00078,EQ-0021,Gearbox,Plant B - Line 3,2023-12-11,"Gearbox oil temperature 115°C, possible cooler blockage",overheating,2,Mechanical Seal Leak,High,105.0,10.9,2.3,Contactor 3RT2,0.57,0.48,0.49,0.71,0.63
WO-00079,EQ-0029,Conveyor Belt,Plant A - Line 1,2022-12-30,"Grease nipple blocked, bearing running dry for estimated 29 days",lubrication,2,Mechanical Seal Leak,Low,157.0,1.2,1.8,Coupling insert,0.682,0.98,0.66,0.51,0.56
WO-00080,EQ-0033,Centrifugal Pump,Warehouse C,2022-03-29,"VFD fault code F4 logged, overcurrent on deceleration",electrical_fault,7,Cluster 7,High,37.0,5.9,3.0,Capacitor 40µF,0.711,0.64,0.69,0.72,0.82
WO-00081,EQ-0021,Gearbox,Plant B - Line 3,2023-02-19,"Unusual noise detected in bearing housing, suspected wear on inner race",bearing_wear,5,Electrical Fault,Medium,,3.4,3.4,Bearing 6205-2RS,0.796,0.82,0.93,0.72,0.66
WO-00082,EQ-0001,Air Compressor,Plant A - Line 1,2023-10-17,"Phase imbalance detected, current draw 11% higher on L2",electrical_fault,5,Electrical Fault,High,100.0,10.0,8.8,Coupling insert,0.845,0.89,0.77,0.91,0.82
WO-00083,EQ-0020,Electric Motor,Warehouse C,2023-05-14,"Wrong lubricant grade used during last service, compatibility issue",lubrication,6,Corrosion & Erosion,Low,,11.2,10.8,Capacitor 40µF,0.606,0.42,0.57,0.59,0.91
WO-00084,EQ-0040,Gearbox,Plant A - Line 1,2023-07-11,"High-pitched squealing noise from bearing assembly, lubrication appears insufficient. Additionally, lubricant contamination detected, water content 34% above limit",bearing_wear,12,Cluster 12,Medium,,6.2,7.7,Impeller,0.785,0.68,0.99,0.55,0.9
WO-00085,EQ-0049,Cooling Tower,Utilities Block,2023-06-11,"O-ring compression set failure, intermittent leak under high pressure. Additionally, o-ring compression set failure, intermittent leak under high pressure",seal_leak,7,Cluster 7,Medium,,11.0,1.6,Bearing 6205-2RS,0.848,0.99,0.92,0.56,0.92
WO-00086,EQ-0016,Air Compressor,Warehouse C,2023-02-17,"High-pitched squealing noise from bearing assembly, lubrication appears insufficient",bearing_wear,12,Cluster 12,Medium,72.0,11.3,14.9,Impeller,0.643,0.53,0.4,0.89,0.84
WO-00087,EQ-0047,Air Compressor,Utilities Block,2023-05-12,"Oil viscosity out of specification, degraded due to thermal cycling",lubrication,9,Cluster 9,Low,,14.4,16.5,Mechanical seal kit,0.774,0.74,0.9,0.51,0.96
WO-00088,EQ-0011,Cooling Tower,Plant A - Line 1,2022-01-10,"Motor winding temperature reached 92°C, thermal protection triggered. Additionally, belt tension incorrect causing vibration and premature wear",overheating,0,Bearing Wear & Noise,High,88.0,13.2,19.6,O-ring set,0.631,0.63,0.54,0.54,0.88
WO-00089,EQ-0007,Heat Exchanger,Utilities Block,2022-06-05,"Dynamic seal failure suspected, pressure drop of 14% noted in system",seal_leak,7,Cluster 7,Medium,,10.0,6.6,Mechanical seal kit,0.684,0.93,0.48,0.56,0.84
WO-00090,EQ-0023,Cooling Tower,Warehouse C,2023-09-14,"Oil analysis shows high iron content 387 ppm, internal wear indicated",lubrication,11,Cluster 11,Low,101.0,5.1,0.4,Impeller,0.597,0.57,0.54,0.82,0.44
WO-00091,EQ-0001,Air Compressor,Plant A - Line 1,2022-02-10,"Oil analysis shows high iron content 350 ppm, internal wear indicated",lubrication,11,Cluster 11,Low,,15.2,9.1,Capacitor 40µF,0.736,0.84,0.65,0.7,0.78
WO-00092,EQ-0035,Electric Motor,Warehouse C,2022-09-02,"Misalignment between motor and gearbox shaft, 10.2 mm/s 2X vibration",vibration,2,Mechanical Seal Leak,Medium,23.0,14.8,2.6,Bearing 6205-2RS,0.696,0.52,0.85,0.87,0.47
WO-00093,EQ-0046,Electric Motor,Plant B - Line 3,2022-04-16,"Unusual noise detected in bearing housing, suspected wear on inner race. Additionally, grease nipple blocked, bearing running dry for estimated 39 days",bearing_wear,5,Electrical Fault,Medium,,10.9,1.9,Bearing 6205-2RS,0.65,0.33,0.92,0.62,0.68
WO-00094,EQ-0025,Centrifugal Pump,Plant A - Line 1,2022-02-23,"Lubricant contamination detected, water content 19% above limit",lubrication,6,Corrosion & Erosion,Low,133.0,15.7,22.5,Impeller,0.74,0.91,0.86,0.66,0.45
WO-00095,EQ-0030,Gearbox,Plant A - Line 1,2022-01-07,"Bearing temperature elevated to 83°C during operation, vibration increasing",bearing_wear,2,Mechanical Seal Leak,Medium,,0.9,0.7,Coupling insert,0.71,0.3,0.79,0.92,0.84
WO-00096,EQ-0007,Heat Exchanger,Utilities Block,2023-08-18,"Oil seepage observed around pump casing seal, minor pooling on floor",seal_leak,9,Cluster 9,Medium,35.0,10.4,6.2,Bearing 6205-2RS,0.711,0.6,0.98,0.62,0.56
WO-00097,EQ-0021,Gearbox,Plant B - Line 3,2023-02-21,"Grease nipple blocked, bearing running dry for estimated 31 days",lubrication,2,Mechanical Seal Leak,Low,92.0,15.5,4.8,Impeller,0.57,0.49,0.47,0.58,0.81
WO-00098,EQ-0046,Electric Motor,Plant B - Line 3,2023-07-24,"Insulation resistance measured at 26 MΩ, below 100 MΩ minimum",electrical_fault,10,Cluster 10,High,,4.4,3.0,Mechanical seal kit,0.691,0.31,0.9,0.99,0.48
WO-00099,EQ-0026,Cooling Tower,Warehouse C,2023-09-27,"Electrical cabinet temperature 106°C due to failed ventilation fan. Additionally, motor winding resistance out of tolerance, possible turn-to-turn short",overheating,11,Cluster 11,High,,10.5,7.9,Impeller,0.502,0.34,0.57,0.57,0.52
WO-00100,EQ-0034,Air Compressor,Plant B - Line 1,2022-01-31,"O-ring compression set failure, intermittent leak under high pressure",seal_leak,7,Cluster 7,Medium,,12.6,1.1,Capacitor 40µF,0.617,0.55,0.75,0.62,0.5
WO-00101,EQ-0016,Air Compressor,Warehouse C,2023-12-16,"Contactor pitting observed, intermittent contact causing voltage dips",electrical_fault,0,Bearing Wear & Noise,High,152.0,0.9,0.9,O-ring set,0.759,0.69,0.51,0.99,0.93
WO-00102,EQ-0032,Electric Motor,Plant A - Line 2,2022-04-14,"Unbalance detected on rotating assembly, vibration 2.9 mm/s 1X component. Additionally, automatic lubrication system failed, manual greasing required",vibration,3,Overheating,Medium,83.0,2.6,0.6,Impeller,0.746,0.75,0.5,0.98,0.82
WO-00103,EQ-0040,Gearbox,Plant A - Line 1,2023-09-19,Internal corrosion found on heat exchanger tubes during inspection,corrosion,8,Cluster 8,Low,145.0,2.1,1.6,Mechanical seal kit,0.746,0.47,0.99,0.58,0.93
WO-00104,EQ-0006,Gearbox,Warehouse C,2023-03-06,Corrosion under insulation (CUI) suspected on horizontal pipe section,corrosion,10,Cluster 10,Low,,14.2,10.5,Coupling insert,0.677,0.68,0.46,0.74,0.92
WO-00105,EQ-0042,Electric Motor,Plant A - Line 1,2022-04-06,Internal corrosion found on heat exchanger tubes during inspection,corrosion,8,Cluster 8,Low,158.0,14.3,15.1,O-ring set,0.633,0.73,0.66,0.53,0.6
WO-00106,EQ-0013,Electric Motor,Plant B - Line 1,2022-10-29,"Compressor discharge temperature 111°C, intercooler bypass suspected",overheating,2,Mechanical Seal Leak,High,,10.2,7.3,Bearing 6205-2RS,0.727,0.44,0.78,0.99,0.68
WO-00107,EQ-0008,Heat Exchanger,Plant A - Line 2,2022-08-20,"Seal face wear visible during inspection, scoring on stationary ring",seal_leak,7,Cluster 7,Medium,,9.2,2.1,Mechanical seal kit,0.804,0.77,0.88,0.71,0.85
WO-00108,EQ-0015,Conveyor Belt,Plant B - Line 1,2023-08-09,"Impeller damage suspected, broadband vibration increase 8.7 mm/s",vibration,3,Overheating,Medium,,10.1,1.8,O-ring set,0.646,0.96,0.5,0.61,0.52
WO-00109,EQ-0003,Cooling Tower,Plant A - Line 1,2023-06-17,Electrical cabinet temperature 92°C due to failed ventilation fan,overheating,2,Mechanical Seal Leak,High,4.0,12.7,11.9,None - monitoring,0.587,0.38,0.49,0.78,0.75
WO-00110,EQ-0007,Heat Exchanger,Utilities Block,2022-11-07,"Wrong lubricant grade used during last service, compatibility issue. Additionally, earth leakage current 40.6ma detected, isolation check required",lubrication,6,Corrosion & Erosion,Low,126.0,13.8,14.2,O-ring set,0.723,0.51,0.85,0.89,0.59
WO-00111,EQ-0047,Air Compressor,Utilities Block,2023-06-21,Electrical cabinet temperature 70°C due to failed ventilation fan,overheating,2,Mechanical Seal Leak,High,,0.9,0.3,Bearing 6205-2RS,0.722,0.47,0.67,0.96,0.82
WO-00112,EQ-0018,Electric Motor,Utilities Block,2023-10-30,"Overheating on drive-end bearing, infrared scan shows hot spot at 97°C. Additionally, electrical cabinet temperature 118°c due to failed ventilation fan",overheating,11,Cluster 11,High,6.0,13.9,20.2,Impeller,0.754,0.94,0.79,0.8,0.41
WO-00113,EQ-0017,Electric Motor,Plant A - Line 2,2023-12-30,"Misalignment between motor and gearbox shaft, 12.3 mm/s 2X vibration. Additionally, coating failure on tank exterior, rust streaks visible below insulation",vibration,7,Cluster 7,Medium,,10.6,3.0,Contactor 3RT2,0.874,0.93,0.88,0.9,0.76
WO-00114,EQ-0043,Air Compressor,Plant A - Line 1,2023-07-02,"Oil seepage observed around pump casing seal, minor pooling on floor",seal_leak,9,Cluster 9,Medium,,7.9,11.1,Capacitor 40µF,0.631,0.51,0.5,0.83,0.73
WO-00115,EQ-0019,Centrifugal Pump,Plant B - Line 1,2023-04-20,"Bearing temperature elevated to 112°C during operation, vibration increasing",bearing_wear,2,Mechanical Seal Leak,Medium,,7.8,10.1,Mechanical seal kit,0.616,0.63,0.52,0.56,0.81
WO-00116,EQ-0034,Air Compressor,Plant B - Line 1,2022-07-01,"Mechanical seal leaking at shaft interface, fluid loss approx 92 ml/hr",seal_leak,1,Vibration & Imbalance,Medium,15.0,0.6,0.2,O-ring set,0.707,0.64,0.86,0.54,0.77
WO-00117,EQ-0041,Conveyor Belt,Plant A - Line 1,2023-12-12,"Overheating on drive-end bearing, infrared scan shows hot spot at 95°C",overheating,11,Cluster 11,High,,5.3,0.8,Oil filter + 5L oil,0.648,0.42,0.89,0.65,0.57
WO-00118,EQ-0047,Air Compressor,Utilities Block,2022-08-05,"Cavitation noise and vibration in pump, inlet pressure below NPSH",vibration,4,Lubrication Issue,Medium,,9.6,2.4,Bearing 6205-2RS,0.75,0.56,0.78,0.89,0.77
WO-00119,EQ-0039,Hydraulic Press,Plant B - Line 3,2022-04-14,"Oil viscosity out of specification, degraded due to thermal cycling",lubrication,9,Cluster 9,Low,,4.7,4.3,None - monitoring,0.667,0.88,0.46,0.86,0.47
WO-00120,EQ-0008,Heat Exchanger,Plant A - Line 2,2022-10-31,"Galvanic corrosion at dissimilar metal joint, wall thickness reduced. Additionally, surface corrosion on pipe flanges, pitting depth approx 2.1mm",corrosion,10,Cluster 10,Low,13.0,2.0,0.5,Oil filter + 5L oil,0.652,0.55,0.81,0.71,0.47
WO-00121,EQ-0049,Cooling Tower,Utilities Block,2022-10-06,"Oil level low in gearbox sight glass, top-up of 2.3L required",lubrication,2,Mechanical Seal Leak,Low,,11.2,8.0,O-ring set,0.668,0.38,0.82,0.53,0.97
WO-00122,EQ-0011,Cooling Tower,Plant A - Line 1,2023-12-19,"Metal particles found in oil sample, bearing degradation confirmed. Additionally, structural resonance observed at 3000 rpm, bolts found loose on baseplate",bearing_wear,11,Cluster 11,Medium,,7.2,7.8,Coupling insert,0.746,0.76,0.78,0.57,0.9
WO-00123,EQ-0040,Gearbox,Plant A - Line 1,2022-08-29,"Bearing vibration amplitude 9.5 mm/s RMS, trending upward over last 34 days",bearing_wear,3,Overheating,Medium,114.0,12.9,8.7,Impeller,0.726,0.52,0.99,0.87,0.41
WO-00124,EQ-0026,Cooling Tower,Warehouse C,2022-12-06,"Compressor discharge temperature 100°C, intercooler bypass suspected",overheating,2,Mechanical Seal Leak,High,159.0,9.8,10.5,Impeller,0.626,0.38,0.86,0.61,0.6
WO-00125,EQ-0041,Conveyor Belt,Plant A - Line 1,2023-02-07,"Oil analysis shows high iron content 150 ppm, internal wear indicated",lubrication,11,Cluster 11,Low,49.0,11.6,1.9,Bearing 6205-2RS,0.877,0.95,0.9,0.79,0.86
WO-00126,EQ-0029,Conveyor Belt,Plant A - Line 1,2023-04-09,"Compressor discharge temperature 97°C, intercooler bypass suspected. Additionally, lubricant contamination detected, water content 29% above limit",overheating,2,Mechanical Seal Leak,High,,2.6,2.3,Oil filter + 5L oil,0.775,0.89,0.73,0.66,0.84
WO-00127,EQ-0036,Gearbox,Plant A - Line 1,2023-11-15,"Unbalance detected on rotating assembly, vibration 6.6 mm/s 1X component",vibration,3,Overheating,Medium,,11.0,14.7,Oil filter + 5L oil,0.642,0.91,0.65,0.51,0.46
WO-00128,EQ-0025,Centrifugal Pump,Plant A - Line 1,2023-09-23,"Bearing vibration amplitude 14.0 mm/s RMS, trending upward over last 13 days",bearing_wear,3,Overheating,Medium,,12.0,15.6,None - monitoring,0.718,0.47,0.87,0.9,0.57
WO-00129,EQ-0043,Air Compressor,Plant A - Line 1,2023-08-26,"Bearing play exceeding tolerance, axial movement of 1.1mm observed",bearing_wear,11,Cluster 11,Medium,155.0,3.5,3.8,Oil filter + 5L oil,0.78,0.61,0.99,0.54,0.98
WO-00130,EQ-0048,Cooling Tower,Plant B - Line 3,2023-10-03,"Structural resonance observed at 750 RPM, bolts found loose on baseplate",vibration,2,Mechanical Seal Leak,Medium,,10.8,7.9,Capacitor 40µF,0.67,0.55,0.87,0.66,0.53
WO-00131,EQ-0012,Conveyor Belt,Warehouse C,2023-10-27,"Impeller damage suspected, broadband vibration increase 10.7 mm/s",vibration,3,Overheating,Medium,172.0,5.9,2.1,Contactor 3RT2,0.84,0.97,0.81,0.66,0.95
WO-00132,EQ-0008,Heat Exchanger,Plant A - Line 2,2022-03-15,"Compressor discharge temperature 111°C, intercooler bypass suspected. Additionally, wrong lubricant grade used during last service, compatibility issue",overheating,6,Corrosion & Erosion,High,,2.9,2.0,Bearing 6205-2RS,0.59,0.36,0.43,0.9,0.73
WO-00133,EQ-0037,Gearbox,Warehouse C,2023-12-19,"Rust deposits blocking strainer, pressure differential 24 PSI across filter",corrosion,4,Lubrication Issue,Low,,6.0,4.5,Oil filter + 5L oil,0.717,0.72,0.57,0.96,0.63
WO-00134,EQ-0043,Air Compressor,Plant A - Line 1,2023-10-24,"Bearing temperature elevated to 99°C during operation, vibration increasing. Additionally, wrong lubricant grade used during last service, compatibility issue",bearing_wear,6,Corrosion & Erosion,Medium,,2.7,0.7,Oil filter + 5L oil,0.67,0.44,0.51,0.9,0.91
WO-00135,EQ-0049,Cooling Tower,Utilities Block,2022-10-19,"Wrong lubricant grade used during last service, compatibility issue",lubrication,6,Corrosion & Erosion,Low,,14.5,6.9,Coupling insert,0.702,0.73,0.58,0.79,0.74
WO-00136,EQ-0024,Heat Exchanger,Warehouse C,2023-07-19,"Galvanic corrosion at dissimilar metal joint, wall thickness reduced",corrosion,10,Cluster 10,Low,166.0,9.9,12.5,Capacitor 40µF,0.732,0.44,0.84,0.81,0.84
WO-00137,EQ-0002,Heat Exchanger,Utilities Block,2023-08-27,Corrosion under insulation (CUI) suspected on horizontal pipe section,corrosion,10,Cluster 10,Low,,5.0,3.5,Mechanical seal kit,0.744,0.58,0.7,0.83,0.91
WO-00138,EQ-0040,Gearbox,Plant A - Line 1,2023-08-07,"Capacitor bank showing reduced capacitance, power factor 0.79 below target. Additionally, lip seal deteriorated, grease escaping from gearbox output shaft",electrical_fault,2,Mechanical Seal Leak,High,168.0,6.4,5.6,Capacitor 40µF,0.694,0.48,0.98,0.61,0.64
WO-00139,EQ-0023,Cooling Tower,Warehouse C,2023-11-08,"Structural resonance observed at 750 RPM, bolts found loose on baseplate",vibration,2,Mechanical Seal Leak,Medium,85.0,11.7,8.5,Impeller,0.574,0.45,0.5,0.92,0.41
WO-00140,EQ-0003,Cooling Tower,Plant A - Line 1,2023-11-09,"Metal particles found in oil sample, bearing degradation confirmed",bearing_wear,11,Cluster 11,Medium,,15.2,4.9,Impeller,0.76,0.91,0.5,0.92,0.76
WO-00141,EQ-0038,Cooling Tower,Plant A - Line 2,2023-09-13,Internal corrosion found on heat exchanger tubes during inspection,corrosion,8,Cluster 8,Low,122.0,14.5,13.0,Capacitor 40µF,0.741,0.83,0.46,0.83,0.94
WO-00142,EQ-0035,Electric Motor,Warehouse C,2023-12-15,"Coating failure on tank exterior, rust streaks visible below insulation",corrosion,7,Cluster 7,Low,109.0,2.6,1.9,Mechanical seal kit,0.681,0.5,0.93,0.7,0.51
WO-00143,EQ-0046,Electric Motor,Plant B - Line 3,2023-08-02,"Insulation resistance measured at 27 MΩ, below 100 MΩ minimum",electrical_fault,10,Cluster 10,High,71.0,15.9,9.5,None - monitoring,0.687,0.69,0.73,0.59,0.74
WO-00144,EQ-0031,Heat Exchanger,Warehouse C,2023-07-18,"Dynamic seal failure suspected, pressure drop of 12% noted in system",seal_leak,7,Cluster 7,Medium,,11.1,0.9,Bearing 6205-2RS,0.819,0.86,0.89,0.74,0.76
WO-00145,EQ-0006,Gearbox,Warehouse C,2023-11-04,"Bearing temperature elevated to 88°C during operation, vibration increasing",bearing_wear,2,Mechanical Seal Leak,Medium,,8.5,2.5,Capacitor 40µF,0.556,0.66,0.54,0.58,0.42
WO-00146,EQ-0016,Air Compressor,Warehouse C,2023-07-27,"Phase imbalance detected, current draw 30% higher on L2",electrical_fault,5,Electrical Fault,High,,5.9,8.5,Contactor 3RT2,0.724,0.72,0.52,0.96,0.74
WO-00147,EQ-0017,Electric Motor,Plant A - Line 2,2022-12-14,"Metal particles found in oil sample, bearing degradation confirmed",bearing_wear,11,Cluster 11,Medium,,7.6,5.3,Bearing 6205-2RS,0.672,0.64,0.55,0.69,0.87
WO-00148,EQ-0015,Conveyor Belt,Plant B - Line 1,2022-12-31,"Phase imbalance detected, current draw 5% higher on L2. Additionally, heat exchanger fouling reducing efficiency, outlet temp 78°c above setpoint",electrical_fault,8,Cluster 8,High,28.0,2.4,0.3,Bearing 6205-2RS,0.692,0.83,0.72,0.52,0.69
WO-00149,EQ-0040,Gearbox,Plant A - Line 1,2023-12-04,"Lip seal deteriorated, grease escaping from gearbox output shaft",seal_leak,2,Mechanical Seal Leak,Medium,,7.6,1.4,Impeller,0.589,0.52,0.41,0.84,0.63
WO-00150,EQ-0007,Heat Exchanger,Utilities Block,2023-04-07,"Lip seal deteriorated, grease escaping from gearbox output shaft",seal_leak,2,Mechanical Seal Leak,Medium,34.0,15.7,16.2,Oil filter + 5L oil,0.77,0.86,0.73,0.93,0.52
WO-00151,EQ-0048,Cooling Tower,Plant B - Line 3,2022-12-26,"Grease discolouration and hardening noted around bearing cap. Additionally, o-ring compression set failure, intermittent leak under high pressure",bearing_wear,7,Cluster 7,Medium,,15.4,4.6,Capacitor 40µF,0.696,0.42,0.87,0.68,0.8
WO-00152,EQ-0032,Electric Motor,Plant A - Line 2,2023-10-31,"Galvanic corrosion at dissimilar metal joint, wall thickness reduced",corrosion,10,Cluster 10,Low,69.0,9.9,5.9,Coupling insert,0.7,0.82,0.71,0.73,0.5
WO-00153,EQ-0002,Heat Exchanger,Utilities Block,2022-03-27,"Bearing temperature elevated to 107°C during operation, vibration increasing",bearing_wear,2,Mechanical Seal Leak,Medium,159.0,2.9,2.8,Oil filter + 5L oil,0.643,0.46,0.84,0.72,0.48
WO-00154,EQ-0034,Air Compressor,Plant B - Line 1,2023-10-14,"Surface corrosion on pipe flanges, pitting depth approx 1.69mm",corrosion,10,Cluster 10,Low,,7.2,6.9,Oil filter + 5L oil,0.684,0.94,0.69,0.61,0.45
WO-00155,EQ-0020,Electric Motor,Warehouse C,2022-10-27,"Heat exchanger fouling reducing efficiency, outlet temp 74°C above setpoint",overheating,8,Cluster 8,High,2.0,9.0,2.5,None - monitoring,0.638,0.58,0.5,0.87,0.63
WO-00156,EQ-0025,Centrifugal Pump,Plant A - Line 1,2023-10-15,"Mechanical seal leaking at shaft interface, fluid loss approx 182 ml/hr",seal_leak,1,Vibration & Imbalance,Medium,116.0,4.7,4.4,Coupling insert,0.501,0.31,0.43,0.77,0.51
WO-00157,EQ-0007,Heat Exchanger,Utilities Block,2022-09-12,"Oil seepage observed around pump casing seal, minor pooling on floor. Additionally, grease discolouration and hardening noted around bearing cap",seal_leak,9,Cluster 9,Medium,114.0,4.3,6.4,Impeller,0.654,0.81,0.46,0.83,0.53
WO-00158,EQ-0025,Centrifugal Pump,Plant A - Line 1,2023-03-21,"Contactor pitting observed, intermittent contact causing voltage dips",electrical_fault,0,Bearing Wear & Noise,High,43.0,12.8,11.2,Contactor 3RT2,0.567,0.31,0.43,0.89,0.69
WO-00159,EQ-0039,Hydraulic Press,Plant B - Line 3,2023-10-23,Grease discolouration and hardening noted around bearing cap,bearing_wear,2,Mechanical Seal Leak,Medium,,13.0,8.6,Bearing 6205-2RS,0.708,0.78,0.61,0.57,0.94
WO-00160,EQ-0032,Electric Motor,Plant A - Line 2,2023-11-06,"VFD fault code F77 logged, overcurrent on deceleration. Additionally, gearbox oil temperature 81°c, possible cooler blockage",electrical_fault,2,Mechanical Seal Leak,High,,13.2,3.8,Capacitor 40µF,0.566,0.41,0.57,0.7,0.59
WO-00161,EQ-0007,Heat Exchanger,Utilities Block,2022-09-20,"Excessive vibration on pump casing, amplitude 4.1 mm/s at 1500 RPM",vibration,9,Cluster 9,Medium,57.0,9.9,1.1,Impeller,0.846,0.95,0.9,0.73,0.78
WO-00162,EQ-0024,Heat Exchanger,Warehouse C,2023-01-30,"Structural resonance observed at 750 RPM, bolts found loose on baseplate",vibration,2,Mechanical Seal Leak,Medium,135.0,10.7,9.1,Capacitor 40µF,0.694,0.82,0.65,0.55,0.78
WO-00163,EQ-0023,Cooling Tower,Warehouse C,2022-11-29,"Earth leakage current 54.3mA detected, isolation check required",electrical_fault,5,Electrical Fault,High,,6.9,6.6,Contactor 3RT2,0.744,0.69,0.53,0.88,0.96
WO-00164,EQ-0017,Electric Motor,Plant A - Line 2,2022-09-20,"Overheating on drive-end bearing, infrared scan shows hot spot at 93°C. Additionally, oil viscosity out of specification, degraded due to thermal cycling",overheating,11,Cluster 11,High,,1.9,1.1,Mechanical seal kit,0.794,0.81,0.88,0.59,0.9
WO-00165,EQ-0045,Heat Exchanger,Utilities Block,2023-10-31,"Capacitor bank showing reduced capacitance, power factor 0.82 below target",electrical_fault,2,Mechanical Seal Leak,High,,14.9,14.2,Bearing 6205-2RS,0.544,0.51,0.42,0.77,0.49
WO-00166,EQ-0033,Centrifugal Pump,Warehouse C,2022-02-20,"Phase imbalance detected, current draw 37% higher on L2",electrical_fault,5,Electrical Fault,High,68.0,1.8,1.4,O-ring set,0.639,0.64,0.52,0.7,0.74
WO-00167,EQ-0036,Gearbox,Plant A - Line 1,2022-03-29,"Belt tension incorrect causing vibration and premature wear. Additionally, cooling fan obstructed by debris, motor surface temperature 87°c",vibration,0,Bearing Wear & Noise,Medium,14.0,4.3,4.0,Oil filter + 5L oil,0.597,0.31,0.82,0.56,0.67
WO-00168,EQ-0002,Heat Exchanger,Utilities Block,2022-02-14,"Hydraulic fluid leak at cylinder rod seal, 145 ml/hr estimated loss",seal_leak,8,Cluster 8,Medium,16.0,4.9,5.8,Oil filter + 5L oil,0.573,0.34,0.79,0.5,0.63
WO-00169,EQ-0018,Electric Motor,Utilities Block,2022-11-06,"Earth leakage current 78.2mA detected, isolation check required. Additionally, motor winding resistance out of tolerance, possible turn-to-turn short",electrical_fault,11,Cluster 11,High,129.0,4.8,0.4,None - monitoring,0.771,0.92,0.89,0.51,0.73
WO-00170,EQ-0018,Electric Motor,Utilities Block,2022-11-22,"Dynamic seal failure suspected, pressure drop of 19% noted in system. Additionally, internal corrosion found on heat exchanger tubes during inspection",seal_leak,7,Cluster 7,Medium,137.0,15.2,2.7,O-ring set,0.826,0.81,0.86,0.94,0.65
WO-00171,EQ-0027,Gearbox,Warehouse C,2023-09-03,"Hydraulic fluid leak at cylinder rod seal, 43 ml/hr estimated loss",seal_leak,8,Cluster 8,Medium,176.0,0.9,0.1,O-ring set,0.729,0.65,0.76,0.86,0.62
WO-00172,EQ-0025,Centrifugal Pump,Plant A - Line 1,2023-09-24,"Unbalance detected on rotating assembly, vibration 2.5 mm/s 1X component",vibration,3,Overheating,Medium,84.0,13.9,18.5,None - monitoring,0.832,0.84,0.76,0.91,0.83
WO-00173,EQ-0026,Cooling Tower,Warehouse C,2023-07-26,Belt tension incorrect causing vibration and premature wear,vibration,0,Bearing Wear & Noise,Medium,162.0,15.4,4.4,None - monitoring,0.748,0.92,0.86,0.64,0.5
WO-00174,EQ-0019,Centrifugal Pump,Plant B - Line 1,2022-01-26,"Excessive vibration on pump casing, amplitude 4.3 mm/s at 3000 RPM",vibration,9,Cluster 9,Medium,152.0,14.4,19.3,Mechanical seal kit,0.78,0.48,0.82,0.95,0.88
WO-00175,EQ-0046,Electric Motor,Plant B - Line 3,2023-11-07,"Insulation resistance measured at 40 MΩ, below 100 MΩ minimum",electrical_fault,10,Cluster 10,High,,3.0,0.7,None - monitoring,0.741,0.52,0.84,0.98,0.57
WO-00176,EQ-0012,Conveyor Belt,Warehouse C,2023-02-24,"Bearing temperature elevated to 77°C during operation, vibration increasing",bearing_wear,2,Mechanical Seal Leak,Medium,154.0,9.8,3.6,Oil filter + 5L oil,0.715,0.73,0.73,0.91,0.43
WO-00177,EQ-0010,Hydraulic Press,Plant A - Line 1,2023-12-18,"High-pitched squealing noise from bearing assembly, lubrication appears insufficient",bearing_wear,12,Cluster 12,Medium,144.0,3.2,2.2,Coupling insert,0.662,0.95,0.46,0.65,0.62
WO-00178,EQ-0025,Centrifugal Pump,Plant A - Line 1,2023-10-07,"Coating failure on tank exterior, rust streaks visible below insulation",corrosion,7,Cluster 7,Low,23.0,8.0,8.3,None - monitoring,0.75,0.73,0.59,0.76,1.0
WO-00179,EQ-0023,Cooling Tower,Warehouse C,2022-08-01,"Wrong lubricant grade used during last service, compatibility issue",lubrication,6,Corrosion & Erosion,Low,,16.0,9.9,Coupling insert,0.638,0.69,0.78,0.51,0.52
WO-00180,EQ-0019,Centrifugal Pump,Plant B - Line 1,2023-11-20,"Mechanical seal leaking at shaft interface, fluid loss approx 34 ml/hr",seal_leak,1,Vibration & Imbalance,Medium,122.0,12.9,12.5,O-ring set,0.78,0.74,0.94,0.77,0.6
WO-00181,EQ-0027,Gearbox,Warehouse C,2022-09-01,"Oil level low in gearbox sight glass, top-up of 1.8L required. Additionally, belt tension incorrect causing vibration and premature wear",lubrication,0,Bearing Wear & Noise,Low,78.0,3.9,1.8,Coupling insert,0.848,0.85,0.87,0.96,0.67
WO-00182,EQ-0002,Heat Exchanger,Utilities Block,2022-11-16,"Chemical attack on pump impeller, material loss estimated 25%. Additionally, belt tension incorrect causing vibration and premature wear",corrosion,0,Bearing Wear & Noise,Low,,3.8,1.1,Oil filter + 5L oil,0.747,0.67,0.86,0.84,0.56
WO-00183,EQ-0011,Cooling Tower,Plant A - Line 1,2022-12-13,"Mechanical seal leaking at shaft interface, fluid loss approx 94 ml/hr",seal_leak,1,Vibration & Imbalance,Medium,13.0,2.5,1.8,Mechanical seal kit,0.616,0.57,0.45,0.7,0.82
WO-00184,EQ-0038,Cooling Tower,Plant A - Line 2,2023-10-22,Belt tension incorrect causing vibration and premature wear,vibration,0,Bearing Wear & Noise,Medium,,7.7,2.7,O-ring set,0.824,0.9,0.77,0.96,0.64
WO-00185,EQ-0045,Heat Exchanger,Utilities Block,2023-05-09,"Oil analysis shows high iron content 228 ppm, internal wear indicated. Additionally, bearing play exceeding tolerance, axial movement of 1.81mm observed",lubrication,11,Cluster 11,Low,88.0,3.7,3.9,None - monitoring,0.67,0.7,0.61,0.85,0.5
WO-00186,EQ-0043,Air Compressor,Plant A - Line 1,2023-01-24,"Bearing vibration amplitude 3.8 mm/s RMS, trending upward over last 41 days",bearing_wear,3,Overheating,Medium,166.0,10.7,1.5,Bearing 6205-2RS,0.744,0.83,0.8,0.73,0.57
WO-00187,EQ-0040,Gearbox,Plant A - Line 1,2022-05-11,"Unbalance detected on rotating assembly, vibration 7.1 mm/s 1X component",vibration,3,Overheating,Medium,,1.5,2.0,Bearing 6205-2RS,0.819,0.79,0.89,0.68,0.92
WO-00188,EQ-0002,Heat Exchanger,Utilities Block,2023-03-04,"Hydraulic fluid leak at cylinder rod seal, 108 ml/hr estimated loss",seal_leak,8,Cluster 8,Medium,172.0,2.4,0.0,O-ring set,0.785,0.8,0.69,0.72,0.99
WO-00189,EQ-0006,Gearbox,Warehouse C,2023-08-15,Grease discolouration and hardening noted around bearing cap,bearing_wear,2,Mechanical Seal Leak,Medium,61.0,11.5,4.6,Coupling insert,0.515,0.32,0.42,0.74,0.62
WO-00190,EQ-0038,Cooling Tower,Plant A - Line 2,2022-10-29,"Belt tension incorrect causing vibration and premature wear. Additionally, chemical attack on pump impeller, material loss estimated 5%",vibration,0,Bearing Wear & Noise,Medium,10.0,11.3,10.1,Oil filter + 5L oil,0.52,0.34,0.68,0.58,0.43
WO-00191,EQ-0019,Centrifugal Pump,Plant B - Line 1,2022-06-04,"Chemical attack on pump impeller, material loss estimated 22%",corrosion,8,Cluster 8,Low,,6.2,1.6,Impeller,0.652,0.43,0.72,0.52,0.99
WO-00192,EQ-0010,Hydraulic Press,Plant A - Line 1,2022-04-29,"Impeller damage suspected, broadband vibration increase 14.0 mm/s",vibration,3,Overheating,Medium,119.0,6.7,3.0,Contactor 3RT2,0.671,0.57,0.82,0.74,0.49
WO-00193,EQ-0028,Air Compressor,Utilities Block,2022-10-01,Grease discolouration and hardening noted around bearing cap,bearing_wear,2,Mechanical Seal Leak,Medium,,4.5,3.9,Contactor 3RT2,0.698,0.81,0.75,0.6,0.6
WO-00194,EQ-0045,Heat Exchanger,Utilities Block,2022-07-09,"Oil analysis shows high iron content 195 ppm, internal wear indicated. Additionally, insulation resistance measured at 6 mω, below 100 mω minimum",lubrication,11,Cluster 11,Low,,11.3,4.3,Mechanical seal kit,0.764,0.75,0.95,0.64,0.66
WO-00195,EQ-0043,Air Compressor,Plant A - Line 1,2023-09-17,"Rust deposits blocking strainer, pressure differential 19 PSI across filter",corrosion,4,Lubrication Issue,Low,166.0,8.1,1.7,Contactor 3RT2,0.612,0.73,0.46,0.72,0.56
WO-00196,EQ-0003,Cooling Tower,Plant A - Line 1,2023-05-18,"Metal particles found in oil sample, bearing degradation confirmed",bearing_wear,11,Cluster 11,Medium,104.0,13.6,15.9,Capacitor 40µF,0.688,0.46,0.63,0.84,0.87
WO-00197,EQ-0008,Heat Exchanger,Plant A - Line 2,2023-08-31,"Misalignment between motor and gearbox shaft, 8.4 mm/s 2X vibration. Additionally, bearing play exceeding tolerance, axial movement of 0.56mm observed",vibration,11,Cluster 11,Medium,100.0,1.5,1.2,Impeller,0.817,0.67,0.9,0.72,1.0
WO-00198,EQ-0003,Cooling Tower,Plant A - Line 1,2022-06-24,"Dynamic seal failure suspected, pressure drop of 38% noted in system. Additionally, seal face wear visible during inspection, scoring on stationary ring",seal_leak,7,Cluster 7,Medium,,1.5,1.8,Impeller,0.648,0.72,0.77,0.53,0.52
WO-00199,EQ-0022,Heat Exchanger,Plant A - Line 2,2022-06-22,Corrosion under insulation (CUI) suspected on horizontal pipe section,corrosion,10,Cluster 10,Low,,9.1,6.0,Bearing 6205-2RS,0.69,0.39,0.87,0.82,0.63
WO-00200,EQ-0011,Cooling Tower,Plant A - Line 1,2023-04-07,"Bearing play exceeding tolerance, axial movement of 0.12mm observed",bearing_wear,11,Cluster 11,Medium,45.0,10.0,0.6,Impeller,0.661,0.73,0.45,0.91,0.58
WO-00201,EQ-0027,Gearbox,Warehouse C,2023-04-10,"Bearing temperature elevated to 77°C during operation, vibration increasing. Additionally, hydraulic fluid leak at cylinder rod seal, 45 ml/hr estimated loss",bearing_wear,8,Cluster 8,Medium,14.0,14.8,3.9,Impeller,0.586,0.66,0.44,0.62,0.67
WO-00202,EQ-0038,Cooling Tower,Plant A - Line 2,2023-03-23,"Oil seepage observed around pump casing seal, minor pooling on floor",seal_leak,9,Cluster 9,Medium,157.0,7.6,4.4,Impeller,0.786,0.8,0.78,0.99,0.52
WO-00203,EQ-0009,Cooling Tower,Plant A - Line 1,2023-08-15,"Metal particles found in oil sample, bearing degradation confirmed",bearing_wear,11,Cluster 11,Medium,,13.8,1.8,Impeller,0.705,0.9,0.53,0.74,0.68
WO-00204,EQ-0001,Air Compressor,Plant A - Line 1,2023-05-06,"Earth leakage current 36.3mA detected, isolation check required",electrical_fault,5,Electrical Fault,High,,11.3,1.7,Contactor 3RT2,0.686,0.36,0.85,0.85,0.64
WO-00205,EQ-0014,Cooling Tower,Plant B - Line 1,2023-12-16,"High-pitched squealing noise from bearing assembly, lubrication appears insufficient. Additionally, galvanic corrosion at dissimilar metal joint, wall thickness reduced",bearing_wear,12,Cluster 12,Medium,,8.9,10.6,Coupling insert,0.736,0.82,0.43,0.97,0.8
WO-00206,EQ-0004,Electric Motor,Warehouse C,2023-08-18,"High-pitched squealing noise from bearing assembly, lubrication appears insufficient",bearing_wear,12,Cluster 12,Medium,,11.4,12.9,Coupling insert,0.63,0.55,0.56,0.84,0.57
WO-00207,EQ-0005,Electric Motor,Utilities Block,2022-03-31,"Overheating on drive-end bearing, infrared scan shows hot spot at 96°C",overheating,11,Cluster 11,High,46.0,5.0,7.2,O-ring set,0.74,0.49,0.82,0.75,0.92
WO-00208,EQ-0034,Air Compressor,Plant B - Line 1,2023-06-17,"Oil level low in gearbox sight glass, top-up of 4.4L required",lubrication,2,Mechanical Seal Leak,Low,,6.9,3.5,Impeller,0.79,0.72,0.82,0.92,0.67
WO-00209,EQ-0020,Electric Motor,Warehouse C,2022-06-29,"Impeller damage suspected, broadband vibration increase 6.2 mm/s",vibration,3,Overheating,Medium,,11.2,11.2,O-ring set,0.504,0.47,0.42,0.66,0.48
WO-00210,EQ-0017,Electric Motor,Plant A - Line 2,2023-04-15,"Cooling fan obstructed by debris, motor surface temperature 100°C",overheating,2,Mechanical Seal Leak,High,,2.9,4.2,Capacitor 40µF,0.677,0.53,0.82,0.74,0.57
WO-00211,EQ-0049,Cooling Tower,Utilities Block,2023-01-01,"Wrong lubricant grade used during last service, compatibility issue",lubrication,6,Corrosion & Erosion,Low,15.0,9.9,2.9,Contactor 3RT2,0.71,0.85,0.86,0.6,0.45
WO-00212,EQ-0029,Conveyor Belt,Plant A - Line 1,2022-12-26,"Insulation resistance measured at 43 MΩ, below 100 MΩ minimum",electrical_fault,10,Cluster 10,High,115.0,14.1,1.9,None - monitoring,0.807,0.86,0.57,0.9,0.98
WO-00213,EQ-0028,Air Compressor,Utilities Block,2022-10-07,"Motor winding resistance out of tolerance, possible turn-to-turn short",electrical_fault,11,Cluster 11,High,143.0,7.7,6.6,Contactor 3RT2,0.578,0.43,0.63,0.78,0.43
WO-00214,EQ-0020,Electric Motor,Warehouse C,2022-07-03,"Rust deposits blocking strainer, pressure differential 8 PSI across filter",corrosion,4,Lubrication Issue,Low,177.0,10.5,0.4,Impeller,0.75,1.0,0.44,0.87,0.75
WO-00215,EQ-0037,Gearbox,Warehouse C,2023-01-01,"Heat exchanger fouling reducing efficiency, outlet temp 105°C above setpoint",overheating,8,Cluster 8,High,70.0,6.1,5.8,Bearing 6205-2RS,0.725,0.5,0.72,0.97,0.71
WO-00216,EQ-0050,Electric Motor,Plant A - Line 2,2023-12-31,"Impeller damage suspected, broadband vibration increase 4.7 mm/s. Additionally, contactor pitting observed, intermittent contact causing voltage dips",vibration,3,Overheating,Medium,30.0,7.0,9.6,O-ring set,0.734,0.95,0.69,0.66,0.62
WO-00217,EQ-0029,Conveyor Belt,Plant A - Line 1,2023-03-12,"Wrong lubricant grade used during last service, compatibility issue",lubrication,6,Corrosion & Erosion,Low,,12.7,1.5,None - monitoring,0.588,0.33,0.46,0.9,0.71
WO-00218,EQ-0004,Electric Motor,Warehouse C,2022-06-14,"Heat exchanger fouling reducing efficiency, outlet temp 67°C above setpoint",overheating,8,Cluster 8,High,,12.6,11.6,Mechanical seal kit,0.551,0.37,0.75,0.51,0.53
WO-00219,EQ-0013,Electric Motor,Plant B - Line 1,2023-03-11,"Lubricant contamination detected, water content 37% above limit",lubrication,6,Corrosion & Erosion,Low,59.0,6.8,7.8,Mechanical seal kit,0.682,0.63,0.71,0.75,0.62
WO-00220,EQ-0019,Centrifugal Pump,Plant B - Line 1,2023-11-27,"Excessive vibration on pump casing, amplitude 3.9 mm/s at 1500 RPM",vibration,9,Cluster 9,Medium,4.0,16.0,11.8,None - monitoring,0.626,0.61,0.8,0.54,0.49
WO-00221,EQ-0026,Cooling Tower,Warehouse C,2024-01-01,"Insulation resistance measured at 13 MΩ, below 100 MΩ minimum",electrical_fault,10,Cluster 10,High,,9.7,11.0,Coupling insert,0.698,0.63,0.76,0.7,0.69
WO-00222,EQ-0018,Electric Motor,Utilities Block,2023-11-27,"Bearing play exceeding tolerance, axial movement of 0.39mm observed",bearing_wear,11,Cluster 11,Medium,78.0,10.1,1.5,Capacitor 40µF,0.784,0.84,0.88,0.6,0.8
WO-00223,EQ-0032,Electric Motor,Plant A - Line 2,2023-12-03,"Cavitation noise and vibration in pump, inlet pressure below NPSH. Additionally, coating failure on tank exterior, rust streaks visible below insulation",vibration,4,Lubrication Issue,Medium,121.0,7.9,10.1,Bearing 6205-2RS,0.754,0.57,0.7,0.99,0.77
WO-00224,EQ-0023,Cooling Tower,Warehouse C,2022-12-26,"Rust deposits blocking strainer, pressure differential 8 PSI across filter",corrosion,4,Lubrication Issue,Low,63.0,4.3,4.2,Mechanical seal kit,0.65,0.94,0.44,0.65,0.6
WO-00225,EQ-0002,Heat Exchanger,Utilities Block,2023-05-16,"Excessive vibration on pump casing, amplitude 8.8 mm/s at 750 RPM",vibration,9,Cluster 9,Medium,173.0,3.7,2.8,O-ring set,0.688,0.73,0.62,0.72,0.7
WO-00226,EQ-0005,Electric Motor,Utilities Block,2023-06-12,"Chemical attack on pump impeller, material loss estimated 19%. Additionally, wrong lubricant grade used during last service, compatibility issue",corrosion,6,Corrosion & Erosion,Low,141.0,3.3,0.1,O-ring set,0.749,0.7,0.53,0.98,0.85
WO-00227,EQ-0030,Gearbox,Plant A - Line 1,2023-02-25,"Hydraulic fluid leak at cylinder rod seal, 149 ml/hr estimated loss",seal_leak,8,Cluster 8,Medium,17.0,10.3,13.1,Oil filter + 5L oil,0.68,0.75,0.55,0.8,0.64
WO-00228,EQ-0008,Heat Exchanger,Plant A - Line 2,2023-11-06,"Unusual noise detected in bearing housing, suspected wear on inner race",bearing_wear,5,Electrical Fault,Medium,165.0,13.7,19.8,Bearing 6205-2RS,0.648,0.34,0.94,0.66,0.58
WO-00229,EQ-0005,Electric Motor,Utilities Block,2023-06-22,"Grease nipple blocked, bearing running dry for estimated 28 days",lubrication,2,Mechanical Seal Leak,Low,24.0,4.2,0.8,Coupling insert,0.867,0.88,0.84,0.9,0.85
WO-00230,EQ-0028,Air Compressor,Utilities Block,2022-10-12,"Mechanical seal leaking at shaft interface, fluid loss approx 70 ml/hr",seal_leak,1,Vibration & Imbalance,Medium,,15.0,8.2,Oil filter + 5L oil,0.752,0.31,0.98,0.8,0.9
WO-00231,EQ-0043,Air Compressor,Plant A - Line 1,2023-02-02,"Surface corrosion on pipe flanges, pitting depth approx 2.3mm",corrosion,10,Cluster 10,Low,101.0,14.9,20.5,Mechanical seal kit,0.842,0.96,0.85,0.65,0.92
WO-00232,EQ-0011,Cooling Tower,Plant A - Line 1,2022-06-14,"Oil viscosity out of specification, degraded due to thermal cycling",lubrication,9,Cluster 9,Low,,8.3,4.4,Capacitor 40µF,0.62,0.82,0.67,0.51,0.43
WO-00233,EQ-0042,Electric Motor,Plant A - Line 1,2023-12-04,"Bearing play exceeding tolerance, axial movement of 1.64mm observed",bearing_wear,11,Cluster 11,Medium,82.0,7.5,9.8,Oil filter + 5L oil,0.612,0.42,0.76,0.66,0.57
WO-00234,EQ-0006,Gearbox,Warehouse C,2022-02-20,"Cooling fan obstructed by debris, motor surface temperature 90°C",overheating,2,Mechanical Seal Leak,High,110.0,9.8,2.2,O-ring set,0.728,0.96,0.47,0.86,0.66
WO-00235,EQ-0030,Gearbox,Plant A - Line 1,2023-12-11,"Galvanic corrosion at dissimilar metal joint, wall thickness reduced. Additionally, lubricant contamination detected, water content 20% above limit",corrosion,10,Cluster 10,Low,55.0,11.6,12.3,Oil filter + 5L oil,0.631,0.35,0.73,0.53,0.96
WO-00236,EQ-0031,Heat Exchanger,Warehouse C,2023-08-18,"Wrong lubricant grade used during last service, compatibility issue",lubrication,6,Corrosion & Erosion,Low,44.0,8.3,11.6,O-ring set,0.631,0.36,0.83,0.72,0.56
WO-00237,EQ-0021,Gearbox,Plant B - Line 3,2023-05-19,"Bearing temperature elevated to 96°C during operation, vibration increasing",bearing_wear,2,Mechanical Seal Leak,Medium,,2.8,3.6,Bearing 6205-2RS,0.52,0.43,0.43,0.59,0.68
WO-00238,EQ-0011,Cooling Tower,Plant A - Line 1,2022-10-18,"Motor winding resistance out of tolerance, possible turn-to-turn short",electrical_fault,11,Cluster 11,High,44.0,12.1,14.9,Contactor 3RT2,0.81,0.71,0.98,0.76,0.74
WO-00239,EQ-0027,Gearbox,Warehouse C,2023-12-26,"Lubricant contamination detected, water content 23% above limit",lubrication,6,Corrosion & Erosion,Low,,7.5,10.7,Bearing 6205-2RS,0.598,0.53,0.43,0.81,0.67
WO-00240,EQ-0047,Air Compressor,Utilities Block,2023-02-13,"Automatic lubrication system failed, manual greasing required",lubrication,12,Cluster 12,Low,54.0,3.0,3.5,O-ring set,0.658,0.38,0.69,0.72,0.88
WO-00241,EQ-0020,Electric Motor,Warehouse C,2023-01-13,"Wrong lubricant grade used during last service, compatibility issue",lubrication,6,Corrosion & Erosion,Low,,7.2,4.6,Capacitor 40µF,0.654,0.54,0.68,0.61,0.81
WO-00242,EQ-0010,Hydraulic Press,Plant A - Line 1,2023-07-19,"Wrong lubricant grade used during last service, compatibility issue",lubrication,6,Corrosion & Erosion,Low,12.0,8.5,6.5,Mechanical seal kit,0.756,0.63,0.83,0.91,0.61
WO-00243,EQ-0038,Cooling Tower,Plant A - Line 2,2022-09-29,"Metal particles found in oil sample, bearing degradation confirmed",bearing_wear,11,Cluster 11,Medium,48.0,3.8,0.4,Oil filter + 5L oil,0.638,0.91,0.46,0.77,0.4
WO-00244,EQ-0008,Heat Exchanger,Plant A - Line 2,2022-05-09,"Bearing vibration amplitude 8.5 mm/s RMS, trending upward over last 45 days",bearing_wear,3,Overheating,Medium,49.0,2.2,0.1,Bearing 6205-2RS,0.686,0.45,0.79,0.82,0.66
WO-00245,EQ-0041,Conveyor Belt,Plant A - Line 1,2023-08-23,"Wrong lubricant grade used during last service, compatibility issue",lubrication,6,Corrosion & Erosion,Low,76.0,9.3,11.6,Coupling insert,0.724,0.31,0.78,0.86,0.99
WO-00246,EQ-0032,Electric Motor,Plant A - Line 2,2022-11-20,"VFD fault code F63 logged, overcurrent on deceleration",electrical_fault,7,Cluster 7,High,69.0,14.3,8.9,Mechanical seal kit,0.782,0.65,0.96,0.67,0.82
WO-00247,EQ-0002,Heat Exchanger,Utilities Block,2023-11-21,"Bearing vibration amplitude 9.0 mm/s RMS, trending upward over last 35 days",bearing_wear,3,Overheating,Medium,,6.1,4.3,Contactor 3RT2,0.684,0.5,0.85,0.83,0.48
WO-00248,EQ-0013,Electric Motor,Plant B - Line 1,2023-05-31,"Bearing play exceeding tolerance, axial movement of 2.0mm observed",bearing_wear,11,Cluster 11,Medium,17.0,5.7,1.0,Mechanical seal kit,0.804,0.69,0.69,1.0,0.87
WO-00249,EQ-0050,Electric Motor,Plant A - Line 2,2022-04-15,"Metal particles found in oil sample, bearing degradation confirmed",bearing_wear,11,Cluster 11,Medium,,1.2,0.2,Contactor 3RT2,0.676,0.94,0.49,0.65,0.66
WO-00250,EQ-0033,Centrifugal Pump,Warehouse C,2023-01-06,"Impeller damage suspected, broadband vibration increase 7.8 mm/s. Additionally, electrical cabinet temperature 113°c due to failed ventilation fan",vibration,3,Overheating,Medium,,7.4,8.5,Mechanical seal kit,0.614,0.36,0.59,0.99,0.5
WO-00251,EQ-0004,Electric Motor,Warehouse C,2022-07-22,"Motor winding temperature reached 107°C, thermal protection triggered. Additionally, compressor discharge temperature 104°c, intercooler bypass suspected",overheating,2,Mechanical Seal Leak,High,,1.8,1.5,O-ring set,0.676,0.66,0.72,0.61,0.71
WO-00252,EQ-0020,Electric Motor,Warehouse C,2023-06-04,"Impeller damage suspected, broadband vibration increase 2.4 mm/s",vibration,3,Overheating,Medium,13.0,12.2,17.2,Oil filter + 5L oil,0.57,0.7,0.4,0.67,0.54
WO-00253,EQ-0048,Cooling Tower,Plant B - Line 3,2022-09-11,"Wrong lubricant grade used during last service, compatibility issue",lubrication,6,Corrosion & Erosion,Low,133.0,9.5,11.7,Impeller,0.659,0.37,0.83,0.91,0.45
WO-00254,EQ-0004,Electric Motor,Warehouse C,2023-05-17,"Cooling fan obstructed by debris, motor surface temperature 95°C",overheating,2,Mechanical Seal Leak,High,,7.0,1.7,O-ring set,0.748,0.64,0.67,0.98,0.71
WO-00255,EQ-0034,Air Compressor,Plant B - Line 1,2023-01-19,"Bearing temperature elevated to 94°C during operation, vibration increasing",bearing_wear,2,Mechanical Seal Leak,Medium,125.0,0.9,0.2,None - monitoring,0.705,0.33,0.94,0.94,0.53
WO-00256,EQ-0048,Cooling Tower,Plant B - Line 3,2023-10-24,"Excessive vibration on pump casing, amplitude 15.9 mm/s at 3000 RPM. Additionally, galvanic corrosion at dissimilar metal joint, wall thickness reduced",vibration,9,Cluster 9,Medium,43.0,11.5,9.9,Capacitor 40µF,0.754,0.75,0.79,0.54,0.97
WO-00257,EQ-0035,Electric Motor,Warehouse C,2023-09-14,"Excessive vibration on pump casing, amplitude 14.0 mm/s at 3000 RPM",vibration,9,Cluster 9,Medium,151.0,1.2,1.6,Coupling insert,0.698,0.61,0.65,0.93,0.59
WO-00258,EQ-0017,Electric Motor,Plant A - Line 2,2022-04-12,"Unusual noise detected in bearing housing, suspected wear on inner race",bearing_wear,5,Electrical Fault,Medium,106.0,14.3,5.5,Bearing 6205-2RS,0.702,0.44,0.85,0.79,0.7
WO-00259,EQ-0049,Cooling Tower,Utilities Block,2022-09-10,"Excessive vibration on pump casing, amplitude 9.4 mm/s at 750 RPM",vibration,9,Cluster 9,Medium,,10.6,2.0,None - monitoring,0.787,0.61,0.91,0.75,0.87
WO-00260,EQ-0010,Hydraulic Press,Plant A - Line 1,2022-10-07,"Cooling fan obstructed by debris, motor surface temperature 115°C",overheating,2,Mechanical Seal Leak,High,175.0,6.4,3.4,Capacitor 40µF,0.556,0.5,0.5,0.77,0.44
WO-00261,EQ-0006,Gearbox,Warehouse C,2023-04-09,"Motor winding temperature reached 118°C, thermal protection triggered",overheating,2,Mechanical Seal Leak,High,170.0,15.7,8.0,Coupling insert,0.608,0.31,0.82,0.82,0.4
WO-00262,EQ-0031,Heat Exchanger,Warehouse C,2023-04-01,"Unusual noise detected in bearing housing, suspected wear on inner race",bearing_wear,5,Electrical Fault,Medium,,6.0,7.3,Coupling insert,0.838,0.57,0.9,0.91,0.99
WO-00263,EQ-0008,Heat Exchanger,Plant A - Line 2,2022-02-07,"Cooling fan obstructed by debris, motor surface temperature 93°C",overheating,2,Mechanical Seal Leak,High,156.0,3.7,1.1,Mechanical seal kit,0.783,0.91,0.74,0.75,0.73
WO-00264,EQ-0043,Air Compressor,Plant A - Line 1,2023-12-11,"Earth leakage current 75.0mA detected, isolation check required",electrical_fault,5,Electrical Fault,High,,10.0,10.2,Bearing 6205-2RS,0.802,0.96,0.78,0.97,0.43
WO-00265,EQ-0021,Gearbox,Plant B - Line 3,2022-12-09,"Overheating on drive-end bearing, infrared scan shows hot spot at 82°C",overheating,11,Cluster 11,High,147.0,13.0,19.3,None - monitoring,0.798,0.97,0.95,0.6,0.6
WO-00267,EQ-0045,Heat Exchanger,Utilities Block,2022-08-27,"Bearing temperature elevated to 68°C during operation, vibration increasing",bearing_wear,2,Mechanical Seal Leak,Medium,,12.7,11.9,None - monitoring,0.648,0.62,0.66,0.81,0.46
WO-00268,EQ-0042,Electric Motor,Plant A - Line 1,2023-03-08,"Automatic lubrication system failed, manual greasing required",lubrication,12,Cluster 12,Low,159.0,7.4,2.7,Bearing 6205-2RS,0.67,0.39,0.75,0.76,0.79
WO-00269,EQ-0023,Cooling Tower,Warehouse C,2022-02-25,"Lip seal deteriorated, grease escaping from gearbox output shaft",seal_leak,2,Mechanical Seal Leak,Medium,51.0,15.6,15.0,Mechanical seal kit,0.786,0.54,0.8,0.85,0.99
WO-00270,EQ-0039,Hydraulic Press,Plant B - Line 3,2023-12-11,"Capacitor bank showing reduced capacitance, power factor 0.8 below target",electrical_fault,2,Mechanical Seal Leak,High,160.0,3.8,2.7,None - monitoring,0.634,0.44,0.51,0.99,0.62
WO-00271,EQ-0005,Electric Motor,Utilities Block,2022-07-02,"Compressor discharge temperature 72°C, intercooler bypass suspected",overheating,2,Mechanical Seal Leak,High,46.0,13.6,18.6,O-ring set,0.736,0.57,0.87,0.56,0.96
WO-00272,EQ-0020,Electric Motor,Warehouse C,2023-09-06,"Heat exchanger fouling reducing efficiency, outlet temp 116°C above setpoint",overheating,8,Cluster 8,High,163.0,4.3,0.3,Contactor 3RT2,0.652,0.9,0.58,0.57,0.55
WO-00273,EQ-0041,Conveyor Belt,Plant A - Line 1,2023-06-16,"Coating failure on tank exterior, rust streaks visible below insulation",corrosion,7,Cluster 7,Low,83.0,11.5,9.1,Impeller,0.762,0.63,0.75,0.82,0.87
WO-00274,EQ-0042,Electric Motor,Plant A - Line 1,2022-07-03,"Bearing temperature elevated to 77°C during operation, vibration increasing. Additionally, cavitation noise and vibration in pump, inlet pressure below npsh",bearing_wear,4,Lubrication Issue,Medium,68.0,10.5,5.7,Oil filter + 5L oil,0.814,0.89,0.71,0.82,0.87
WO-00275,EQ-0015,Conveyor Belt,Plant B - Line 1,2023-07-11,"Unusual noise detected in bearing housing, suspected wear on inner race",bearing_wear,5,Electrical Fault,Medium,,0.6,0.3,None - monitoring,0.809,0.96,0.89,0.88,0.41
WO-00276,EQ-0042,Electric Motor,Plant A - Line 1,2022-07-12,"Impeller damage suspected, broadband vibration increase 5.6 mm/s",vibration,3,Overheating,Medium,179.0,7.0,4.6,Bearing 6205-2RS,0.699,0.56,0.75,0.56,0.97
WO-00277,EQ-0001,Air Compressor,Plant A - Line 1,2023-08-05,Belt tension incorrect causing vibration and premature wear,vibration,0,Bearing Wear & Noise,Medium,,9.8,8.9,None - monitoring,0.594,0.44,0.63,0.77,0.51
WO-00278,EQ-0007,Heat Exchanger,Utilities Block,2022-10-18,"Seal face wear visible during inspection, scoring on stationary ring",seal_leak,7,Cluster 7,Medium,75.0,10.7,1.1,Coupling insert,0.678,0.66,0.5,0.93,0.65
WO-00279,EQ-0011,Cooling Tower,Plant A - Line 1,2022-07-27,"Lubricant contamination detected, water content 13% above limit",lubrication,6,Corrosion & Erosion,Low,176.0,7.6,2.3,Impeller,0.646,0.34,0.64,0.9,0.72
WO-00280,EQ-0037,Gearbox,Warehouse C,2023-11-14,"Grease nipple blocked, bearing running dry for estimated 21 days. Additionally, earth leakage current 75.9ma detected, isolation check required",lubrication,5,Electrical Fault,Low,,11.3,12.2,Impeller,0.67,0.59,0.86,0.56,0.62
WO-00281,EQ-0049,Cooling Tower,Utilities Block,2022-07-19,Grease discolouration and hardening noted around bearing cap,bearing_wear,2,Mechanical Seal Leak,Medium,3.0,4.4,4.7,Coupling insert,0.669,0.77,0.68,0.73,0.45
WO-00282,EQ-0043,Air Compressor,Plant A - Line 1,2023-11-25,"Seal face wear visible during inspection, scoring on stationary ring",seal_leak,7,Cluster 7,Medium,113.0,6.1,2.0,Capacitor 40µF,0.767,0.45,0.82,0.92,0.89
WO-00283,EQ-0042,Electric Motor,Plant A - Line 1,2022-07-14,"Earth leakage current 33.3mA detected, isolation check required. Additionally, unusual noise detected in bearing housing, suspected wear on inner race",electrical_fault,5,Electrical Fault,High,,15.0,8.9,Mechanical seal kit,0.5,0.46,0.46,0.66,0.41
WO-00284,EQ-0042,Electric Motor,Plant A - Line 1,2023-12-06,"Seal face wear visible during inspection, scoring on stationary ring. Additionally, capacitor bank showing reduced capacitance, power factor 0.79 below target",seal_leak,7,Cluster 7,Medium,171.0,8.0,4.0,Impeller,0.682,0.57,0.78,0.62,0.75
WO-00285,EQ-0001,Air Compressor,Plant A - Line 1,2022-09-01,"Lip seal deteriorated, grease escaping from gearbox output shaft",seal_leak,2,Mechanical Seal Leak,Medium,,9.8,13.9,O-ring set,0.722,0.49,0.79,0.88,0.71
WO-00286,EQ-0027,Gearbox,Warehouse C,2022-11-26,"Misalignment between motor and gearbox shaft, 15.6 mm/s 2X vibration",vibration,2,Mechanical Seal Leak,Medium,162.0,0.6,0.8,Contactor 3RT2,0.723,0.34,1.0,0.97,0.48
WO-00287,EQ-0012,Conveyor Belt,Warehouse C,2023-10-13,"Impeller damage suspected, broadband vibration increase 5.8 mm/s",vibration,3,Overheating,Medium,124.0,1.7,2.5,None - monitoring,0.658,0.42,0.66,0.75,0.84
WO-00288,EQ-0049,Cooling Tower,Utilities Block,2023-07-30,Grease discolouration and hardening noted around bearing cap,bearing_wear,2,Mechanical Seal Leak,Medium,,1.6,0.3,Contactor 3RT2,0.523,0.41,0.51,0.51,0.7
WO-00289,EQ-0047,Air Compressor,Utilities Block,2022-02-05,"Overheating on drive-end bearing, infrared scan shows hot spot at 91°C. Additionally, grease nipple blocked, bearing running dry for estimated 25 days",overheating,11,Cluster 11,High,,6.1,6.5,O-ring set,0.641,0.48,0.67,0.84,0.55
WO-00290,EQ-0039,Hydraulic Press,Plant B - Line 3,2023-12-10,Belt tension incorrect causing vibration and premature wear,vibration,0,Bearing Wear & Noise,Medium,137.0,10.7,6.1,None - monitoring,0.819,0.83,0.95,0.93,0.47
WO-00291,EQ-0037,Gearbox,Warehouse C,2023-03-18,"Rust deposits blocking strainer, pressure differential 29 PSI across filter",corrosion,4,Lubrication Issue,Low,96.0,3.4,0.7,O-ring set,0.604,0.65,0.47,0.78,0.53
WO-00292,EQ-0013,Electric Motor,Plant B - Line 1,2023-05-12,"Bearing temperature elevated to 116°C during operation, vibration increasing",bearing_wear,2,Mechanical Seal Leak,Medium,,2.1,0.2,Bearing 6205-2RS,0.582,0.37,0.71,0.5,0.76
WO-00293,EQ-0049,Cooling Tower,Utilities Block,2022-04-13,"Seal face wear visible during inspection, scoring on stationary ring",seal_leak,7,Cluster 7,Medium,179.0,6.7,8.4,Bearing 6205-2RS,0.78,0.72,0.92,0.64,0.82
WO-00294,EQ-0016,Air Compressor,Warehouse C,2022-11-30,"Compressor discharge temperature 108°C, intercooler bypass suspected",overheating,2,Mechanical Seal Leak,High,,4.1,3.0,Mechanical seal kit,0.804,0.54,0.96,0.97,0.69
WO-00295,EQ-0043,Air Compressor,Plant A - Line 1,2022-04-29,"Oil level low in gearbox sight glass, top-up of 1.3L required",lubrication,2,Mechanical Seal Leak,Low,139.0,4.2,1.3,Mechanical seal kit,0.736,0.6,0.83,0.58,0.96
WO-00296,EQ-0025,Centrifugal Pump,Plant A - Line 1,2023-09-08,Internal corrosion found on heat exchanger tubes during inspection,corrosion,8,Cluster 8,Low,88.0,6.3,6.8,Capacitor 40µF,0.71,0.98,0.66,0.62,0.56
WO-00297,EQ-0019,Centrifugal Pump,Plant B - Line 1,2023-05-27,"Unusual noise detected in bearing housing, suspected wear on inner race. Additionally, structural resonance observed at 750 rpm, bolts found loose on baseplate",bearing_wear,5,Electrical Fault,Medium,,2.8,1.2,Coupling insert,0.767,0.52,0.99,0.56,1.0
WO-00298,EQ-0046,Electric Motor,Plant B - Line 3,2023-05-15,Belt tension incorrect causing vibration and premature wear,vibration,0,Bearing Wear & Noise,Medium,,5.1,6.2,Bearing 6205-2RS,0.758,0.68,0.6,0.84,0.99
WO-00299,EQ-0049,Cooling Tower,Utilities Block,2023-04-14,"Motor winding temperature reached 98°C, thermal protection triggered",overheating,2,Mechanical Seal Leak,High,,9.4,6.2,Oil filter + 5L oil,0.72,0.93,0.53,0.9,0.52
WO-00300,EQ-0042,Electric Motor,Plant A - Line 1,2023-08-31,"Bearing vibration amplitude 12.9 mm/s RMS, trending upward over last 12 days",bearing_wear,3,Overheating,Medium,39.0,10.2,6.2,Mechanical seal kit,0.728,0.47,0.69,0.84,0.97
WO-00301,EQ-0042,Electric Motor,Plant A - Line 1,2023-06-06,"Capacitor bank showing reduced capacitance, power factor 0.69 below target",electrical_fault,2,Mechanical Seal Leak,High,151.0,9.4,8.1,Mechanical seal kit,0.711,0.86,0.51,0.74,0.79
WO-00302,EQ-0028,Air Compressor,Utilities Block,2024-01-01,"Oil seepage observed around pump casing seal, minor pooling on floor",seal_leak,9,Cluster 9,Medium,,10.6,12.0,Mechanical seal kit,0.629,0.43,0.76,0.59,0.73
WO-00303,EQ-0021,Gearbox,Plant B - Line 3,2022-09-12,"Bearing temperature elevated to 101°C during operation, vibration increasing",bearing_wear,2,Mechanical Seal Leak,Medium,133.0,14.5,6.4,Impeller,0.662,0.4,0.69,0.66,0.95
WO-00304,EQ-0023,Cooling Tower,Warehouse C,2022-05-12,"Cavitation noise and vibration in pump, inlet pressure below NPSH",vibration,4,Lubrication Issue,Medium,,7.0,5.8,None - monitoring,0.714,0.75,0.5,0.73,0.97
WO-00305,EQ-0044,Electric Motor,Plant B - Line 1,2023-03-21,Electrical cabinet temperature 74°C due to failed ventilation fan,overheating,2,Mechanical Seal Leak,High,155.0,4.3,1.7,Mechanical seal kit,0.642,0.78,0.64,0.66,0.45
WO-00306,EQ-0022,Heat Exchanger,Plant A - Line 2,2022-04-08,Internal corrosion found on heat exchanger tubes during inspection,corrosion,8,Cluster 8,Low,180.0,9.4,4.0,Mechanical seal kit,0.751,0.93,0.5,0.97,0.63
WO-00307,EQ-0023,Cooling Tower,Warehouse C,2022-02-24,Corrosion under insulation (CUI) suspected on horizontal pipe section,corrosion,10,Cluster 10,Low,,10.4,5.8,None - monitoring,0.774,0.79,0.51,0.99,0.88
WO-00308,EQ-0033,Centrifugal Pump,Warehouse C,2022-06-19,"Seal face wear visible during inspection, scoring on stationary ring",seal_leak,7,Cluster 7,Medium,22.0,12.0,10.0,Bearing 6205-2RS,0.793,0.97,0.65,0.75,0.84
WO-00309,EQ-0031,Heat Exchanger,Warehouse C,2023-06-25,Belt tension incorrect causing vibration and premature wear,vibration,0,Bearing Wear & Noise,Medium,,1.2,0.8,Capacitor 40µF,0.648,0.93,0.5,0.68,0.48
WO-00310,EQ-0023,Cooling Tower,Warehouse C,2023-08-06,"Grease nipple blocked, bearing running dry for estimated 10 days",lubrication,2,Mechanical Seal Leak,Low,79.0,14.9,21.4,Bearing 6205-2RS,0.835,0.95,0.94,0.92,0.43
WO-00311,EQ-0001,Air Compressor,Plant A - Line 1,2022-01-08,"Misalignment between motor and gearbox shaft, 2.1 mm/s 2X vibration",vibration,2,Mechanical Seal Leak,Medium,169.0,4.4,3.1,Oil filter + 5L oil,0.726,0.56,0.94,0.77,0.56
WO-00312,EQ-0029,Conveyor Belt,Plant A - Line 1,2022-04-21,"Motor winding resistance out of tolerance, possible turn-to-turn short. Additionally, seal face wear visible during inspection, scoring on stationary ring",electrical_fault,7,Cluster 7,High,,2.5,1.3,Contactor 3RT2,0.684,0.34,0.9,0.71,0.76
WO-00313,EQ-0001,Air Compressor,Plant A - Line 1,2023-05-01,"Heat exchanger fouling reducing efficiency, outlet temp 83°C above setpoint",overheating,8,Cluster 8,High,,13.1,13.8,O-ring set,0.681,0.43,0.91,0.81,0.49
WO-00314,EQ-0008,Heat Exchanger,Plant A - Line 2,2022-03-04,"Unusual noise detected in bearing housing, suspected wear on inner race",bearing_wear,5,Electrical Fault,Medium,165.0,1.3,0.2,Oil filter + 5L oil,0.832,0.96,0.83,0.62,0.94
WO-00315,EQ-0012,Conveyor Belt,Warehouse C,2022-05-14,"Unusual noise detected in bearing housing, suspected wear on inner race. Additionally, capacitor bank showing reduced capacitance, power factor 0.67 below target",bearing_wear,5,Electrical Fault,Medium,,9.8,0.6,Contactor 3RT2,0.767,0.79,0.96,0.54,0.73
WO-00316,EQ-0022,Heat Exchanger,Plant A - Line 2,2022-05-01,"Seal face wear visible during inspection, scoring on stationary ring",seal_leak,7,Cluster 7,Medium,,1.5,0.9,Bearing 6205-2RS,0.632,0.42,0.56,0.98,0.57
WO-00317,EQ-0037,Gearbox,Warehouse C,2022-08-18,"Bearing vibration amplitude 8.4 mm/s RMS, trending upward over last 37 days. Additionally, lip seal deteriorated, grease escaping from gearbox output shaft",bearing_wear,2,Mechanical Seal Leak,Medium,61.0,5.0,4.8,O-ring set,0.698,0.49,0.87,0.82,0.55
WO-00318,EQ-0014,Cooling Tower,Plant B - Line 1,2022-01-11,"Excessive vibration on pump casing, amplitude 11.7 mm/s at 3000 RPM",vibration,9,Cluster 9,Medium,,3.9,5.6,Oil filter + 5L oil,0.882,0.98,0.72,0.99,0.87
WO-00319,EQ-0050,Electric Motor,Plant A - Line 2,2023-03-21,Belt tension incorrect causing vibration and premature wear,vibration,0,Bearing Wear & Noise,Medium,123.0,2.0,0.5,O-ring set,0.688,0.43,0.69,0.86,0.79
WO-00320,EQ-0002,Heat Exchanger,Utilities Block,2022-01-13,"Oil seepage observed around pump casing seal, minor pooling on floor",seal_leak,9,Cluster 9,Medium,,6.4,0.2,Bearing 6205-2RS,0.705,0.39,0.86,0.63,0.96
WO-00321,EQ-0039,Hydraulic Press,Plant B - Line 3,2022-01-25,"Unusual noise detected in bearing housing, suspected wear on inner race. Additionally, metal particles found in oil sample, bearing degradation confirmed",bearing_wear,5,Electrical Fault,Medium,99.0,2.8,2.8,None - monitoring,0.822,0.78,0.83,0.95,0.7
WO-00322,EQ-0008,Heat Exchanger,Plant A - Line 2,2023-12-05,"Dynamic seal failure suspected, pressure drop of 7% noted in system",seal_leak,7,Cluster 7,Medium,74.0,5.9,0.9,Coupling insert,0.809,0.95,0.89,0.86,0.45
WO-00323,EQ-0001,Air Compressor,Plant A - Line 1,2023-06-30,"Lubricant contamination detected, water content 35% above limit. Additionally, grease nipple blocked, bearing running dry for estimated 29 days",lubrication,2,Mechanical Seal Leak,Low,59.0,6.5,5.7,Capacitor 40µF,0.802,0.7,0.82,0.87,0.82
WO-00324,EQ-0016,Air Compressor,Warehouse C,2023-03-08,"Cooling fan obstructed by debris, motor surface temperature 119°C",overheating,2,Mechanical Seal Leak,High,58.0,1.4,0.3,None - monitoring,0.712,0.81,0.82,0.71,0.43
WO-00325,EQ-0007,Heat Exchanger,Utilities Block,2022-01-12,"Insulation resistance measured at 6 MΩ, below 100 MΩ minimum. Additionally, earth leakage current 16.7ma detected, isolation check required",electrical_fault,5,Electrical Fault,High,109.0,11.0,14.5,Oil filter + 5L oil,0.788,0.94,0.7,0.85,0.65
WO-00326,EQ-0011,Cooling Tower,Plant A - Line 1,2022-11-17,"Mechanical seal leaking at shaft interface, fluid loss approx 107 ml/hr",seal_leak,1,Vibration & Imbalance,Medium,,6.8,3.9,Coupling insert,0.571,0.75,0.52,0.55,0.45
WO-00327,EQ-0039,Hydraulic Press,Plant B - Line 3,2022-03-29,"Rust deposits blocking strainer, pressure differential 11 PSI across filter",corrosion,4,Lubrication Issue,Low,,9.3,7.9,Bearing 6205-2RS,0.581,0.33,0.46,0.65,0.99
WO-00328,EQ-0049,Cooling Tower,Utilities Block,2023-05-04,"Seal face wear visible during inspection, scoring on stationary ring",seal_leak,7,Cluster 7,Medium,10.0,5.0,1.1,Mechanical seal kit,0.769,0.92,0.46,0.86,0.93
WO-00329,EQ-0044,Electric Motor,Plant B - Line 1,2023-12-01,"Capacitor bank showing reduced capacitance, power factor 0.68 below target",electrical_fault,2,Mechanical Seal Leak,High,54.0,16.0,14.6,Impeller,0.554,0.37,0.41,0.88,0.59
WO-00330,EQ-0006,Gearbox,Warehouse C,2023-03-29,"Structural resonance observed at 1450 RPM, bolts found loose on baseplate",vibration,2,Mechanical Seal Leak,Medium,,2.7,0.5,Impeller,0.716,0.33,0.92,0.7,0.91
WO-00331,EQ-0044,Electric Motor,Plant B - Line 1,2023-04-23,"High-pitched squealing noise from bearing assembly, lubrication appears insufficient. Additionally, lubricant contamination detected, water content 29% above limit",bearing_wear,12,Cluster 12,Medium,137.0,14.5,10.1,O-ring set,0.9,0.81,0.95,0.96,0.86
WO-00332,EQ-0013,Electric Motor,Plant B - Line 1,2023-09-08,"Motor winding temperature reached 85°C, thermal protection triggered",overheating,2,Mechanical Seal Leak,High,,1.5,1.8,Impeller,0.571,0.45,0.53,0.51,0.86
WO-00333,EQ-0028,Air Compressor,Utilities Block,2022-12-17,"Hydraulic fluid leak at cylinder rod seal, 25 ml/hr estimated loss",seal_leak,8,Cluster 8,Medium,,5.1,1.5,Impeller,0.71,0.63,0.81,0.58,0.82
WO-00334,EQ-0023,Cooling Tower,Warehouse C,2022-06-01,"Wrong lubricant grade used during last service, compatibility issue",lubrication,6,Corrosion & Erosion,Low,82.0,2.3,3.3,Oil filter + 5L oil,0.648,0.66,0.4,0.73,0.9
WO-00335,EQ-0009,Cooling Tower,Plant A - Line 1,2023-01-08,Belt tension incorrect causing vibration and premature wear,vibration,0,Bearing Wear & Noise,Medium,79.0,8.3,10.8,Impeller,0.69,0.59,0.61,0.91,0.66
WO-00336,EQ-0049,Cooling Tower,Utilities Block,2022-04-12,"Oil seepage observed around pump casing seal, minor pooling on floor",seal_leak,9,Cluster 9,Medium,,13.0,2.0,None - monitoring,0.696,0.37,0.85,0.81,0.73
WO-00337,EQ-0041,Conveyor Belt,Plant A - Line 1,2023-02-27,"Compressor discharge temperature 116°C, intercooler bypass suspected",overheating,2,Mechanical Seal Leak,High,,10.5,12.4,Bearing 6205-2RS,0.8,0.96,0.87,0.75,0.56
WO-00338,EQ-0043,Air Compressor,Plant A - Line 1,2022-11-22,"O-ring compression set failure, intermittent leak under high pressure. Additionally, motor winding resistance out of tolerance, possible turn-to-turn short",seal_leak,7,Cluster 7,Medium,112.0,4.1,4.4,Capacitor 40µF,0.667,0.38,0.75,0.7,0.86
WO-00339,EQ-0017,Electric Motor,Plant A - Line 2,2023-04-10,Internal corrosion found on heat exchanger tubes during inspection,corrosion,8,Cluster 8,Low,,12.6,3.5,Oil filter + 5L oil,0.771,0.44,0.9,0.86,0.88
WO-00340,EQ-0025,Centrifugal Pump,Plant A - Line 1,2022-11-18,"Corrosion under insulation (CUI) suspected on horizontal pipe section. Additionally, impeller damage suspected, broadband vibration increase 5.3 mm/s",corrosion,10,Cluster 10,Low,,7.5,1.8,Bearing 6205-2RS,0.86,0.93,0.8,0.82,0.91
WO-00341,EQ-0008,Heat Exchanger,Plant A - Line 2,2023-01-09,"Oil analysis shows high iron content 312 ppm, internal wear indicated",lubrication,11,Cluster 11,Low,56.0,1.0,0.2,O-ring set,0.696,0.49,0.69,0.98,0.61
WO-00342,EQ-0036,Gearbox,Plant A - Line 1,2022-11-16,"Motor winding resistance out of tolerance, possible turn-to-turn short",electrical_fault,11,Cluster 11,High,53.0,15.3,11.2,None - monitoring,0.605,0.72,0.56,0.66,0.46
WO-00343,EQ-0025,Centrifugal Pump,Plant A - Line 1,2022-08-07,"Compressor discharge temperature 87°C, intercooler bypass suspected. Additionally, o-ring compression set failure, intermittent leak under high pressure",overheating,7,Cluster 7,High,83.0,14.4,12.1,Oil filter + 5L oil,0.648,0.72,0.72,0.55,0.57
WO-00344,EQ-0039,Hydraulic Press,Plant B - Line 3,2022-05-08,"Automatic lubrication system failed, manual greasing required",lubrication,12,Cluster 12,Low,154.0,5.6,3.2,Bearing 6205-2RS,0.792,0.5,0.79,0.93,0.99
WO-00345,EQ-0030,Gearbox,Plant A - Line 1,2023-02-14,"O-ring compression set failure, intermittent leak under high pressure",seal_leak,7,Cluster 7,Medium,81.0,8.2,0.6,Impeller,0.818,0.65,0.78,0.96,0.91
WO-00346,EQ-0040,Gearbox,Plant A - Line 1,2022-09-23,"Bearing temperature elevated to 68°C during operation, vibration increasing",bearing_wear,2,Mechanical Seal Leak,Medium,,1.2,0.1,Mechanical seal kit,0.714,0.48,0.81,0.9,0.63
WO-00347,EQ-0045,Heat Exchanger,Utilities Block,2023-05-10,"Bearing temperature elevated to 102°C during operation, vibration increasing",bearing_wear,2,Mechanical Seal Leak,Medium,68.0,12.4,13.2,Capacitor 40µF,0.772,0.88,0.55,0.82,0.91
WO-00348,EQ-0045,Heat Exchanger,Utilities Block,2022-11-16,"Bearing play exceeding tolerance, axial movement of 0.61mm observed",bearing_wear,11,Cluster 11,Medium,,10.7,13.6,O-ring set,0.73,0.45,0.62,0.99,0.92
WO-00349,EQ-0033,Centrifugal Pump,Warehouse C,2023-01-14,"Seal face wear visible during inspection, scoring on stationary ring. Additionally, chemical attack on pump impeller, material loss estimated 27%",seal_leak,7,Cluster 7,Medium,167.0,6.4,8.9,Oil filter + 5L oil,0.572,0.43,0.51,0.64,0.76
WO-00350,EQ-0034,Air Compressor,Plant B - Line 1,2023-02-19,Electrical cabinet temperature 68°C due to failed ventilation fan,overheating,2,Mechanical Seal Leak,High,26.0,3.9,4.8,Impeller,0.652,0.44,0.87,0.67,0.57
WO-00351,EQ-0039,Hydraulic Press,Plant B - Line 3,2022-01-18,"Mechanical seal leaking at shaft interface, fluid loss approx 127 ml/hr. Additionally, structural resonance observed at 3000 rpm, bolts found loose on baseplate",seal_leak,1,Vibration & Imbalance,Medium,75.0,13.4,10.6,O-ring set,0.693,0.84,0.46,0.9,0.6
WO-00352,EQ-0032,Electric Motor,Plant A - Line 2,2023-10-18,"VFD fault code F85 logged, overcurrent on deceleration",electrical_fault,7,Cluster 7,High,106.0,13.8,13.6,Coupling insert,0.741,0.65,0.55,0.87,0.98
WO-00353,EQ-0024,Heat Exchanger,Warehouse C,2022-10-10,"Mechanical seal leaking at shaft interface, fluid loss approx 75 ml/hr",seal_leak,1,Vibration & Imbalance,Medium,11.0,9.5,10.0,Mechanical seal kit,0.772,0.6,0.67,0.98,0.88
WO-00354,EQ-0019,Centrifugal Pump,Plant B - Line 1,2023-07-29,"Unusual noise detected in bearing housing, suspected wear on inner race. Additionally, gearbox oil temperature 102°c, possible cooler blockage",bearing_wear,5,Electrical Fault,Medium,23.0,11.6,2.5,None - monitoring,0.601,0.71,0.45,0.61,0.68
WO-00355,EQ-0023,Cooling Tower,Warehouse C,2022-09-14,"Hydraulic fluid leak at cylinder rod seal, 71 ml/hr estimated loss",seal_leak,8,Cluster 8,Medium,142.0,3.6,1.6,Impeller,0.726,0.68,0.63,0.94,0.66
WO-00356,EQ-0009,Cooling Tower,Plant A - Line 1,2022-05-24,Belt tension incorrect causing vibration and premature wear,vibration,0,Bearing Wear & Noise,Medium,,5.2,1.9,Coupling insert,0.628,0.39,0.73,0.78,0.58
WO-00357,EQ-0049,Cooling Tower,Utilities Block,2023-05-09,Internal corrosion found on heat exchanger tubes during inspection,corrosion,8,Cluster 8,Low,,13.9,2.5,Capacitor 40µF,0.582,0.82,0.43,0.6,0.49
WO-00358,EQ-0048,Cooling Tower,Plant B - Line 3,2023-09-20,"Lubricant contamination detected, water content 24% above limit. Additionally, bearing temperature elevated to 78°c during operation, vibration increasing",lubrication,2,Mechanical Seal Leak,Low,,13.8,12.8,O-ring set,0.726,0.75,0.51,0.91,0.79
WO-00359,EQ-0011,Cooling Tower,Plant A - Line 1,2022-06-01,Belt tension incorrect causing vibration and premature wear,vibration,0,Bearing Wear & Noise,Medium,118.0,2.4,1.4,Oil filter + 5L oil,0.658,0.32,0.79,0.83,0.67
WO-00360,EQ-0023,Cooling Tower,Warehouse C,2023-08-13,"Grease nipple blocked, bearing running dry for estimated 13 days. Additionally, corrosion under insulation (cui) suspected on horizontal pipe section",lubrication,10,Cluster 10,Low,,8.4,8.3,O-ring set,0.77,0.79,0.75,0.79,0.75
WO-00361,EQ-0026,Cooling Tower,Warehouse C,2023-01-29,"Unusual noise detected in bearing housing, suspected wear on inner race",bearing_wear,5,Electrical Fault,Medium,,7.0,0.7,Oil filter + 5L oil,0.675,0.38,0.91,0.54,0.86
WO-00362,EQ-0039,Hydraulic Press,Plant B - Line 3,2023-06-26,"Excessive vibration on pump casing, amplitude 13.2 mm/s at 1000 RPM",vibration,9,Cluster 9,Medium,,3.5,3.1,Contactor 3RT2,0.521,0.32,0.48,0.5,0.86
WO-00363,EQ-0037,Gearbox,Warehouse C,2022-03-10,"Excessive vibration on pump casing, amplitude 13.7 mm/s at 1000 RPM",vibration,9,Cluster 9,Medium,161.0,6.3,0.7,O-ring set,0.634,0.85,0.58,0.56,0.54
WO-00364,EQ-0039,Hydraulic Press,Plant B - Line 3,2023-02-13,"Excessive vibration on pump casing, amplitude 6.6 mm/s at 750 RPM",vibration,9,Cluster 9,Medium,,9.0,12.0,Impeller,0.828,0.96,0.99,0.83,0.42
WO-00365,EQ-0027,Gearbox,Warehouse C,2023-05-05,"Dynamic seal failure suspected, pressure drop of 8% noted in system. Additionally, cavitation noise and vibration in pump, inlet pressure below npsh",seal_leak,4,Lubrication Issue,Medium,59.0,0.8,0.1,Capacitor 40µF,0.664,0.73,0.63,0.84,0.41
WO-00366,EQ-0031,Heat Exchanger,Warehouse C,2022-09-01,Grease discolouration and hardening noted around bearing cap,bearing_wear,2,Mechanical Seal Leak,Medium,151.0,0.7,0.4,Bearing 6205-2RS,0.764,0.99,0.41,0.86,0.89
WO-00367,EQ-0005,Electric Motor,Utilities Block,2022-07-30,"Bearing play exceeding tolerance, axial movement of 0.78mm observed",bearing_wear,11,Cluster 11,Medium,92.0,14.4,18.5,Oil filter + 5L oil,0.822,0.96,0.87,0.65,0.79
WO-00368,EQ-0034,Air Compressor,Plant B - Line 1,2023-01-17,"Oil analysis shows high iron content 206 ppm, internal wear indicated",lubrication,11,Cluster 11,Low,,12.7,0.7,Impeller,0.668,0.75,0.67,0.56,0.7
WO-00369,EQ-0003,Cooling Tower,Plant A - Line 1,2023-06-30,"Lip seal deteriorated, grease escaping from gearbox output shaft",seal_leak,2,Mechanical Seal Leak,Medium,79.0,1.0,1.1,Coupling insert,0.897,0.95,0.94,0.91,0.75
WO-00370,EQ-0049,Cooling Tower,Utilities Block,2023-06-16,"Bearing vibration amplitude 15.9 mm/s RMS, trending upward over last 6 days",bearing_wear,3,Overheating,Medium,98.0,7.7,11.5,O-ring set,0.728,0.94,0.57,0.84,0.56
WO-00371,EQ-0016,Air Compressor,Warehouse C,2022-07-03,"Rust deposits blocking strainer, pressure differential 14 PSI across filter",corrosion,4,Lubrication Issue,Low,5.0,7.3,5.1,Impeller,0.731,0.75,0.73,0.7,0.75
WO-00372,EQ-0006,Gearbox,Warehouse C,2022-12-28,"Lip seal deteriorated, grease escaping from gearbox output shaft. Additionally, bearing temperature elevated to 108°c during operation, vibration increasing",seal_leak,2,Mechanical Seal Leak,Medium,12.0,9.8,5.1,Capacitor 40µF,0.64,0.61,0.71,0.62,0.6
WO-00373,EQ-0024,Heat Exchanger,Warehouse C,2023-09-29,Corrosion under insulation (CUI) suspected on horizontal pipe section,corrosion,10,Cluster 10,Low,95.0,1.2,1.7,Bearing 6205-2RS,0.582,0.37,0.53,0.66,0.83
WO-00374,EQ-0048,Cooling Tower,Plant B - Line 3,2023-07-16,"Cavitation noise and vibration in pump, inlet pressure below NPSH",vibration,4,Lubrication Issue,Medium,,8.9,1.6,Bearing 6205-2RS,0.728,0.72,0.8,0.76,0.59
WO-00375,EQ-0013,Electric Motor,Plant B - Line 1,2023-06-02,"Rust deposits blocking strainer, pressure differential 28 PSI across filter",corrosion,4,Lubrication Issue,Low,93.0,10.6,9.6,None - monitoring,0.824,0.46,0.9,0.99,0.96
WO-00376,EQ-0016,Air Compressor,Warehouse C,2022-07-04,"Galvanic corrosion at dissimilar metal joint, wall thickness reduced",corrosion,10,Cluster 10,Low,,0.7,0.1,Capacitor 40µF,0.726,0.8,0.68,0.55,0.92
WO-00377,EQ-0028,Air Compressor,Utilities Block,2023-08-29,"Bearing temperature elevated to 69°C during operation, vibration increasing",bearing_wear,2,Mechanical Seal Leak,Medium,,2.2,2.4,Coupling insert,0.898,0.96,0.95,0.82,0.84
WO-00378,EQ-0028,Air Compressor,Utilities Block,2022-11-23,"Seal face wear visible during inspection, scoring on stationary ring. Additionally, chemical attack on pump impeller, material loss estimated 26%",seal_leak,7,Cluster 7,Medium,,15.3,1.0,None - monitoring,0.684,0.66,0.75,0.81,0.46
WO-00379,EQ-0019,Centrifugal Pump,Plant B - Line 1,2022-06-22,"High-pitched squealing noise from bearing assembly, lubrication appears insufficient",bearing_wear,12,Cluster 12,Medium,11.0,15.4,12.5,Bearing 6205-2RS,0.711,0.64,0.89,0.68,0.57
WO-00380,EQ-0037,Gearbox,Warehouse C,2022-03-22,"Overheating on drive-end bearing, infrared scan shows hot spot at 98°C",overheating,11,Cluster 11,High,,3.9,0.4,Capacitor 40µF,0.711,0.53,0.67,0.87,0.8
WO-00381,EQ-0005,Electric Motor,Utilities Block,2022-08-14,"Contactor pitting observed, intermittent contact causing voltage dips",electrical_fault,0,Bearing Wear & Noise,High,,4.6,1.0,Impeller,0.71,0.5,0.52,0.94,0.97
WO-00382,EQ-0047,Air Compressor,Utilities Block,2023-11-04,"Insulation resistance measured at 27 MΩ, below 100 MΩ minimum",electrical_fault,10,Cluster 10,High,,14.1,17.8,Impeller,0.74,0.64,0.78,0.8,0.73
WO-00383,EQ-0019,Centrifugal Pump,Plant B - Line 1,2023-05-11,"Unusual noise detected in bearing housing, suspected wear on inner race",bearing_wear,5,Electrical Fault,Medium,,13.9,12.5,Bearing 6205-2RS,0.744,0.5,0.7,0.94,0.87
WO-00384,EQ-0004,Electric Motor,Warehouse C,2023-08-10,"Misalignment between motor and gearbox shaft, 8.6 mm/s 2X vibration",vibration,2,Mechanical Seal Leak,Medium,,8.8,10.3,Coupling insert,0.64,0.39,0.72,0.98,0.41
WO-00385,EQ-0025,Centrifugal Pump,Plant A - Line 1,2022-06-15,"Bearing vibration amplitude 14.3 mm/s RMS, trending upward over last 38 days",bearing_wear,3,Overheating,Medium,,5.6,1.8,Bearing 6205-2RS,0.54,0.33,0.41,0.97,0.46
WO-00386,EQ-0026,Cooling Tower,Warehouse C,2022-10-04,"Surface corrosion on pipe flanges, pitting depth approx 0.78mm",corrosion,10,Cluster 10,Low,,1.7,1.3,Bearing 6205-2RS,0.646,0.31,0.9,0.8,0.49
WO-00387,EQ-0048,Cooling Tower,Plant B - Line 3,2022-04-06,"Structural resonance observed at 750 RPM, bolts found loose on baseplate",vibration,2,Mechanical Seal Leak,Medium,105.0,9.2,6.7,Capacitor 40µF,0.556,0.47,0.41,0.75,0.64
WO-00388,EQ-0024,Heat Exchanger,Warehouse C,2022-04-08,Corrosion under insulation (CUI) suspected on horizontal pipe section,corrosion,10,Cluster 10,Low,54.0,13.9,10.2,Mechanical seal kit,0.682,0.4,0.77,0.74,0.83
WO-00389,EQ-0037,Gearbox,Warehouse C,2023-07-13,"Surface corrosion on pipe flanges, pitting depth approx 1.28mm",corrosion,10,Cluster 10,Low,167.0,4.2,2.9,Capacitor 40µF,0.832,0.69,0.84,0.87,0.95
WO-00390,EQ-0028,Air Compressor,Utilities Block,2023-07-15,"Motor winding resistance out of tolerance, possible turn-to-turn short",electrical_fault,11,Cluster 11,High,3.0,5.1,3.3,Oil filter + 5L oil,0.729,0.67,0.77,0.69,0.79
WO-00391,EQ-0010,Hydraulic Press,Plant A - Line 1,2023-05-01,"Hydraulic fluid leak at cylinder rod seal, 137 ml/hr estimated loss",seal_leak,8,Cluster 8,Medium,107.0,3.3,2.3,Oil filter + 5L oil,0.627,0.79,0.52,0.55,0.68
WO-00392,EQ-0007,Heat Exchanger,Utilities Block,2022-09-18,"Bearing play exceeding tolerance, axial movement of 0.48mm observed",bearing_wear,11,Cluster 11,Medium,165.0,10.7,1.2,Mechanical seal kit,0.623,0.81,0.57,0.63,0.46
WO-00393,EQ-0034,Air Compressor,Plant B - Line 1,2022-05-01,"Impeller damage suspected, broadband vibration increase 14.4 mm/s. Additionally, wrong lubricant grade used during last service, compatibility issue",vibration,6,Corrosion & Erosion,Medium,101.0,6.3,3.6,Coupling insert,0.722,0.52,0.71,0.77,0.93
WO-00394,EQ-0014,Cooling Tower,Plant B - Line 1,2022-07-19,"Oil viscosity out of specification, degraded due to thermal cycling. Additionally, gearbox oil temperature 94°c, possible cooler blockage",lubrication,2,Mechanical Seal Leak,Low,80.0,5.6,7.7,Capacitor 40µF,0.707,0.95,0.76,0.52,0.56
WO-00395,EQ-0031,Heat Exchanger,Warehouse C,2022-07-18,"Electrical cabinet temperature 110°C due to failed ventilation fan. Additionally, metal particles found in oil sample, bearing degradation confirmed",overheating,11,Cluster 11,High,,11.9,5.9,O-ring set,0.842,0.93,0.75,0.97,0.71
WO-00396,EQ-0043,Air Compressor,Plant A - Line 1,2022-01-04,"Gearbox oil temperature 107°C, possible cooler blockage",overheating,2,Mechanical Seal Leak,High,144.0,5.9,3.0,Mechanical seal kit,0.609,0.7,0.68,0.56,0.45
WO-00397,EQ-0047,Air Compressor,Utilities Block,2022-07-15,"High-pitched squealing noise from bearing assembly, lubrication appears insufficient",bearing_wear,12,Cluster 12,Medium,,11.9,5.5,Oil filter + 5L oil,0.522,0.42,0.48,0.66,0.54
WO-00398,EQ-0013,Electric Motor,Plant B - Line 1,2022-06-24,"Oil seepage observed around pump casing seal, minor pooling on floor",seal_leak,9,Cluster 9,Medium,150.0,6.5,5.2,None - monitoring,0.731,0.54,0.89,0.9,0.52
WO-00399,EQ-0045,Heat Exchanger,Utilities Block,2023-01-02,"Wrong lubricant grade used during last service, compatibility issue. Additionally, contactor pitting observed, intermittent contact causing voltage dips",lubrication,6,Corrosion & Erosion,Low,120.0,9.0,10.2,Impeller,0.78,0.72,0.82,0.87,0.68
WO-00400,EQ-0016,Air Compressor,Warehouse C,2022-11-04,"Dynamic seal failure suspected, pressure drop of 19% noted in system",seal_leak,7,Cluster 7,Medium,,15.5,21.9,O-ring set,0.718,0.39,0.6,0.98,0.98
WO-00401,EQ-0020,Electric Motor,Warehouse C,2023-12-03,Internal corrosion found on heat exchanger tubes during inspection,corrosion,8,Cluster 8,Low,96.0,0.6,0.1,Impeller,0.65,0.68,0.64,0.61,0.68
WO-00402,EQ-0025,Centrifugal Pump,Plant A - Line 1,2022-12-22,Corrosion under insulation (CUI) suspected on horizontal pipe section,corrosion,10,Cluster 10,Low,151.0,0.9,1.2,Contactor 3RT2,0.702,0.56,0.6,0.91,0.77
WO-00403,EQ-0049,Cooling Tower,Utilities Block,2023-05-08,"Motor winding temperature reached 106°C, thermal protection triggered",overheating,2,Mechanical Seal Leak,High,108.0,3.3,2.0,Mechanical seal kit,0.594,0.63,0.45,0.84,0.46
WO-00404,EQ-0026,Cooling Tower,Warehouse C,2023-10-12,"Surface corrosion on pipe flanges, pitting depth approx 0.87mm",corrosion,10,Cluster 10,Low,116.0,8.3,9.7,Capacitor 40µF,0.664,0.98,0.47,0.59,0.65
WO-00405,EQ-0049,Cooling Tower,Utilities Block,2023-04-17,Electrical cabinet temperature 70°C due to failed ventilation fan,overheating,2,Mechanical Seal Leak,High,154.0,11.1,4.2,Oil filter + 5L oil,0.606,0.84,0.41,0.63,0.58
WO-00406,EQ-0027,Gearbox,Warehouse C,2023-03-18,"High-pitched squealing noise from bearing assembly, lubrication appears insufficient",bearing_wear,12,Cluster 12,Medium,,5.9,4.1,Contactor 3RT2,0.937,0.94,0.94,0.97,0.89
WO-00407,EQ-0037,Gearbox,Warehouse C,2022-02-20,"Motor winding temperature reached 85°C, thermal protection triggered. Additionally, rust deposits blocking strainer, pressure differential 30 psi across filter",overheating,4,Lubrication Issue,High,122.0,3.8,5.3,O-ring set,0.752,0.49,0.8,0.8,0.95
WO-00408,EQ-0044,Electric Motor,Plant B - Line 1,2022-08-15,"Mechanical seal leaking at shaft interface, fluid loss approx 38 ml/hr",seal_leak,1,Vibration & Imbalance,Medium,74.0,11.8,10.8,None - monitoring,0.73,0.74,0.6,0.69,0.96
WO-00409,EQ-0001,Air Compressor,Plant A - Line 1,2022-12-20,"Dynamic seal failure suspected, pressure drop of 39% noted in system",seal_leak,7,Cluster 7,Medium,136.0,6.2,2.7,Impeller,0.621,0.77,0.42,0.81,0.5
WO-00410,EQ-0023,Cooling Tower,Warehouse C,2022-04-24,"Structural resonance observed at 1000 RPM, bolts found loose on baseplate",vibration,2,Mechanical Seal Leak,Medium,46.0,13.9,16.0,Capacitor 40µF,0.732,0.59,0.85,0.71,0.76
WO-00411,EQ-0021,Gearbox,Plant B - Line 3,2022-06-10,Corrosion under insulation (CUI) suspected on horizontal pipe section,corrosion,10,Cluster 10,Low,,3.3,1.4,Coupling insert,0.746,0.83,0.79,0.84,0.46
WO-00412,EQ-0038,Cooling Tower,Plant A - Line 2,2023-04-29,"Motor winding resistance out of tolerance, possible turn-to-turn short",electrical_fault,11,Cluster 11,High,,15.3,0.5,None - monitoring,0.781,0.69,0.92,0.93,0.5
WO-00413,EQ-0024,Heat Exchanger,Warehouse C,2022-09-05,"Phase imbalance detected, current draw 13% higher on L2",electrical_fault,5,Electrical Fault,High,,15.6,11.7,Coupling insert,0.834,0.91,0.95,0.62,0.83
WO-00414,EQ-0005,Electric Motor,Utilities Block,2022-01-25,"Unusual noise detected in bearing housing, suspected wear on inner race",bearing_wear,5,Electrical Fault,Medium,16.0,5.0,3.0,Coupling insert,0.768,0.58,0.96,0.81,0.66
WO-00415,EQ-0008,Heat Exchanger,Plant A - Line 2,2023-09-01,"Grease discolouration and hardening noted around bearing cap. Additionally, corrosion under insulation (cui) suspected on horizontal pipe section",bearing_wear,10,Cluster 10,Medium,36.0,2.8,1.2,Coupling insert,0.75,0.69,0.83,0.65,0.83
WO-00416,EQ-0037,Gearbox,Warehouse C,2023-05-12,"Structural resonance observed at 1500 RPM, bolts found loose on baseplate. Additionally, electrical cabinet temperature 97°c due to failed ventilation fan",vibration,2,Mechanical Seal Leak,Medium,,14.0,10.1,None - monitoring,0.654,0.31,0.97,0.67,0.59
WO-00417,EQ-0015,Conveyor Belt,Plant B - Line 1,2023-01-08,"Metal particles found in oil sample, bearing degradation confirmed",bearing_wear,11,Cluster 11,Medium,,6.7,1.0,Capacitor 40µF,0.667,0.35,0.73,0.77,0.84
WO-00418,EQ-0006,Gearbox,Warehouse C,2022-02-22,"Oil level low in gearbox sight glass, top-up of 3.0L required. Additionally, hydraulic fluid leak at cylinder rod seal, 138 ml/hr estimated loss",lubrication,8,Cluster 8,Low,163.0,1.6,1.1,Mechanical seal kit,0.645,0.63,0.46,0.79,0.76
WO-00419,EQ-0020,Electric Motor,Warehouse C,2022-06-30,"Cavitation noise and vibration in pump, inlet pressure below NPSH",vibration,4,Lubrication Issue,Medium,124.0,8.5,12.1,Oil filter + 5L oil,0.7,0.91,0.55,0.64,0.74
WO-00420,EQ-0020,Electric Motor,Warehouse C,2023-10-16,"Excessive vibration on pump casing, amplitude 9.8 mm/s at 1500 RPM",vibration,9,Cluster 9,Medium,,13.2,3.8,Contactor 3RT2,0.632,0.45,0.7,0.66,0.72
WO-00421,EQ-0007,Heat Exchanger,Utilities Block,2022-10-03,"VFD fault code F67 logged, overcurrent on deceleration",electrical_fault,7,Cluster 7,High,68.0,7.8,10.0,Coupling insert,0.62,0.4,0.6,0.68,0.85
WO-00422,EQ-0029,Conveyor Belt,Plant A - Line 1,2023-11-09,"Lip seal deteriorated, grease escaping from gearbox output shaft",seal_leak,2,Mechanical Seal Leak,Medium,,5.1,2.9,None - monitoring,0.691,0.85,0.6,0.78,0.52
WO-00423,EQ-0014,Cooling Tower,Plant B - Line 1,2023-08-24,"Structural resonance observed at 3000 RPM, bolts found loose on baseplate",vibration,2,Mechanical Seal Leak,Medium,26.0,1.4,0.7,Coupling insert,0.694,0.61,0.57,0.74,0.93
WO-00424,EQ-0005,Electric Motor,Utilities Block,2023-06-28,"O-ring compression set failure, intermittent leak under high pressure",seal_leak,7,Cluster 7,Medium,,11.2,2.4,Coupling insert,0.821,0.97,0.62,0.89,0.85
WO-00425,EQ-0014,Cooling Tower,Plant B - Line 1,2023-07-26,"Bearing play exceeding tolerance, axial movement of 1.21mm observed. Additionally, contactor pitting observed, intermittent contact causing voltage dips",bearing_wear,11,Cluster 11,Medium,,8.7,10.4,Impeller,0.874,0.73,1.0,0.88,0.86
WO-00426,EQ-0028,Air Compressor,Utilities Block,2022-10-28,"Galvanic corrosion at dissimilar metal joint, wall thickness reduced",corrosion,10,Cluster 10,Low,100.0,0.8,0.3,O-ring set,0.609,0.48,0.53,0.84,0.6
WO-00427,EQ-0030,Gearbox,Plant A - Line 1,2022-03-12,"Phase imbalance detected, current draw 17% higher on L2",electrical_fault,5,Electrical Fault,High,81.0,14.9,14.7,Oil filter + 5L oil,0.744,0.41,0.99,0.62,0.95
WO-00428,EQ-0050,Electric Motor,Plant A - Line 2,2023-01-04,"Cooling fan obstructed by debris, motor surface temperature 93°C. Additionally, lip seal deteriorated, grease escaping from gearbox output shaft",overheating,2,Mechanical Seal Leak,High,131.0,2.2,1.5,None - monitoring,0.762,0.86,0.64,0.93,0.61
WO-00429,EQ-0020,Electric Motor,Warehouse C,2023-08-02,"Galvanic corrosion at dissimilar metal joint, wall thickness reduced",corrosion,10,Cluster 10,Low,133.0,2.9,3.0,Bearing 6205-2RS,0.672,0.72,0.53,0.87,0.58
WO-00430,EQ-0040,Gearbox,Plant A - Line 1,2022-09-29,"Cooling fan obstructed by debris, motor surface temperature 91°C",overheating,2,Mechanical Seal Leak,High,,0.9,0.0,Impeller,0.682,0.32,0.92,0.96,0.43
WO-00431,EQ-0025,Centrifugal Pump,Plant A - Line 1,2023-10-15,Corrosion under insulation (CUI) suspected on horizontal pipe section,corrosion,10,Cluster 10,Low,122.0,7.8,10.6,Coupling insert,0.744,0.76,0.62,0.81,0.83
WO-00432,EQ-0031,Heat Exchanger,Warehouse C,2022-07-09,"Impeller damage suspected, broadband vibration increase 4.0 mm/s",vibration,3,Overheating,Medium,,5.2,5.5,Capacitor 40µF,0.807,0.66,0.99,0.63,0.94
WO-00433,EQ-0021,Gearbox,Plant B - Line 3,2023-08-09,Electrical cabinet temperature 74°C due to failed ventilation fan,overheating,2,Mechanical Seal Leak,High,89.0,3.4,4.4,None - monitoring,0.662,0.62,0.53,0.81,0.73
WO-00434,EQ-0008,Heat Exchanger,Plant A - Line 2,2023-03-13,"Earth leakage current 46.2mA detected, isolation check required",electrical_fault,5,Electrical Fault,High,,15.5,2.9,Impeller,0.672,0.88,0.47,0.86,0.48
WO-00435,EQ-0023,Cooling Tower,Warehouse C,2023-07-31,"Seal face wear visible during inspection, scoring on stationary ring",seal_leak,7,Cluster 7,Medium,,8.6,10.3,Capacitor 40µF,0.722,0.46,0.97,0.77,0.62
WO-00436,EQ-0007,Heat Exchanger,Utilities Block,2023-05-03,"Earth leakage current 8.7mA detected, isolation check required",electrical_fault,5,Electrical Fault,High,35.0,11.7,5.3,Oil filter + 5L oil,0.758,0.8,0.8,0.6,0.84
WO-00437,EQ-0039,Hydraulic Press,Plant B - Line 3,2022-10-10,"Oil level low in gearbox sight glass, top-up of 0.8L required",lubrication,2,Mechanical Seal Leak,Low,103.0,2.4,2.7,Contactor 3RT2,0.694,0.61,0.8,0.88,0.41
WO-00438,EQ-0008,Heat Exchanger,Plant A - Line 2,2022-02-11,"Cavitation noise and vibration in pump, inlet pressure below NPSH",vibration,4,Lubrication Issue,Medium,66.0,2.2,1.5,O-ring set,0.868,0.91,0.81,0.9,0.86
WO-00439,EQ-0015,Conveyor Belt,Plant B - Line 1,2022-12-03,"Excessive vibration on pump casing, amplitude 11.6 mm/s at 1500 RPM",vibration,9,Cluster 9,Medium,65.0,15.7,2.0,Impeller,0.688,0.47,0.7,0.8,0.8
WO-00440,EQ-0007,Heat Exchanger,Utilities Block,2022-09-02,"Automatic lubrication system failed, manual greasing required",lubrication,12,Cluster 12,Low,173.0,11.5,10.4,Bearing 6205-2RS,0.777,0.54,0.87,0.93,0.74
WO-00441,EQ-0034,Air Compressor,Plant B - Line 1,2023-04-13,"Bearing play exceeding tolerance, axial movement of 2.03mm observed",bearing_wear,11,Cluster 11,Medium,,4.4,5.4,Coupling insert,0.676,0.98,0.55,0.72,0.43
WO-00442,EQ-0030,Gearbox,Plant A - Line 1,2022-08-22,"Earth leakage current 31.1mA detected, isolation check required",electrical_fault,5,Electrical Fault,High,79.0,2.1,2.3,Coupling insert,0.743,0.74,0.78,0.88,0.52
WO-00443,EQ-0046,Electric Motor,Plant B - Line 3,2023-07-06,"Misalignment between motor and gearbox shaft, 7.8 mm/s 2X vibration",vibration,2,Mechanical Seal Leak,Medium,159.0,11.3,3.4,None - monitoring,0.662,0.9,0.49,0.67,0.61
WO-00444,EQ-0009,Cooling Tower,Plant A - Line 1,2023-07-19,"Oil level low in gearbox sight glass, top-up of 5.0L required. Additionally, o-ring compression set failure, intermittent leak under high pressure",lubrication,7,Cluster 7,Low,,3.5,1.0,None - monitoring,0.882,0.74,0.93,0.99,0.85
WO-00445,EQ-0046,Electric Motor,Plant B - Line 3,2022-04-09,"Rust deposits blocking strainer, pressure differential 27 PSI across filter",corrosion,4,Lubrication Issue,Low,,12.7,9.7,Capacitor 40µF,0.76,0.52,0.88,0.8,0.83
WO-00446,EQ-0046,Electric Motor,Plant B - Line 3,2022-12-22,"VFD fault code F22 logged, overcurrent on deceleration",electrical_fault,7,Cluster 7,High,38.0,1.5,0.8,Oil filter + 5L oil,0.845,0.96,0.84,0.86,0.69
WO-00447,EQ-0046,Electric Motor,Plant B - Line 3,2022-01-07,Internal corrosion found on heat exchanger tubes during inspection,corrosion,8,Cluster 8,Low,,1.3,1.5,Mechanical seal kit,0.604,0.84,0.44,0.53,0.65
WO-00448,EQ-0011,Cooling Tower,Plant A - Line 1,2023-12-15,"Phase imbalance detected, current draw 36% higher on L2",electrical_fault,5,Electrical Fault,High,88.0,3.3,1.5,None - monitoring,0.716,0.92,0.7,0.59,0.64
WO-00449,EQ-0015,Conveyor Belt,Plant B - Line 1,2023-06-26,Electrical cabinet temperature 105°C due to failed ventilation fan,overheating,2,Mechanical Seal Leak,High,84.0,6.5,0.3,Coupling insert,0.818,0.9,0.97,0.59,0.77
WO-00450,EQ-0012,Conveyor Belt,Warehouse C,2023-09-20,"Misalignment between motor and gearbox shaft, 16.6 mm/s 2X vibration. Additionally, capacitor bank showing reduced capacitance, power factor 0.83 below target",vibration,2,Mechanical Seal Leak,Medium,,15.0,20.9,None - monitoring,0.799,0.85,0.97,0.83,0.44
WO-00451,EQ-0016,Air Compressor,Warehouse C,2023-06-24,"Cooling fan obstructed by debris, motor surface temperature 117°C",overheating,2,Mechanical Seal Leak,High,180.0,8.7,5.1,Contactor 3RT2,0.605,0.5,0.48,0.88,0.58
WO-00453,EQ-0020,Electric Motor,Warehouse C,2022-12-05,"Heat exchanger fouling reducing efficiency, outlet temp 99°C above setpoint. Additionally, hydraulic fluid leak at cylinder rod seal, 151 ml/hr estimated loss",overheating,8,Cluster 8,High,,15.8,19.6,None - monitoring,0.544,0.33,0.49,0.62,0.8
WO-00454,EQ-0028,Air Compressor,Utilities Block,2023-09-07,"Earth leakage current 5.8mA detected, isolation check required",electrical_fault,5,Electrical Fault,High,178.0,6.6,6.9,O-ring set,0.648,0.76,0.53,0.82,0.47
WO-00455,EQ-0032,Electric Motor,Plant A - Line 2,2022-03-30,"Metal particles found in oil sample, bearing degradation confirmed",bearing_wear,11,Cluster 11,Medium,128.0,3.6,2.8,Impeller,0.557,0.64,0.47,0.52,0.63
WO-00456,EQ-0006,Gearbox,Warehouse C,2022-02-14,"Coating failure on tank exterior, rust streaks visible below insulation",corrosion,7,Cluster 7,Low,40.0,5.8,8.3,Coupling insert,0.695,0.62,0.94,0.53,0.63
WO-00457,EQ-0019,Centrifugal Pump,Plant B - Line 1,2022-03-01,"Unbalance detected on rotating assembly, vibration 7.4 mm/s 1X component. Additionally, surface corrosion on pipe flanges, pitting depth approx 1.34mm",vibration,3,Overheating,Medium,,12.4,2.2,Bearing 6205-2RS,0.7,0.69,0.44,0.82,0.95
WO-00458,EQ-0037,Gearbox,Warehouse C,2022-08-18,"Misalignment between motor and gearbox shaft, 9.2 mm/s 2X vibration",vibration,2,Mechanical Seal Leak,Medium,164.0,11.8,17.0,Oil filter + 5L oil,0.72,0.92,0.62,0.51,0.88
WO-00459,EQ-0010,Hydraulic Press,Plant A - Line 1,2022-12-12,"Bearing play exceeding tolerance, axial movement of 2.21mm observed",bearing_wear,11,Cluster 11,Medium,103.0,2.6,2.1,Contactor 3RT2,0.833,0.8,0.74,0.97,0.84
WO-00460,EQ-0040,Gearbox,Plant A - Line 1,2023-10-01,"Overheating on drive-end bearing, infrared scan shows hot spot at 100°C",overheating,11,Cluster 11,High,52.0,3.9,3.2,None - monitoring,0.762,0.96,0.66,0.97,0.41
WO-00461,EQ-0014,Cooling Tower,Plant B - Line 1,2023-09-18,Electrical cabinet temperature 76°C due to failed ventilation fan,overheating,2,Mechanical Seal Leak,High,,10.0,11.0,Mechanical seal kit,0.657,0.85,0.45,0.5,0.92
WO-00462,EQ-0004,Electric Motor,Warehouse C,2022-04-14,"Mechanical seal leaking at shaft interface, fluid loss approx 59 ml/hr",seal_leak,1,Vibration & Imbalance,Medium,,3.0,4.0,None - monitoring,0.703,0.38,0.95,0.7,0.74
WO-00463,EQ-0041,Conveyor Belt,Plant A - Line 1,2023-08-24,"Heat exchanger fouling reducing efficiency, outlet temp 109°C above setpoint",overheating,8,Cluster 8,High,,13.2,18.4,O-ring set,0.623,0.61,0.41,0.75,0.8
WO-00464,EQ-0023,Cooling Tower,Warehouse C,2022-03-27,"Oil level low in gearbox sight glass, top-up of 1.9L required",lubrication,2,Mechanical Seal Leak,Low,127.0,0.7,0.9,O-ring set,0.693,0.56,0.55,0.76,0.99
WO-00465,EQ-0002,Heat Exchanger,Utilities Block,2022-05-14,"Unbalance detected on rotating assembly, vibration 13.2 mm/s 1X component",vibration,3,Overheating,Medium,,14.9,0.2,Bearing 6205-2RS,0.594,0.51,0.52,0.74,0.63
WO-00466,EQ-0045,Heat Exchanger,Utilities Block,2023-11-19,"Earth leakage current 58.9mA detected, isolation check required",electrical_fault,5,Electrical Fault,High,171.0,14.7,19.0,Bearing 6205-2RS,0.707,0.87,0.88,0.55,0.44
WO-00467,EQ-0024,Heat Exchanger,Warehouse C,2023-10-03,"Metal particles found in oil sample, bearing degradation confirmed. Additionally, unusual noise detected in bearing housing, suspected wear on inner race",bearing_wear,5,Electrical Fault,Medium,122.0,13.2,14.0,O-ring set,0.794,0.63,0.84,0.8,0.92
WO-00468,EQ-0029,Conveyor Belt,Plant A - Line 1,2023-08-30,"Unusual noise detected in bearing housing, suspected wear on inner race",bearing_wear,5,Electrical Fault,Medium,106.0,8.4,3.6,Oil filter + 5L oil,0.822,0.88,0.84,0.77,0.79
WO-00469,EQ-0044,Electric Motor,Plant B - Line 1,2022-04-01,"O-ring compression set failure, intermittent leak under high pressure",seal_leak,7,Cluster 7,Medium,93.0,11.3,10.3,Oil filter + 5L oil,0.728,0.81,0.59,0.68,0.89
WO-00470,EQ-0024,Heat Exchanger,Warehouse C,2023-04-09,"Impeller damage suspected, broadband vibration increase 18.0 mm/s",vibration,3,Overheating,Medium,99.0,7.0,0.3,Coupling insert,0.685,0.57,0.92,0.57,0.62
WO-00471,EQ-0028,Air Compressor,Utilities Block,2023-07-17,Corrosion under insulation (CUI) suspected on horizontal pipe section,corrosion,10,Cluster 10,Low,49.0,8.0,8.7,None - monitoring,0.723,0.96,0.5,0.98,0.44
WO-00472,EQ-0007,Heat Exchanger,Utilities Block,2023-03-16,"High-pitched squealing noise from bearing assembly, lubrication appears insufficient",bearing_wear,12,Cluster 12,Medium,,9.8,7.8,Coupling insert,0.857,0.86,0.92,0.68,0.98
WO-00473,EQ-0005,Electric Motor,Utilities Block,2023-08-10,"High-pitched squealing noise from bearing assembly, lubrication appears insufficient",bearing_wear,12,Cluster 12,Medium,,4.0,3.6,Contactor 3RT2,0.634,0.64,0.68,0.51,0.71
WO-00474,EQ-0007,Heat Exchanger,Utilities Block,2023-05-01,"Cooling fan obstructed by debris, motor surface temperature 104°C",overheating,2,Mechanical Seal Leak,High,163.0,0.5,0.3,Impeller,0.816,0.69,0.87,0.98,0.69
WO-00475,EQ-0021,Gearbox,Plant B - Line 3,2023-03-10,"Cavitation noise and vibration in pump, inlet pressure below NPSH",vibration,4,Lubrication Issue,Medium,,13.7,6.1,O-ring set,0.588,0.51,0.42,0.82,0.65
WO-00476,EQ-0024,Heat Exchanger,Warehouse C,2022-02-05,"Cooling fan obstructed by debris, motor surface temperature 93°C. Additionally, unusual noise detected in bearing housing, suspected wear on inner race",overheating,5,Electrical Fault,High,,5.5,6.2,Capacitor 40µF,0.564,0.34,0.83,0.57,0.44
WO-00477,EQ-0005,Electric Motor,Utilities Block,2023-10-20,"Unusual noise detected in bearing housing, suspected wear on inner race",bearing_wear,5,Electrical Fault,Medium,,11.3,9.3,Contactor 3RT2,0.646,0.61,0.47,0.96,0.56
WO-00479,EQ-0032,Electric Motor,Plant A - Line 2,2022-06-13,"Bearing vibration amplitude 7.9 mm/s RMS, trending upward over last 13 days",bearing_wear,3,Overheating,Medium,,12.2,4.7,Coupling insert,0.766,0.93,0.64,0.83,0.67
WO-00480,EQ-0029,Conveyor Belt,Plant A - Line 1,2023-12-08,Belt tension incorrect causing vibration and premature wear,vibration,0,Bearing Wear & Noise,Medium,,14.2,17.4,Impeller,0.7,0.34,0.78,0.78,0.93
WO-00481,EQ-0017,Electric Motor,Plant A - Line 2,2023-09-04,"Mechanical seal leaking at shaft interface, fluid loss approx 57 ml/hr",seal_leak,1,Vibration & Imbalance,Medium,171.0,13.8,5.1,Mechanical seal kit,0.888,0.92,0.91,0.81,0.91
WO-00482,EQ-0018,Electric Motor,Utilities Block,2022-11-01,"Oil analysis shows high iron content 88 ppm, internal wear indicated",lubrication,11,Cluster 11,Low,,14.4,6.5,Impeller,0.845,0.95,0.93,0.9,0.52
WO-00483,EQ-0041,Conveyor Belt,Plant A - Line 1,2022-02-15,"Earth leakage current 59.4mA detected, isolation check required. Additionally, motor winding resistance out of tolerance, possible turn-to-turn short",electrical_fault,11,Cluster 11,High,,15.4,20.2,Impeller,0.684,0.44,0.56,0.84,0.98
WO-00484,EQ-0013,Electric Motor,Plant B - Line 1,2023-04-29,"Seal face wear visible during inspection, scoring on stationary ring",seal_leak,7,Cluster 7,Medium,96.0,10.7,6.0,Capacitor 40µF,0.619,0.4,0.84,0.67,0.5
WO-00485,EQ-0026,Cooling Tower,Warehouse C,2023-04-07,"Heat exchanger fouling reducing efficiency, outlet temp 114°C above setpoint",overheating,8,Cluster 8,High,,13.9,3.4,Coupling insert,0.793,0.65,0.92,0.81,0.76
WO-00486,EQ-0035,Electric Motor,Warehouse C,2022-08-13,"Belt tension incorrect causing vibration and premature wear. Additionally, earth leakage current 67.7ma detected, isolation check required",vibration,0,Bearing Wear & Noise,Medium,105.0,11.2,16.6,Impeller,0.734,0.41,0.82,0.88,0.83
WO-00487,EQ-0033,Centrifugal Pump,Warehouse C,2022-11-08,"Galvanic corrosion at dissimilar metal joint, wall thickness reduced. Additionally, o-ring compression set failure, intermittent leak under high pressure",corrosion,7,Cluster 7,Low,151.0,14.8,14.1,Bearing 6205-2RS,0.802,0.78,0.99,0.75,0.61
WO-00488,EQ-0017,Electric Motor,Plant A - Line 2,2023-02-25,"Capacitor bank showing reduced capacitance, power factor 0.84 below target. Additionally, hydraulic fluid leak at cylinder rod seal, 102 ml/hr estimated loss",electrical_fault,8,Cluster 8,High,176.0,2.5,3.2,Capacitor 40µF,0.709,0.61,0.7,0.73,0.82
WO-00489,EQ-0025,Centrifugal Pump,Plant A - Line 1,2023-12-05,"Chemical attack on pump impeller, material loss estimated 38%",corrosion,8,Cluster 8,Low,20.0,3.6,2.6,None - monitoring,0.884,0.84,0.88,0.95,0.86
WO-00490,EQ-0003,Cooling Tower,Plant A - Line 1,2023-12-17,"Oil seepage observed around pump casing seal, minor pooling on floor",seal_leak,9,Cluster 9,Medium,135.0,14.4,8.0,Mechanical seal kit,0.617,0.59,0.42,0.72,0.82
WO-00491,EQ-0005,Electric Motor,Utilities Block,2022-09-27,"High-pitched squealing noise from bearing assembly, lubrication appears insufficient",bearing_wear,12,Cluster 12,Medium,169.0,3.4,2.1,Bearing 6205-2RS,0.568,0.46,0.49,0.57,0.82
WO-00492,EQ-0001,Air Compressor,Plant A - Line 1,2023-05-06,"Compressor discharge temperature 115°C, intercooler bypass suspected",overheating,2,Mechanical Seal Leak,High,45.0,6.5,6.2,Mechanical seal kit,0.616,0.4,0.48,0.75,0.92
WO-00493,EQ-0005,Electric Motor,Utilities Block,2023-01-18,"Excessive vibration on pump casing, amplitude 12.0 mm/s at 1000 RPM",vibration,9,Cluster 9,Medium,156.0,13.5,4.6,Impeller,0.836,0.73,0.87,0.94,0.79
WO-00494,EQ-0049,Cooling Tower,Utilities Block,2022-10-15,"Unbalance detected on rotating assembly, vibration 10.0 mm/s 1X component",vibration,3,Overheating,Medium,88.0,5.2,4.2,Oil filter + 5L oil,0.784,0.9,0.68,0.74,0.85
WO-00495,EQ-0045,Heat Exchanger,Utilities Block,2022-10-02,"Cavitation noise and vibration in pump, inlet pressure below NPSH",vibration,4,Lubrication Issue,Medium,,14.1,12.6,Coupling insert,0.672,0.95,0.59,0.62,0.51
WO-00496,EQ-0020,Electric Motor,Warehouse C,2022-07-29,"High-pitched squealing noise from bearing assembly, lubrication appears insufficient",bearing_wear,12,Cluster 12,Medium,,9.5,2.5,Contactor 3RT2,0.703,0.44,0.87,0.92,0.51
WO-00498,EQ-0009,Cooling Tower,Plant A - Line 1,2023-09-11,Corrosion under insulation (CUI) suspected on horizontal pipe section,corrosion,10,Cluster 10,Low,69.0,14.9,7.9,O-ring set,0.625,0.32,0.75,0.88,0.5
WO-00499,EQ-0025,Centrifugal Pump,Plant A - Line 1,2023-01-29,"Lip seal deteriorated, grease escaping from gearbox output shaft. Additionally, dynamic seal failure suspected, pressure drop of 29% noted in system",seal_leak,7,Cluster 7,Medium,,12.1,0.4,Contactor 3RT2,0.802,0.92,0.69,0.89,0.71
WO-00500,EQ-0021,Gearbox,Plant B - Line 3,2023-02-19,"Metal particles found in oil sample, bearing degradation confirmed",bearing_wear,11,Cluster 11,Medium,75.0,14.4,8.2,Bearing 6205-2RS,0.71,0.78,0.74,0.82,0.44
WO-00501,EQ-0046,Electric Motor,Plant B - Line 3,2022-02-21,"Galvanic corrosion at dissimilar metal joint, wall thickness reduced. Additionally, wrong lubricant grade used during last service, compatibility issue",corrosion,6,Corrosion & Erosion,Low,135.0,14.9,10.1,O-ring set,0.744,0.9,0.57,0.96,0.54
WO-00502,EQ-0020,Electric Motor,Warehouse C,2022-01-09,"Unusual noise detected in bearing housing, suspected wear on inner race. Additionally, surface corrosion on pipe flanges, pitting depth approx 1.95mm",bearing_wear,5,Electrical Fault,Medium,44.0,12.4,9.5,Capacitor 40µF,0.52,0.65,0.43,0.57,0.43
WO-00503,EQ-0010,Hydraulic Press,Plant A - Line 1,2023-09-13,"Internal corrosion found on heat exchanger tubes during inspection. Additionally, unbalance detected on rotating assembly, vibration 10.5 mm/s 1x component",corrosion,3,Overheating,Low,104.0,12.2,9.6,O-ring set,0.702,0.65,0.7,0.9,0.52
WO-00504,EQ-0039,Hydraulic Press,Plant B - Line 3,2023-04-06,"Automatic lubrication system failed, manual greasing required",lubrication,12,Cluster 12,Low,,12.8,14.4,None - monitoring,0.525,0.47,0.41,0.61,0.66
WO-00505,EQ-0032,Electric Motor,Plant A - Line 2,2023-11-01,Electrical cabinet temperature 94°C due to failed ventilation fan,overheating,2,Mechanical Seal Leak,High,,1.7,0.7,Capacitor 40µF,0.816,0.63,0.96,0.93,0.69
WO-00506,EQ-0023,Cooling Tower,Warehouse C,2023-09-20,"Dynamic seal failure suspected, pressure drop of 40% noted in system",seal_leak,7,Cluster 7,Medium,160.0,5.6,3.1,Mechanical seal kit,0.81,0.92,0.86,0.72,0.71
WO-00507,EQ-0043,Air Compressor,Plant A - Line 1,2023-02-08,Corrosion under insulation (CUI) suspected on horizontal pipe section,corrosion,10,Cluster 10,Low,12.0,5.2,7.4,None - monitoring,0.696,0.7,0.65,0.91,0.49
WO-00508,EQ-0036,Gearbox,Plant A - Line 1,2022-12-17,"Unbalance detected on rotating assembly, vibration 4.6 mm/s 1X component",vibration,3,Overheating,Medium,,15.7,20.0,Capacitor 40µF,0.826,0.68,0.94,0.87,0.78
WO-00509,EQ-0021,Gearbox,Plant B - Line 3,2022-02-22,Belt tension incorrect causing vibration and premature wear,vibration,0,Bearing Wear & Noise,Medium,,5.2,6.7,O-ring set,0.792,0.69,0.91,0.61,0.97
WO-00510,EQ-0030,Gearbox,Plant A - Line 1,2023-03-17,"Oil level low in gearbox sight glass, top-up of 4.7L required. Additionally, impeller damage suspected, broadband vibration increase 9.6 mm/s",lubrication,3,Overheating,Low,,4.9,4.5,Coupling insert,0.545,0.41,0.6,0.69,0.45
WO-00511,EQ-0006,Gearbox,Warehouse C,2023-01-01,"Bearing vibration amplitude 8.9 mm/s RMS, trending upward over last 8 days",bearing_wear,3,Overheating,Medium,,1.9,0.5,Coupling insert,0.611,0.37,1.0,0.54,0.42
WO-00512,EQ-0001,Air Compressor,Plant A - Line 1,2022-09-24,Internal corrosion found on heat exchanger tubes during inspection,corrosion,8,Cluster 8,Low,180.0,8.5,6.3,Oil filter + 5L oil,0.724,0.32,0.91,0.83,0.82
WO-00513,EQ-0029,Conveyor Belt,Plant A - Line 1,2023-11-19,"Compressor discharge temperature 84°C, intercooler bypass suspected. Additionally, bearing temperature elevated to 71°c during operation, vibration increasing",overheating,2,Mechanical Seal Leak,High,151.0,5.2,5.5,Bearing 6205-2RS,0.58,0.55,0.63,0.67,0.43
WO-00514,EQ-0017,Electric Motor,Plant A - Line 2,2022-01-10,"Gearbox oil temperature 96°C, possible cooler blockage. Additionally, automatic lubrication system failed, manual greasing required",overheating,12,Cluster 12,High,,11.5,13.8,Coupling insert,0.65,0.3,0.69,0.91,0.7
WO-00515,EQ-0014,Cooling Tower,Plant B - Line 1,2023-07-15,"Bearing vibration amplitude 13.9 mm/s RMS, trending upward over last 20 days",bearing_wear,3,Overheating,Medium,117.0,1.2,0.6,Mechanical seal kit,0.866,0.63,0.93,0.96,0.95
WO-00516,EQ-0039,Hydraulic Press,Plant B - Line 3,2023-04-06,"Misalignment between motor and gearbox shaft, 9.2 mm/s 2X vibration",vibration,2,Mechanical Seal Leak,Medium,1.0,7.2,10.4,Capacitor 40µF,0.754,0.87,0.73,0.71,0.7
WO-00517,EQ-0047,Air Compressor,Utilities Block,2022-09-21,"Corrosion under insulation (CUI) suspected on horizontal pipe section. Additionally, internal corrosion found on heat exchanger tubes during inspection",corrosion,10,Cluster 10,Low,110.0,3.7,0.9,Oil filter + 5L oil,0.63,0.52,0.73,0.77,0.44
WO-00518,EQ-0010,Hydraulic Press,Plant A - Line 1,2022-10-12,"Automatic lubrication system failed, manual greasing required",lubrication,12,Cluster 12,Low,,6.0,0.8,None - monitoring,0.674,0.86,0.73,0.63,0.41
WO-00519,EQ-0040,Gearbox,Plant A - Line 1,2023-03-19,"Coating failure on tank exterior, rust streaks visible below insulation",corrosion,7,Cluster 7,Low,132.0,12.5,7.5,Contactor 3RT2,0.751,0.73,0.69,0.79,0.82
WO-00520,EQ-0048,Cooling Tower,Plant B - Line 3,2023-10-27,"Hydraulic fluid leak at cylinder rod seal, 87 ml/hr estimated loss",seal_leak,8,Cluster 8,Medium,2.0,15.5,20.0,O-ring set,0.739,0.89,0.76,0.78,0.47
WO-00521,EQ-0009,Cooling Tower,Plant A - Line 1,2022-05-21,"Cavitation noise and vibration in pump, inlet pressure below NPSH",vibration,4,Lubrication Issue,Medium,,13.1,19.6,Coupling insert,0.891,0.89,0.99,0.99,0.62
WO-00522,EQ-0032,Electric Motor,Plant A - Line 2,2022-11-22,"Dynamic seal failure suspected, pressure drop of 10% noted in system",seal_leak,7,Cluster 7,Medium,,3.3,1.1,Contactor 3RT2,0.65,0.33,0.59,0.88,0.85
WO-00523,EQ-0006,Gearbox,Warehouse C,2022-05-21,"Chemical attack on pump impeller, material loss estimated 24%",corrosion,8,Cluster 8,Low,151.0,0.6,0.8,Impeller,0.647,0.87,0.64,0.55,0.5
WO-00524,EQ-0036,Gearbox,Plant A - Line 1,2022-01-06,"Lubricant contamination detected, water content 11% above limit",lubrication,6,Corrosion & Erosion,Low,,14.1,12.2,Impeller,0.614,0.68,0.44,0.61,0.8
WO-00525,EQ-0013,Electric Motor,Plant B - Line 1,2022-04-28,"Rust deposits blocking strainer, pressure differential 18 PSI across filter",corrosion,4,Lubrication Issue,Low,49.0,12.1,12.5,O-ring set,0.798,0.87,0.75,0.98,0.55
WO-00526,EQ-0046,Electric Motor,Plant B - Line 3,2023-04-03,"Bearing temperature elevated to 112°C during operation, vibration increasing",bearing_wear,2,Mechanical Seal Leak,Medium,166.0,12.7,16.6,None - monitoring,0.676,0.57,0.71,0.64,0.8
WO-00527,EQ-0041,Conveyor Belt,Plant A - Line 1,2022-03-03,"Bearing play exceeding tolerance, axial movement of 0.55mm observed",bearing_wear,11,Cluster 11,Medium,,8.6,2.6,Oil filter + 5L oil,0.53,0.4,0.57,0.71,0.41
WO-00528,EQ-0049,Cooling Tower,Utilities Block,2023-01-29,"Cavitation noise and vibration in pump, inlet pressure below NPSH",vibration,4,Lubrication Issue,Medium,142.0,8.4,11.8,Oil filter + 5L oil,0.735,0.8,0.71,0.84,0.56
WO-00529,EQ-0043,Air Compressor,Plant A - Line 1,2022-07-07,"Misalignment between motor and gearbox shaft, 3.0 mm/s 2X vibration",vibration,2,Mechanical Seal Leak,Medium,,15.7,0.1,Coupling insert,0.766,0.84,0.86,0.71,0.6
WO-00530,EQ-0031,Heat Exchanger,Warehouse C,2023-10-02,"Unusual noise detected in bearing housing, suspected wear on inner race",bearing_wear,5,Electrical Fault,Medium,63.0,5.5,7.1,Impeller,0.743,0.83,0.72,0.75,0.66
WO-00531,EQ-0036,Gearbox,Plant A - Line 1,2023-09-19,"Unusual noise detected in bearing housing, suspected wear on inner race. Additionally, internal corrosion found on heat exchanger tubes during inspection",bearing_wear,5,Electrical Fault,Medium,65.0,12.8,10.3,Bearing 6205-2RS,0.644,0.63,0.57,0.58,0.85
WO-00532,EQ-0047,Air Compressor,Utilities Block,2023-04-09,Grease discolouration and hardening noted around bearing cap,bearing_wear,2,Mechanical Seal Leak,Medium,43.0,0.9,0.1,Bearing 6205-2RS,0.684,0.77,0.52,0.91,0.54
WO-00533,EQ-0003,Cooling Tower,Plant A - Line 1,2022-11-03,"Phase imbalance detected, current draw 33% higher on L2",electrical_fault,5,Electrical Fault,High,,7.2,7.4,Impeller,0.522,0.56,0.5,0.52,0.51
WO-00534,EQ-0027,Gearbox,Warehouse C,2022-12-04,Grease discolouration and hardening noted around bearing cap,bearing_wear,2,Mechanical Seal Leak,Medium,,2.9,4.3,Contactor 3RT2,0.816,0.97,0.65,0.81,0.88
WO-00535,EQ-0018,Electric Motor,Utilities Block,2022-08-26,"Lip seal deteriorated, grease escaping from gearbox output shaft. Additionally, bearing temperature elevated to 112°c during operation, vibration increasing",seal_leak,2,Mechanical Seal Leak,Medium,,4.2,0.3,Capacitor 40µF,0.707,0.92,0.54,0.78,0.6
WO-00536,EQ-0035,Electric Motor,Warehouse C,2023-03-09,"High-pitched squealing noise from bearing assembly, lubrication appears insufficient",bearing_wear,12,Cluster 12,Medium,,9.0,10.0,Impeller,0.59,0.42,0.57,0.92,0.42
WO-00537,EQ-0049,Cooling Tower,Utilities Block,2023-03-26,"Unusual noise detected in bearing housing, suspected wear on inner race",bearing_wear,5,Electrical Fault,Medium,,8.9,5.0,Bearing 6205-2RS,0.822,0.8,0.99,0.66,0.8
WO-00538,EQ-0033,Centrifugal Pump,Warehouse C,2023-09-29,"Impeller damage suspected, broadband vibration increase 3.4 mm/s",vibration,3,Overheating,Medium,,5.4,3.8,None - monitoring,0.576,0.63,0.43,0.52,0.8
WO-00539,EQ-0016,Air Compressor,Warehouse C,2023-01-14,Electrical cabinet temperature 86°C due to failed ventilation fan,overheating,2,Mechanical Seal Leak,High,,6.2,7.6,None - monitoring,0.688,0.81,0.73,0.52,0.68
WO-00540,EQ-0027,Gearbox,Warehouse C,2022-02-18,"Seal face wear visible during inspection, scoring on stationary ring",seal_leak,7,Cluster 7,Medium,,13.9,5.3,Mechanical seal kit,0.844,0.92,0.95,0.87,0.56
WO-00541,EQ-0047,Air Compressor,Utilities Block,2023-06-26,"O-ring compression set failure, intermittent leak under high pressure. Additionally, bearing temperature elevated to 109°c during operation, vibration increasing",seal_leak,7,Cluster 7,Medium,27.0,5.3,6.2,Impeller,0.855,0.91,0.89,0.65,0.99
WO-00542,EQ-0025,Centrifugal Pump,Plant A - Line 1,2022-01-24,Grease discolouration and hardening noted around bearing cap,bearing_wear,2,Mechanical Seal Leak,Medium,,7.8,3.6,Oil filter + 5L oil,0.841,0.66,0.98,0.77,0.95
WO-00543,EQ-0002,Heat Exchanger,Utilities Block,2022-10-24,Corrosion under insulation (CUI) suspected on horizontal pipe section,corrosion,10,Cluster 10,Low,,1.4,1.8,Contactor 3RT2,0.736,0.94,0.53,0.88,0.61
WO-00544,EQ-0034,Air Compressor,Plant B - Line 1,2022-07-23,"Dynamic seal failure suspected, pressure drop of 10% noted in system",seal_leak,7,Cluster 7,Medium,24.0,10.3,3.1,O-ring set,0.66,0.58,0.59,0.61,0.93
WO-00545,EQ-0003,Cooling Tower,Plant A - Line 1,2023-12-21,"Insulation resistance measured at 33 MΩ, below 100 MΩ minimum. Additionally, oil level low in gearbox sight glass, top-up of 2.6l required",electrical_fault,2,Mechanical Seal Leak,High,73.0,13.3,11.9,Bearing 6205-2RS,0.802,0.92,0.81,0.7,0.77
WO-00546,EQ-0023,Cooling Tower,Warehouse C,2023-02-22,"Unusual noise detected in bearing housing, suspected wear on inner race",bearing_wear,5,Electrical Fault,Medium,41.0,15.1,13.7,O-ring set,0.586,0.35,0.67,0.67,0.65
WO-00547,EQ-0006,Gearbox,Warehouse C,2023-03-15,"Mechanical seal leaking at shaft interface, fluid loss approx 138 ml/hr",seal_leak,1,Vibration & Imbalance,Medium,12.0,8.5,1.2,None - monitoring,0.57,0.85,0.41,0.52,0.52
WO-00548,EQ-0004,Electric Motor,Warehouse C,2022-09-18,"Unbalance detected on rotating assembly, vibration 16.2 mm/s 1X component",vibration,3,Overheating,Medium,,6.0,7.4,Capacitor 40µF,0.696,0.43,0.74,0.74,0.91
WO-00549,EQ-0028,Air Compressor,Utilities Block,2023-11-15,Corrosion under insulation (CUI) suspected on horizontal pipe section,corrosion,10,Cluster 10,Low,,11.9,9.4,Bearing 6205-2RS,0.646,0.45,0.79,0.81,0.47
WO-00550,EQ-0007,Heat Exchanger,Utilities Block,2023-04-09,"Motor winding resistance out of tolerance, possible turn-to-turn short",electrical_fault,11,Cluster 11,High,,9.5,2.4,None - monitoring,0.779,0.84,0.74,0.69,0.87
WO-00551,EQ-0019,Centrifugal Pump,Plant B - Line 1,2022-04-16,Corrosion under insulation (CUI) suspected on horizontal pipe section,corrosion,10,Cluster 10,Low,129.0,14.3,12.2,O-ring set,0.777,0.92,0.47,0.92,0.88
WO-00552,EQ-0015,Conveyor Belt,Plant B - Line 1,2022-02-01,"Oil seepage observed around pump casing seal, minor pooling on floor",seal_leak,9,Cluster 9,Medium,,3.2,1.0,Contactor 3RT2,0.686,0.66,0.53,0.84,0.76
WO-00553,EQ-0024,Heat Exchanger,Warehouse C,2023-07-17,"VFD fault code F19 logged, overcurrent on deceleration",electrical_fault,7,Cluster 7,High,,12.7,7.7,Capacitor 40µF,0.722,0.77,0.66,0.63,0.87
WO-00554,EQ-0025,Centrifugal Pump,Plant A - Line 1,2022-12-11,"Misalignment between motor and gearbox shaft, 16.8 mm/s 2X vibration",vibration,2,Mechanical Seal Leak,Medium,,12.1,4.6,Oil filter + 5L oil,0.662,0.58,0.49,0.79,0.86
WO-00555,EQ-0033,Centrifugal Pump,Warehouse C,2022-10-28,"Mechanical seal leaking at shaft interface, fluid loss approx 197 ml/hr. Additionally, automatic lubrication system failed, manual greasing required",seal_leak,1,Vibration & Imbalance,Medium,,1.6,1.8,Impeller,0.607,0.59,0.51,0.81,0.52
WO-00556,EQ-0038,Cooling Tower,Plant A - Line 2,2023-04-05,"Oil viscosity out of specification, degraded due to thermal cycling",lubrication,9,Cluster 9,Low,,11.8,13.5,O-ring set,0.65,0.72,0.61,0.78,0.46
WO-00557,EQ-0032,Electric Motor,Plant A - Line 2,2022-07-29,"Capacitor bank showing reduced capacitance, power factor 0.73 below target. Additionally, unbalance detected on rotating assembly, vibration 17.3 mm/s 1x component",electrical_fault,3,Overheating,High,,14.4,3.5,Mechanical seal kit,0.61,0.72,0.4,0.56,0.85
WO-00558,EQ-0016,Air Compressor,Warehouse C,2022-06-22,Corrosion under insulation (CUI) suspected on horizontal pipe section,corrosion,10,Cluster 10,Low,,5.5,1.2,Oil filter + 5L oil,0.71,0.66,0.98,0.55,0.57
WO-00559,EQ-0004,Electric Motor,Warehouse C,2023-10-17,"Oil seepage observed around pump casing seal, minor pooling on floor",seal_leak,9,Cluster 9,Medium,126.0,14.4,12.7,Mechanical seal kit,0.725,0.74,0.56,0.97,0.65
WO-00560,EQ-0037,Gearbox,Warehouse C,2023-02-23,Belt tension incorrect causing vibration and premature wear,vibration,0,Bearing Wear & Noise,Medium,59.0,9.4,6.3,Impeller,0.784,0.85,0.75,0.86,0.66
WO-00561,EQ-0044,Electric Motor,Plant B - Line 1,2023-04-04,"Oil level low in gearbox sight glass, top-up of 2.2L required. Additionally, coating failure on tank exterior, rust streaks visible below insulation",lubrication,7,Cluster 7,Low,,11.1,6.7,Mechanical seal kit,0.771,0.67,0.86,0.59,0.99
WO-00562,EQ-0009,Cooling Tower,Plant A - Line 1,2022-05-10,"Seal face wear visible during inspection, scoring on stationary ring",seal_leak,7,Cluster 7,Medium,,1.1,0.5,Contactor 3RT2,0.809,0.76,0.73,0.99,0.76
WO-00563,EQ-0045,Heat Exchanger,Utilities Block,2022-02-06,"Dynamic seal failure suspected, pressure drop of 37% noted in system",seal_leak,7,Cluster 7,Medium,,7.3,3.9,Contactor 3RT2,0.703,0.93,0.64,0.7,0.52
WO-00564,EQ-0050,Electric Motor,Plant A - Line 2,2023-05-25,"Lubricant contamination detected, water content 9% above limit",lubrication,6,Corrosion & Erosion,Low,,2.9,3.6,Capacitor 40µF,0.777,0.7,0.7,0.87,0.87
WO-00565,EQ-0035,Electric Motor,Warehouse C,2023-12-04,"Lip seal deteriorated, grease escaping from gearbox output shaft",seal_leak,2,Mechanical Seal Leak,Medium,10.0,1.0,0.2,Capacitor 40µF,0.704,0.42,0.85,0.93,0.56
WO-00566,EQ-0012,Conveyor Belt,Warehouse C,2022-08-16,"Grease nipple blocked, bearing running dry for estimated 25 days",lubrication,2,Mechanical Seal Leak,Low,,3.5,5.0,Mechanical seal kit,0.582,0.54,0.5,0.54,0.81
WO-00567,EQ-0021,Gearbox,Plant B - Line 3,2023-12-04,Grease discolouration and hardening noted around bearing cap,bearing_wear,2,Mechanical Seal Leak,Medium,58.0,13.8,19.4,Capacitor 40µF,0.672,0.8,0.62,0.51,0.79
WO-00568,EQ-0034,Air Compressor,Plant B - Line 1,2023-08-14,"Seal face wear visible during inspection, scoring on stationary ring",seal_leak,7,Cluster 7,Medium,29.0,14.7,13.2,Bearing 6205-2RS,0.656,0.44,0.9,0.67,0.54
WO-00569,EQ-0003,Cooling Tower,Plant A - Line 1,2023-05-03,"High-pitched squealing noise from bearing assembly, lubrication appears insufficient",bearing_wear,12,Cluster 12,Medium,,15.2,2.2,Impeller,0.711,0.9,0.43,0.98,0.56
WO-00570,EQ-0010,Hydraulic Press,Plant A - Line 1,2023-09-12,"Earth leakage current 33.7mA detected, isolation check required",electrical_fault,5,Electrical Fault,High,,2.5,1.8,Coupling insert,0.742,0.39,0.91,0.76,0.91
WO-00571,EQ-0023,Cooling Tower,Warehouse C,2022-06-21,"Cooling fan obstructed by debris, motor surface temperature 86°C",overheating,2,Mechanical Seal Leak,High,87.0,8.4,12.4,Capacitor 40µF,0.738,0.74,0.84,0.71,0.62
WO-00572,EQ-0021,Gearbox,Plant B - Line 3,2023-01-17,"Coating failure on tank exterior, rust streaks visible below insulation",corrosion,7,Cluster 7,Low,,9.6,12.6,Contactor 3RT2,0.792,0.39,0.93,0.94,0.9
WO-00573,EQ-0021,Gearbox,Plant B - Line 3,2023-01-28,"Oil level low in gearbox sight glass, top-up of 4.3L required",lubrication,2,Mechanical Seal Leak,Low,159.0,15.9,11.7,Contactor 3RT2,0.82,0.6,0.94,0.89,0.83
WO-00574,EQ-0019,Centrifugal Pump,Plant B - Line 1,2022-04-19,"Unbalance detected on rotating assembly, vibration 7.9 mm/s 1X component",vibration,3,Overheating,Medium,,3.5,0.3,O-ring set,0.824,0.92,0.79,0.81,0.77
WO-00575,EQ-0004,Electric Motor,Warehouse C,2022-11-30,"Motor winding temperature reached 70°C, thermal protection triggered. Additionally, unbalance detected on rotating assembly, vibration 7.6 mm/s 1x component",overheating,3,Overheating,High,24.0,8.4,9.8,None - monitoring,0.794,0.93,0.73,0.86,0.64
WO-00576,EQ-0036,Gearbox,Plant A - Line 1,2022-11-07,"Oil viscosity out of specification, degraded due to thermal cycling. Additionally, oil level low in gearbox sight glass, top-up of 0.8l required",lubrication,2,Mechanical Seal Leak,Low,141.0,2.7,3.6,Coupling insert,0.748,0.79,0.55,0.79,0.94
WO-00577,EQ-0014,Cooling Tower,Plant B - Line 1,2023-05-26,"Dynamic seal failure suspected, pressure drop of 36% noted in system",seal_leak,7,Cluster 7,Medium,,11.7,3.2,Impeller,0.577,0.3,0.74,0.72,0.5
WO-00578,EQ-0022,Heat Exchanger,Plant A - Line 2,2022-04-11,"Lip seal deteriorated, grease escaping from gearbox output shaft",seal_leak,2,Mechanical Seal Leak,Medium,94.0,6.7,7.9,Capacitor 40µF,0.536,0.43,0.42,0.52,0.86
WO-00579,EQ-0032,Electric Motor,Plant A - Line 2,2023-07-02,Belt tension incorrect causing vibration and premature wear,vibration,0,Bearing Wear & Noise,Medium,16.0,12.9,17.9,Contactor 3RT2,0.656,0.31,0.99,0.62,0.63
WO-00580,EQ-0006,Gearbox,Warehouse C,2023-08-14,"Coating failure on tank exterior, rust streaks visible below insulation. Additionally, chemical attack on pump impeller, material loss estimated 35%",corrosion,7,Cluster 7,Low,121.0,1.8,1.9,Mechanical seal kit,0.655,0.73,0.47,0.7,0.78
WO-00581,EQ-0047,Air Compressor,Utilities Block,2022-05-13,"Bearing temperature elevated to 75°C during operation, vibration increasing",bearing_wear,2,Mechanical Seal Leak,Medium,,1.1,1.0,Impeller,0.645,0.4,0.61,0.87,0.72
WO-00582,EQ-0029,Conveyor Belt,Plant A - Line 1,2022-11-05,"Lubricant contamination detected, water content 17% above limit",lubrication,6,Corrosion & Erosion,Low,,2.1,2.4,O-ring set,0.648,0.37,0.57,0.89,0.81
WO-00583,EQ-0041,Conveyor Belt,Plant A - Line 1,2023-01-25,"Misalignment between motor and gearbox shaft, 12.6 mm/s 2X vibration",vibration,2,Mechanical Seal Leak,Medium,,1.5,1.7,Contactor 3RT2,0.764,0.8,0.74,0.67,0.87
WO-00584,EQ-0038,Cooling Tower,Plant A - Line 2,2022-08-06,"Excessive vibration on pump casing, amplitude 17.5 mm/s at 1000 RPM",vibration,9,Cluster 9,Medium,,4.5,0.5,Bearing 6205-2RS,0.534,0.4,0.69,0.53,0.47
WO-00585,EQ-0040,Gearbox,Plant A - Line 1,2022-03-02,"Bearing temperature elevated to 100°C during operation, vibration increasing. Additionally, oil analysis shows high iron content 196 ppm, internal wear indicated",bearing_wear,11,Cluster 11,Medium,158.0,6.1,8.3,Impeller,0.672,0.56,0.94,0.65,0.44
WO-00586,EQ-0029,Conveyor Belt,Plant A - Line 1,2022-05-02,"Impeller damage suspected, broadband vibration increase 8.8 mm/s",vibration,3,Overheating,Medium,,8.5,0.5,None - monitoring,0.658,0.69,0.46,0.7,0.86
WO-00587,EQ-0006,Gearbox,Warehouse C,2022-07-20,"Structural resonance observed at 1500 RPM, bolts found loose on baseplate",vibration,2,Mechanical Seal Leak,Medium,105.0,7.5,2.8,Contactor 3RT2,0.768,0.53,0.98,0.91,0.57
WO-00588,EQ-0034,Air Compressor,Plant B - Line 1,2023-03-16,"Grease nipple blocked, bearing running dry for estimated 10 days",lubrication,2,Mechanical Seal Leak,Low,128.0,1.0,0.2,Coupling insert,0.689,0.44,0.8,0.94,0.52
WO-00589,EQ-0026,Cooling Tower,Warehouse C,2022-02-08,"Grease discolouration and hardening noted around bearing cap. Additionally, overheating on drive-end bearing, infrared scan shows hot spot at 91°c",bearing_wear,11,Cluster 11,Medium,168.0,4.6,1.6,Mechanical seal kit,0.816,0.87,0.74,0.85,0.82
WO-00590,EQ-0045,Heat Exchanger,Utilities Block,2023-02-09,"Mechanical seal leaking at shaft interface, fluid loss approx 86 ml/hr",seal_leak,1,Vibration & Imbalance,Medium,,8.7,6.4,Mechanical seal kit,0.723,0.44,0.75,0.84,0.89
WO-00591,EQ-0025,Centrifugal Pump,Plant A - Line 1,2022-09-28,"Belt tension incorrect causing vibration and premature wear. Additionally, overheating on drive-end bearing, infrared scan shows hot spot at 76°c",vibration,0,Bearing Wear & Noise,Medium,111.0,13.6,19.5,Bearing 6205-2RS,0.612,0.45,0.43,0.73,0.94
WO-00592,EQ-0011,Cooling Tower,Plant A - Line 1,2023-06-10,"Bearing play exceeding tolerance, axial movement of 2.12mm observed",bearing_wear,11,Cluster 11,Medium,150.0,7.5,1.6,Mechanical seal kit,0.9,0.98,0.98,0.87,0.72
WO-00593,EQ-0041,Conveyor Belt,Plant A - Line 1,2022-08-27,"Misalignment between motor and gearbox shaft, 15.0 mm/s 2X vibration",vibration,2,Mechanical Seal Leak,Medium,113.0,15.6,8.7,Capacitor 40µF,0.615,0.42,0.89,0.63,0.43
WO-00594,EQ-0031,Heat Exchanger,Warehouse C,2023-08-28,"Hydraulic fluid leak at cylinder rod seal, 102 ml/hr estimated loss",seal_leak,8,Cluster 8,Medium,43.0,9.8,6.2,O-ring set,0.808,0.62,0.85,0.79,1.0
WO-00595,EQ-0031,Heat Exchanger,Warehouse C,2023-11-22,"Insulation resistance measured at 28 MΩ, below 100 MΩ minimum",electrical_fault,10,Cluster 10,High,,11.2,9.4,None - monitoring,0.757,0.55,0.87,0.73,0.88
WO-00596,EQ-0043,Air Compressor,Plant A - Line 1,2022-11-16,"Motor winding resistance out of tolerance, possible turn-to-turn short",electrical_fault,11,Cluster 11,High,114.0,0.7,0.6,None - monitoring,0.739,0.4,0.99,0.68,0.86
WO-00597,EQ-0041,Conveyor Belt,Plant A - Line 1,2023-05-07,"Compressor discharge temperature 99°C, intercooler bypass suspected",overheating,2,Mechanical Seal Leak,High,135.0,7.4,6.4,Bearing 6205-2RS,0.586,0.74,0.44,0.65,0.53
WO-00598,EQ-0008,Heat Exchanger,Plant A - Line 2,2022-09-12,"Impeller damage suspected, broadband vibration increase 12.6 mm/s",vibration,3,Overheating,Medium,66.0,5.5,4.2,Coupling insert,0.822,0.85,0.82,0.96,0.62
WO-00599,EQ-0018,Electric Motor,Utilities Block,2023-05-11,"Galvanic corrosion at dissimilar metal joint, wall thickness reduced",corrosion,10,Cluster 10,Low,,14.9,1.5,O-ring set,0.769,0.79,0.76,0.79,0.73
WO-00600,EQ-0003,Cooling Tower,Plant A - Line 1,2023-02-08,Belt tension incorrect causing vibration and premature wear,vibration,0,Bearing Wear & Noise,Medium,,15.2,12.4,Capacitor 40µF,0.83,0.73,0.95,0.85,0.75
WO-00601,EQ-0045,Heat Exchanger,Utilities Block,2022-03-05,"Structural resonance observed at 1450 RPM, bolts found loose on baseplate. Additionally, earth leakage current 8.3ma detected, isolation check required",vibration,5,Electrical Fault,Medium,153.0,8.8,10.2,Contactor 3RT2,0.718,0.59,0.55,0.99,0.79
WO-00602,EQ-0007,Heat Exchanger,Utilities Block,2022-02-18,"Misalignment between motor and gearbox shaft, 2.9 mm/s 2X vibration",vibration,2,Mechanical Seal Leak,Medium,97.0,16.0,16.4,Capacitor 40µF,0.678,0.73,0.66,0.71,0.6
WO-00603,EQ-0028,Air Compressor,Utilities Block,2022-07-16,"Mechanical seal leaking at shaft interface, fluid loss approx 98 ml/hr",seal_leak,1,Vibration & Imbalance,Medium,,13.0,0.6,Contactor 3RT2,0.822,0.9,0.62,0.9,0.93
WO-00604,EQ-0009,Cooling Tower,Plant A - Line 1,2022-05-02,"Lubricant contamination detected, water content 30% above limit",lubrication,6,Corrosion & Erosion,Low,76.0,3.3,3.8,None - monitoring,0.778,0.98,0.69,0.83,0.59
WO-00605,EQ-0009,Cooling Tower,Plant A - Line 1,2022-01-07,"Chemical attack on pump impeller, material loss estimated 11%",corrosion,8,Cluster 8,Low,,15.7,0.4,Capacitor 40µF,0.79,0.99,0.69,0.75,0.74
WO-00606,EQ-0013,Electric Motor,Plant B - Line 1,2023-07-22,"Lubricant contamination detected, water content 22% above limit. Additionally, surface corrosion on pipe flanges, pitting depth approx 0.23mm",lubrication,10,Cluster 10,Low,163.0,3.1,4.6,O-ring set,0.636,0.52,0.47,0.78,0.85
WO-00607,EQ-0033,Centrifugal Pump,Warehouse C,2022-03-20,"Dynamic seal failure suspected, pressure drop of 7% noted in system",seal_leak,7,Cluster 7,Medium,50.0,2.9,3.1,Oil filter + 5L oil,0.856,0.84,0.77,0.87,0.99
WO-00608,EQ-0044,Electric Motor,Plant B - Line 1,2022-02-12,"Oil viscosity out of specification, degraded due to thermal cycling. Additionally, wrong lubricant grade used during last service, compatibility issue",lubrication,6,Corrosion & Erosion,Low,163.0,3.5,2.0,Coupling insert,0.706,0.8,0.7,0.57,0.77
WO-00609,EQ-0015,Conveyor Belt,Plant B - Line 1,2023-09-27,"Oil seepage observed around pump casing seal, minor pooling on floor. Additionally, misalignment between motor and gearbox shaft, 6.1 mm/s 2x vibration",seal_leak,9,Cluster 9,Medium,142.0,2.2,2.1,Contactor 3RT2,0.717,0.75,0.47,0.77,0.98
WO-00610,EQ-0033,Centrifugal Pump,Warehouse C,2022-11-19,"Capacitor bank showing reduced capacitance, power factor 0.64 below target",electrical_fault,2,Mechanical Seal Leak,High,180.0,2.6,1.9,Impeller,0.693,0.78,0.55,0.62,0.89
WO-00611,EQ-0047,Air Compressor,Utilities Block,2022-06-04,"Wrong lubricant grade used during last service, compatibility issue",lubrication,6,Corrosion & Erosion,Low,,15.8,15.6,Bearing 6205-2RS,0.8,0.57,0.89,0.97,0.74
WO-00612,EQ-0012,Conveyor Belt,Warehouse C,2023-01-31,"Cavitation noise and vibration in pump, inlet pressure below NPSH",vibration,4,Lubrication Issue,Medium,98.0,2.3,3.1,Capacitor 40µF,0.787,0.94,0.81,0.86,0.47
WO-00613,EQ-0036,Gearbox,Plant A - Line 1,2022-02-05,"High-pitched squealing noise from bearing assembly, lubrication appears insufficient. Additionally, misalignment between motor and gearbox shaft, 14.3 mm/s 2x vibration",bearing_wear,12,Cluster 12,Medium,5.0,7.6,8.6,Bearing 6205-2RS,0.843,0.56,0.89,0.97,0.97
WO-00614,EQ-0038,Cooling Tower,Plant A - Line 2,2023-06-20,"Gearbox oil temperature 69°C, possible cooler blockage. Additionally, bearing vibration amplitude 17.1 mm/s rms, trending upward over last 21 days",overheating,3,Overheating,High,,6.2,5.2,None - monitoring,0.624,0.59,0.52,0.78,0.63
WO-00615,EQ-0047,Air Compressor,Utilities Block,2023-11-08,"Cavitation noise and vibration in pump, inlet pressure below NPSH",vibration,4,Lubrication Issue,Medium,,12.6,1.4,Coupling insert,0.765,0.86,0.66,0.68,0.91
WO-00616,EQ-0037,Gearbox,Warehouse C,2023-01-25,"Overheating on drive-end bearing, infrared scan shows hot spot at 66°C",overheating,11,Cluster 11,High,21.0,9.1,0.1,Coupling insert,0.872,0.95,0.96,0.89,0.62
WO-00617,EQ-0033,Centrifugal Pump,Warehouse C,2023-07-19,"Mechanical seal leaking at shaft interface, fluid loss approx 176 ml/hr",seal_leak,1,Vibration & Imbalance,Medium,24.0,9.9,8.8,None - monitoring,0.61,0.49,0.5,0.8,0.69
WO-00618,EQ-0033,Centrifugal Pump,Warehouse C,2022-11-23,"Structural resonance observed at 1450 RPM, bolts found loose on baseplate",vibration,2,Mechanical Seal Leak,Medium,130.0,2.5,3.2,O-ring set,0.804,0.89,0.62,0.92,0.83
WO-00619,EQ-0002,Heat Exchanger,Utilities Block,2023-09-18,"Oil level low in gearbox sight glass, top-up of 2.8L required",lubrication,2,Mechanical Seal Leak,Low,72.0,0.6,0.1,Capacitor 40µF,0.674,0.43,0.81,0.86,0.54
WO-00620,EQ-0009,Cooling Tower,Plant A - Line 1,2022-01-02,"Oil level low in gearbox sight glass, top-up of 0.9L required",lubrication,2,Mechanical Seal Leak,Low,,13.6,18.1,Mechanical seal kit,0.632,0.52,0.66,0.87,0.43
WO-00621,EQ-0024,Heat Exchanger,Warehouse C,2022-09-20,"O-ring compression set failure, intermittent leak under high pressure",seal_leak,7,Cluster 7,Medium,,13.4,13.1,Oil filter + 5L oil,0.693,0.69,0.6,0.65,0.89
WO-00622,EQ-0010,Hydraulic Press,Plant A - Line 1,2022-06-07,"Chemical attack on pump impeller, material loss estimated 27%. Additionally, capacitor bank showing reduced capacitance, power factor 0.79 below target",corrosion,2,Mechanical Seal Leak,Low,144.0,10.8,6.5,Mechanical seal kit,0.753,0.63,0.58,0.99,0.87
WO-00623,EQ-0047,Air Compressor,Utilities Block,2023-08-26,"Heat exchanger fouling reducing efficiency, outlet temp 98°C above setpoint",overheating,8,Cluster 8,High,65.0,14.3,20.0,Contactor 3RT2,0.737,0.68,0.98,0.66,0.54
WO-00624,EQ-0041,Conveyor Belt,Plant A - Line 1,2023-01-08,"Oil analysis shows high iron content 279 ppm, internal wear indicated",lubrication,11,Cluster 11,Low,,3.0,2.5,Bearing 6205-2RS,0.662,0.68,0.6,0.88,0.46
WO-00625,EQ-0032,Electric Motor,Plant A - Line 2,2022-10-02,"Misalignment between motor and gearbox shaft, 17.8 mm/s 2X vibration. Additionally, gearbox oil temperature 83°c, possible cooler blockage",vibration,2,Mechanical Seal Leak,Medium,,1.8,0.5,Mechanical seal kit,0.757,0.77,0.51,0.95,0.87
WO-00626,EQ-0037,Gearbox,Warehouse C,2023-03-27,"Motor winding temperature reached 65°C, thermal protection triggered",overheating,2,Mechanical Seal Leak,High,,10.1,0.5,Bearing 6205-2RS,0.836,0.97,0.7,0.88,0.82
WO-00627,EQ-0009,Cooling Tower,Plant A - Line 1,2022-08-10,"Compressor discharge temperature 68°C, intercooler bypass suspected",overheating,2,Mechanical Seal Leak,High,,12.5,0.2,Mechanical seal kit,0.686,0.3,0.61,0.97,0.93
WO-00628,EQ-0028,Air Compressor,Utilities Block,2023-01-03,"Metal particles found in oil sample, bearing degradation confirmed",bearing_wear,11,Cluster 11,Medium,63.0,14.6,15.0,O-ring set,0.53,0.33,0.63,0.52,0.64
WO-00629,EQ-0032,Electric Motor,Plant A - Line 2,2023-12-13,"Cavitation noise and vibration in pump, inlet pressure below NPSH",vibration,4,Lubrication Issue,Medium,,11.6,16.6,Oil filter + 5L oil,0.805,0.51,0.82,0.99,0.92
WO-00630,EQ-0002,Heat Exchanger,Utilities Block,2022-09-19,"Bearing play exceeding tolerance, axial movement of 1.0mm observed",bearing_wear,11,Cluster 11,Medium,101.0,3.3,0.5,Oil filter + 5L oil,0.581,0.43,0.44,0.59,0.97
WO-00631,EQ-0045,Heat Exchanger,Utilities Block,2023-11-26,"Internal corrosion found on heat exchanger tubes during inspection. Additionally, wrong lubricant grade used during last service, compatibility issue",corrosion,6,Corrosion & Erosion,Low,117.0,5.7,7.5,Capacitor 40µF,0.744,0.85,0.73,0.66,0.74
WO-00632,EQ-0012,Conveyor Belt,Warehouse C,2022-07-13,"Metal particles found in oil sample, bearing degradation confirmed. Additionally, heat exchanger fouling reducing efficiency, outlet temp 98°c above setpoint",bearing_wear,8,Cluster 8,Medium,44.0,2.0,2.4,Mechanical seal kit,0.787,0.55,0.95,0.89,0.71
WO-00633,EQ-0032,Electric Motor,Plant A - Line 2,2023-04-20,"Earth leakage current 32.9mA detected, isolation check required",electrical_fault,5,Electrical Fault,High,,7.8,8.2,None - monitoring,0.634,0.69,0.43,0.53,1.0
WO-00634,EQ-0022,Heat Exchanger,Plant A - Line 2,2022-11-15,"Grease nipple blocked, bearing running dry for estimated 16 days",lubrication,2,Mechanical Seal Leak,Low,,10.7,16.0,O-ring set,0.636,0.81,0.69,0.5,0.51
WO-00635,EQ-0014,Cooling Tower,Plant B - Line 1,2023-06-22,"Cavitation noise and vibration in pump, inlet pressure below NPSH",vibration,4,Lubrication Issue,Medium,,1.5,2.2,Contactor 3RT2,0.823,0.79,0.8,0.87,0.84
WO-00636,EQ-0009,Cooling Tower,Plant A - Line 1,2022-02-12,"Bearing temperature elevated to 68°C during operation, vibration increasing",bearing_wear,2,Mechanical Seal Leak,Medium,,12.3,9.3,Coupling insert,0.677,0.92,0.64,0.7,0.4
WO-00637,EQ-0004,Electric Motor,Warehouse C,2023-09-05,"O-ring compression set failure, intermittent leak under high pressure",seal_leak,7,Cluster 7,Medium,175.0,14.2,14.6,Impeller,0.728,0.51,0.92,0.52,0.97
WO-00638,EQ-0038,Cooling Tower,Plant A - Line 2,2022-05-02,"VFD fault code F20 logged, overcurrent on deceleration",electrical_fault,7,Cluster 7,High,4.0,8.3,4.6,Coupling insert,0.813,0.98,0.65,0.98,0.64
WO-00639,EQ-0049,Cooling Tower,Utilities Block,2022-05-13,"Oil level low in gearbox sight glass, top-up of 1.9L required. Additionally, structural resonance observed at 3000 rpm, bolts found loose on baseplate",lubrication,2,Mechanical Seal Leak,Low,,6.5,4.2,Mechanical seal kit,0.557,0.51,0.49,0.61,0.65
WO-00640,EQ-0009,Cooling Tower,Plant A - Line 1,2023-12-05,"Oil viscosity out of specification, degraded due to thermal cycling",lubrication,9,Cluster 9,Low,,12.0,16.7,Contactor 3RT2,0.858,0.81,0.94,0.86,0.79
WO-00641,EQ-0037,Gearbox,Warehouse C,2022-07-27,"Contactor pitting observed, intermittent contact causing voltage dips",electrical_fault,0,Bearing Wear & Noise,High,,1.0,1.0,Mechanical seal kit,0.731,0.79,0.62,0.83,0.7
WO-00642,EQ-0002,Heat Exchanger,Utilities Block,2023-10-13,Electrical cabinet temperature 82°C due to failed ventilation fan,overheating,2,Mechanical Seal Leak,High,52.0,6.1,2.2,Impeller,0.756,0.99,0.56,0.69,0.84
WO-00643,EQ-0050,Electric Motor,Plant A - Line 2,2022-11-10,"Impeller damage suspected, broadband vibration increase 16.5 mm/s",vibration,3,Overheating,Medium,88.0,3.4,2.0,Coupling insert,0.687,0.85,0.62,0.69,0.58
WO-00644,EQ-0029,Conveyor Belt,Plant A - Line 1,2022-02-23,Grease discolouration and hardening noted around bearing cap,bearing_wear,2,Mechanical Seal Leak,Medium,,15.3,14.9,Contactor 3RT2,0.82,0.47,0.94,0.97,0.89
WO-00645,EQ-0020,Electric Motor,Warehouse C,2023-05-23,"Rust deposits blocking strainer, pressure differential 5 PSI across filter",corrosion,4,Lubrication Issue,Low,,13.2,18.2,Mechanical seal kit,0.712,0.36,0.84,0.72,0.95
WO-00646,EQ-0036,Gearbox,Plant A - Line 1,2023-08-15,"Oil seepage observed around pump casing seal, minor pooling on floor. Additionally, hydraulic fluid leak at cylinder rod seal, 182 ml/hr estimated loss",seal_leak,9,Cluster 9,Medium,175.0,5.5,1.6,Bearing 6205-2RS,0.671,0.38,0.95,0.82,0.43
WO-00647,EQ-0049,Cooling Tower,Utilities Block,2023-11-30,"Misalignment between motor and gearbox shaft, 9.0 mm/s 2X vibration",vibration,2,Mechanical Seal Leak,Medium,33.0,1.5,0.4,Contactor 3RT2,0.58,0.38,0.42,0.65,0.98
WO-00648,EQ-0045,Heat Exchanger,Utilities Block,2023-06-15,"Coating failure on tank exterior, rust streaks visible below insulation",corrosion,7,Cluster 7,Low,,3.2,3.5,O-ring set,0.704,0.7,0.78,0.74,0.55
WO-00649,EQ-0009,Cooling Tower,Plant A - Line 1,2023-09-15,"VFD fault code F57 logged, overcurrent on deceleration",electrical_fault,7,Cluster 7,High,74.0,6.1,4.3,Coupling insert,0.594,0.46,0.54,0.71,0.7
WO-00650,EQ-0003,Cooling Tower,Plant A - Line 1,2023-05-20,"Motor winding temperature reached 68°C, thermal protection triggered. Additionally, unusual noise detected in bearing housing, suspected wear on inner race",overheating,5,Electrical Fault,High,,13.5,8.8,Capacitor 40µF,0.789,0.9,0.87,0.74,0.59
WO-00651,EQ-0049,Cooling Tower,Utilities Block,2023-08-03,"Oil seepage observed around pump casing seal, minor pooling on floor",seal_leak,9,Cluster 9,Medium,171.0,15.9,15.1,O-ring set,0.62,0.81,0.61,0.53,0.51
WO-00652,EQ-0040,Gearbox,Plant A - Line 1,2022-04-18,"Oil analysis shows high iron content 253 ppm, internal wear indicated",lubrication,11,Cluster 11,Low,,0.6,0.6,Capacitor 40µF,0.824,0.96,0.86,0.83,0.59
WO-00653,EQ-0001,Air Compressor,Plant A - Line 1,2023-08-03,"Oil level low in gearbox sight glass, top-up of 2.1L required. Additionally, rust deposits blocking strainer, pressure differential 28 psi across filter",lubrication,4,Lubrication Issue,Low,,10.9,5.4,Bearing 6205-2RS,0.738,0.7,0.8,0.79,0.63
WO-00654,EQ-0014,Cooling Tower,Plant B - Line 1,2023-05-24,"Structural resonance observed at 1000 RPM, bolts found loose on baseplate",vibration,2,Mechanical Seal Leak,Medium,170.0,1.9,0.9,Contactor 3RT2,0.776,0.83,0.66,0.97,0.64
WO-00655,EQ-0035,Electric Motor,Warehouse C,2023-10-09,"Structural resonance observed at 1000 RPM, bolts found loose on baseplate. Additionally, belt tension incorrect causing vibration and premature wear",vibration,0,Bearing Wear & Noise,Medium,,14.5,15.2,Contactor 3RT2,0.573,0.38,0.46,0.88,0.6
WO-00656,EQ-0013,Electric Motor,Plant B - Line 1,2023-01-23,"Metal particles found in oil sample, bearing degradation confirmed",bearing_wear,11,Cluster 11,Medium,73.0,9.2,6.3,Impeller,0.542,0.3,0.43,0.57,0.98
WO-00657,EQ-0030,Gearbox,Plant A - Line 1,2023-12-09,"Heat exchanger fouling reducing efficiency, outlet temp 99°C above setpoint",overheating,8,Cluster 8,High,,4.5,2.2,None - monitoring,0.551,0.47,0.59,0.61,0.52
WO-00658,EQ-0038,Cooling Tower,Plant A - Line 2,2023-12-13,"Contactor pitting observed, intermittent contact causing voltage dips",electrical_fault,0,Bearing Wear & Noise,High,120.0,11.6,3.1,Mechanical seal kit,0.534,0.41,0.5,0.71,0.52
WO-00659,EQ-0020,Electric Motor,Warehouse C,2022-12-05,"Mechanical seal leaking at shaft interface, fluid loss approx 163 ml/hr",seal_leak,1,Vibration & Imbalance,Medium,,14.1,19.9,Contactor 3RT2,0.618,0.52,0.55,0.54,0.94
WO-00660,EQ-0040,Gearbox,Plant A - Line 1,2023-11-05,"Metal particles found in oil sample, bearing degradation confirmed",bearing_wear,11,Cluster 11,Medium,,3.2,1.1,Coupling insert,0.688,0.65,0.48,0.86,0.83
WO-00661,EQ-0014,Cooling Tower,Plant B - Line 1,2022-04-28,"Oil viscosity out of specification, degraded due to thermal cycling",lubrication,9,Cluster 9,Low,,12.3,8.8,Capacitor 40µF,0.648,0.54,0.57,0.85,0.65
WO-00662,EQ-0022,Heat Exchanger,Plant A - Line 2,2022-02-25,"Cavitation noise and vibration in pump, inlet pressure below NPSH",vibration,4,Lubrication Issue,Medium,,2.7,3.0,Mechanical seal kit,0.594,0.4,0.47,0.87,0.68
WO-00663,EQ-0026,Cooling Tower,Warehouse C,2022-10-31,"Wrong lubricant grade used during last service, compatibility issue. Additionally, rust deposits blocking strainer, pressure differential 16 psi across filter",lubrication,6,Corrosion & Erosion,Low,,3.5,2.1,Bearing 6205-2RS,0.666,0.9,0.52,0.73,0.51
WO-00664,EQ-0027,Gearbox,Warehouse C,2023-08-20,"Mechanical seal leaking at shaft interface, fluid loss approx 111 ml/hr",seal_leak,1,Vibration & Imbalance,Medium,,2.9,3.5,Impeller,0.608,0.61,0.57,0.73,0.51
WO-00665,EQ-0003,Cooling Tower,Plant A - Line 1,2022-06-13,"O-ring compression set failure, intermittent leak under high pressure",seal_leak,7,Cluster 7,Medium,35.0,8.6,2.0,Bearing 6205-2RS,0.617,0.4,0.48,0.7,0.99
WO-00666,EQ-0014,Cooling Tower,Plant B - Line 1,2023-03-25,"Mechanical seal leaking at shaft interface, fluid loss approx 124 ml/hr",seal_leak,1,Vibration & Imbalance,Medium,,2.7,1.9,Coupling insert,0.708,0.83,0.59,0.95,0.43
WO-00667,EQ-0018,Electric Motor,Utilities Block,2023-04-15,"Unbalance detected on rotating assembly, vibration 16.5 mm/s 1X component",vibration,3,Overheating,Medium,149.0,13.0,15.5,Mechanical seal kit,0.626,0.62,0.5,0.58,0.88
WO-00668,EQ-0019,Centrifugal Pump,Plant B - Line 1,2022-09-24,"High-pitched squealing noise from bearing assembly, lubrication appears insufficient",bearing_wear,12,Cluster 12,Medium,160.0,12.7,11.4,Oil filter + 5L oil,0.608,0.34,0.62,0.77,0.72
WO-00669,EQ-0029,Conveyor Belt,Plant A - Line 1,2023-12-31,"Bearing vibration amplitude 7.4 mm/s RMS, trending upward over last 7 days",bearing_wear,3,Overheating,Medium,130.0,11.7,2.6,Impeller,0.66,0.47,0.51,0.79,0.96
WO-00670,EQ-0012,Conveyor Belt,Warehouse C,2022-03-17,"Unusual noise detected in bearing housing, suspected wear on inner race",bearing_wear,5,Electrical Fault,Medium,13.0,13.9,10.1,Contactor 3RT2,0.714,0.72,0.61,0.79,0.77
WO-00671,EQ-0017,Electric Motor,Plant A - Line 2,2022-07-06,"Phase imbalance detected, current draw 11% higher on L2",electrical_fault,5,Electrical Fault,High,93.0,13.8,3.1,None - monitoring,0.67,0.42,0.81,0.84,0.56
WO-00672,EQ-0042,Electric Motor,Plant A - Line 1,2023-09-06,"Cooling fan obstructed by debris, motor surface temperature 77°C",overheating,2,Mechanical Seal Leak,High,85.0,0.7,0.5,Bearing 6205-2RS,0.768,0.9,0.77,0.69,0.7
WO-00673,EQ-0023,Cooling Tower,Warehouse C,2022-11-21,Grease discolouration and hardening noted around bearing cap,bearing_wear,2,Mechanical Seal Leak,Medium,69.0,3.4,4.7,Coupling insert,0.633,0.86,0.5,0.68,0.49
WO-00674,EQ-0027,Gearbox,Warehouse C,2023-02-25,"Bearing play exceeding tolerance, axial movement of 1.4mm observed",bearing_wear,11,Cluster 11,Medium,39.0,9.7,4.6,None - monitoring,0.666,0.46,0.55,0.83,0.89
WO-00675,EQ-0042,Electric Motor,Plant A - Line 1,2022-07-19,"Gearbox oil temperature 104°C, possible cooler blockage",overheating,2,Mechanical Seal Leak,High,28.0,4.0,3.2,Bearing 6205-2RS,0.735,0.49,0.72,0.93,0.82
WO-00676,EQ-0011,Cooling Tower,Plant A - Line 1,2023-03-04,"Bearing vibration amplitude 4.4 mm/s RMS, trending upward over last 14 days",bearing_wear,3,Overheating,Medium,103.0,5.1,0.1,Mechanical seal kit,0.654,0.67,0.56,0.77,0.63
WO-00677,EQ-0020,Electric Motor,Warehouse C,2023-10-16,"Coating failure on tank exterior, rust streaks visible below insulation",corrosion,7,Cluster 7,Low,103.0,12.1,14.1,None - monitoring,0.663,0.81,0.53,0.83,0.47
WO-00678,EQ-0010,Hydraulic Press,Plant A - Line 1,2023-06-08,"Motor winding resistance out of tolerance, possible turn-to-turn short",electrical_fault,11,Cluster 11,High,,9.3,12.0,Mechanical seal kit,0.706,0.63,0.77,0.58,0.86
WO-00679,EQ-0038,Cooling Tower,Plant A - Line 2,2022-06-22,"Cavitation noise and vibration in pump, inlet pressure below NPSH",vibration,4,Lubrication Issue,Medium,,1.5,0.8,O-ring set,0.685,0.68,0.52,0.7,0.92
WO-00680,EQ-0001,Air Compressor,Plant A - Line 1,2023-09-19,"Mechanical seal leaking at shaft interface, fluid loss approx 65 ml/hr",seal_leak,1,Vibration & Imbalance,Medium,116.0,6.7,7.0,Impeller,0.83,0.83,0.96,0.93,0.51
WO-00682,EQ-0011,Cooling Tower,Plant A - Line 1,2023-12-19,"Oil seepage observed around pump casing seal, minor pooling on floor",seal_leak,9,Cluster 9,Medium,124.0,8.1,1.2,None - monitoring,0.784,0.83,0.83,0.91,0.5
WO-00683,EQ-0041,Conveyor Belt,Plant A - Line 1,2022-12-27,"Wrong lubricant grade used during last service, compatibility issue",lubrication,6,Corrosion & Erosion,Low,,7.0,9.0,Capacitor 40µF,0.734,0.78,0.61,0.75,0.84
WO-00684,EQ-0002,Heat Exchanger,Utilities Block,2022-11-12,"Automatic lubrication system failed, manual greasing required",lubrication,12,Cluster 12,Low,,9.7,13.0,Coupling insert,0.726,0.53,0.76,0.84,0.78
WO-00685,EQ-0001,Air Compressor,Plant A - Line 1,2023-03-25,Corrosion under insulation (CUI) suspected on horizontal pipe section,corrosion,10,Cluster 10,Low,102.0,8.0,6.7,Impeller,0.65,0.51,0.81,0.63,0.61
WO-00686,EQ-0040,Gearbox,Plant A - Line 1,2023-08-19,"Oil analysis shows high iron content 372 ppm, internal wear indicated",lubrication,11,Cluster 11,Low,137.0,2.2,1.3,Capacitor 40µF,0.528,0.32,0.57,0.5,0.76
WO-00687,EQ-0043,Air Compressor,Plant A - Line 1,2022-01-19,"Impeller damage suspected, broadband vibration increase 7.2 mm/s",vibration,3,Overheating,Medium,,3.3,2.6,Coupling insert,0.734,0.66,0.86,0.5,0.93
WO-00688,EQ-0037,Gearbox,Warehouse C,2022-08-31,"Impeller damage suspected, broadband vibration increase 7.3 mm/s",vibration,3,Overheating,Medium,115.0,12.7,17.4,Bearing 6205-2RS,0.742,0.45,0.81,0.86,0.86
WO-00689,EQ-0026,Cooling Tower,Warehouse C,2022-10-29,Grease discolouration and hardening noted around bearing cap,bearing_wear,2,Mechanical Seal Leak,Medium,146.0,1.3,1.5,Mechanical seal kit,0.728,0.67,0.5,0.94,0.88
WO-00690,EQ-0002,Heat Exchanger,Utilities Block,2022-10-08,Grease discolouration and hardening noted around bearing cap,bearing_wear,2,Mechanical Seal Leak,Medium,,15.3,12.8,Coupling insert,0.739,0.42,0.96,0.69,0.87
WO-00691,EQ-0009,Cooling Tower,Plant A - Line 1,2023-10-26,"High-pitched squealing noise from bearing assembly, lubrication appears insufficient",bearing_wear,12,Cluster 12,Medium,,7.3,0.3,Oil filter + 5L oil,0.704,0.64,0.63,0.77,0.81
WO-00692,EQ-0021,Gearbox,Plant B - Line 3,2022-06-20,"Cooling fan obstructed by debris, motor surface temperature 103°C",overheating,2,Mechanical Seal Leak,High,,13.9,12.4,Contactor 3RT2,0.819,0.58,0.8,0.97,0.96
WO-00693,EQ-0005,Electric Motor,Utilities Block,2023-12-31,"Automatic lubrication system failed, manual greasing required",lubrication,12,Cluster 12,Low,,9.1,2.3,Oil filter + 5L oil,0.704,0.42,0.91,0.57,0.92
WO-00694,EQ-0007,Heat Exchanger,Utilities Block,2022-11-11,"Compressor discharge temperature 85°C, intercooler bypass suspected",overheating,2,Mechanical Seal Leak,High,59.0,12.4,11.9,O-ring set,0.803,0.51,0.92,0.87,0.91
WO-00695,EQ-0019,Centrifugal Pump,Plant B - Line 1,2022-02-01,Grease discolouration and hardening noted around bearing cap,bearing_wear,2,Mechanical Seal Leak,Medium,32.0,8.7,5.5,Contactor 3RT2,0.792,0.47,0.79,0.96,0.99
WO-00696,EQ-0028,Air Compressor,Utilities Block,2022-11-17,"Wrong lubricant grade used during last service, compatibility issue",lubrication,6,Corrosion & Erosion,Low,114.0,11.2,6.9,Coupling insert,0.776,0.81,0.69,0.9,0.71
WO-00697,EQ-0007,Heat Exchanger,Utilities Block,2022-03-08,"Impeller damage suspected, broadband vibration increase 13.0 mm/s",vibration,3,Overheating,Medium,,4.0,4.9,Oil filter + 5L oil,0.84,0.92,0.78,0.72,0.98
WO-00698,EQ-0022,Heat Exchanger,Plant A - Line 2,2023-12-02,"Metal particles found in oil sample, bearing degradation confirmed",bearing_wear,11,Cluster 11,Medium,,3.0,3.2,None - monitoring,0.679,0.76,0.57,0.64,0.79
WO-00699,EQ-0025,Centrifugal Pump,Plant A - Line 1,2022-12-23,"Lip seal deteriorated, grease escaping from gearbox output shaft",seal_leak,2,Mechanical Seal Leak,Medium,,2.5,1.9,Bearing 6205-2RS,0.593,0.43,0.44,0.87,0.68
WO-00700,EQ-0035,Electric Motor,Warehouse C,2023-08-18,Belt tension incorrect causing vibration and premature wear,vibration,0,Bearing Wear & Noise,Medium,68.0,14.8,18.0,Contactor 3RT2,0.753,0.6,0.86,0.58,1.0
WO-00701,EQ-0034,Air Compressor,Plant B - Line 1,2023-03-10,"Bearing temperature elevated to 111°C during operation, vibration increasing. Additionally, compressor discharge temperature 65°c, intercooler bypass suspected",bearing_wear,2,Mechanical Seal Leak,Medium,57.0,13.3,7.5,Capacitor 40µF,0.704,0.68,0.41,0.86,0.98
WO-00702,EQ-0001,Air Compressor,Plant A - Line 1,2023-05-01,Corrosion under insulation (CUI) suspected on horizontal pipe section,corrosion,10,Cluster 10,Low,166.0,13.9,7.3,None - monitoring,0.587,0.33,0.44,0.77,0.9
WO-00703,EQ-0007,Heat Exchanger,Utilities Block,2023-02-16,"Oil viscosity out of specification, degraded due to thermal cycling",lubrication,9,Cluster 9,Low,113.0,1.7,1.8,None - monitoring,0.643,0.7,0.53,0.62,0.77
WO-00704,EQ-0046,Electric Motor,Plant B - Line 3,2022-07-10,"High-pitched squealing noise from bearing assembly, lubrication appears insufficient",bearing_wear,12,Cluster 12,Medium,30.0,2.1,0.9,Bearing 6205-2RS,0.836,0.76,0.9,0.96,0.68
WO-00705,EQ-0012,Conveyor Belt,Warehouse C,2023-12-23,"Gearbox oil temperature 75°C, possible cooler blockage",overheating,2,Mechanical Seal Leak,High,,1.7,2.3,Impeller,0.777,0.97,0.59,0.95,0.6
WO-00706,EQ-0041,Conveyor Belt,Plant A - Line 1,2023-03-09,"Grease nipple blocked, bearing running dry for estimated 10 days",lubrication,2,Mechanical Seal Leak,Low,131.0,14.0,5.5,Oil filter + 5L oil,0.72,0.62,0.72,0.79,0.76
WO-00707,EQ-0014,Cooling Tower,Plant B - Line 1,2022-10-12,"Wrong lubricant grade used during last service, compatibility issue",lubrication,6,Corrosion & Erosion,Low,,8.4,9.6,Coupling insert,0.743,0.38,0.82,0.92,0.86
WO-00708,EQ-0035,Electric Motor,Warehouse C,2022-02-05,"Motor winding resistance out of tolerance, possible turn-to-turn short",electrical_fault,11,Cluster 11,High,54.0,9.7,11.1,Capacitor 40µF,0.732,0.65,0.73,0.72,0.85
WO-00709,EQ-0033,Centrifugal Pump,Warehouse C,2023-03-06,"Oil seepage observed around pump casing seal, minor pooling on floor",seal_leak,9,Cluster 9,Medium,,3.4,0.7,Coupling insert,0.514,0.49,0.5,0.52,0.56
WO-00710,EQ-0042,Electric Motor,Plant A - Line 1,2023-12-08,"Coating failure on tank exterior, rust streaks visible below insulation",corrosion,7,Cluster 7,Low,70.0,2.0,0.6,Coupling insert,0.697,1.0,0.54,0.78,0.45
WO-00711,EQ-0040,Gearbox,Plant A - Line 1,2023-08-12,"Cavitation noise and vibration in pump, inlet pressure below NPSH",vibration,4,Lubrication Issue,Medium,47.0,3.3,0.4,Oil filter + 5L oil,0.676,0.86,0.51,0.51,0.9
WO-00712,EQ-0045,Heat Exchanger,Utilities Block,2023-01-05,"Unbalance detected on rotating assembly, vibration 3.7 mm/s 1X component. Additionally, motor winding resistance out of tolerance, possible turn-to-turn short",vibration,3,Overheating,Medium,140.0,9.5,0.1,Impeller,0.554,0.72,0.42,0.55,0.55
WO-00713,EQ-0022,Heat Exchanger,Plant A - Line 2,2023-01-25,"Wrong lubricant grade used during last service, compatibility issue",lubrication,6,Corrosion & Erosion,Low,131.0,7.8,0.9,Impeller,0.576,0.4,0.47,0.9,0.55
WO-00714,EQ-0046,Electric Motor,Plant B - Line 3,2022-05-29,Corrosion under insulation (CUI) suspected on horizontal pipe section,corrosion,10,Cluster 10,Low,,12.3,5.4,O-ring set,0.548,0.55,0.46,0.7,0.49
WO-00715,EQ-0012,Conveyor Belt,Warehouse C,2022-07-07,"Lip seal deteriorated, grease escaping from gearbox output shaft",seal_leak,2,Mechanical Seal Leak,Medium,161.0,6.0,0.8,Impeller,0.7,0.59,0.79,0.8,0.58
WO-00716,EQ-0036,Gearbox,Plant A - Line 1,2023-07-04,"Bearing vibration amplitude 7.5 mm/s RMS, trending upward over last 25 days",bearing_wear,3,Overheating,Medium,24.0,3.1,2.0,Oil filter + 5L oil,0.812,0.81,0.88,0.94,0.55
WO-00717,EQ-0036,Gearbox,Plant A - Line 1,2022-04-01,"Compressor discharge temperature 108°C, intercooler bypass suspected",overheating,2,Mechanical Seal Leak,High,,2.2,0.1,O-ring set,0.544,0.36,0.58,0.53,0.74
WO-00718,EQ-0047,Air Compressor,Utilities Block,2022-02-10,"Coating failure on tank exterior, rust streaks visible below insulation",corrosion,7,Cluster 7,Low,31.0,4.0,5.8,Coupling insert,0.572,0.49,0.51,0.86,0.41
WO-00719,EQ-0005,Electric Motor,Utilities Block,2022-09-12,"Lubricant contamination detected, water content 27% above limit",lubrication,6,Corrosion & Erosion,Low,,12.0,17.9,Contactor 3RT2,0.678,0.72,0.77,0.5,0.71
WO-00720,EQ-0050,Electric Motor,Plant A - Line 2,2023-08-19,"Surface corrosion on pipe flanges, pitting depth approx 0.71mm",corrosion,10,Cluster 10,Low,,15.1,13.1,Bearing 6205-2RS,0.695,0.57,0.73,0.87,0.58
WO-00721,EQ-0006,Gearbox,Warehouse C,2022-05-02,"Automatic lubrication system failed, manual greasing required",lubrication,12,Cluster 12,Low,,11.7,4.3,Mechanical seal kit,0.678,0.95,0.71,0.54,0.46
WO-00722,EQ-0039,Hydraulic Press,Plant B - Line 3,2022-09-02,"Misalignment between motor and gearbox shaft, 10.0 mm/s 2X vibration",vibration,2,Mechanical Seal Leak,Medium,106.0,1.0,0.5,Oil filter + 5L oil,0.692,0.5,0.93,0.64,0.64
WO-00723,EQ-0029,Conveyor Belt,Plant A - Line 1,2023-06-10,"Unusual noise detected in bearing housing, suspected wear on inner race",bearing_wear,5,Electrical Fault,Medium,74.0,15.5,3.5,O-ring set,0.638,0.32,0.61,0.94,0.7
WO-00724,EQ-0045,Heat Exchanger,Utilities Block,2022-12-21,"Oil seepage observed around pump casing seal, minor pooling on floor. Additionally, grease discolouration and hardening noted around bearing cap",seal_leak,9,Cluster 9,Medium,74.0,10.8,14.5,Bearing 6205-2RS,0.578,0.34,0.76,0.61,0.56
WO-00725,EQ-0027,Gearbox,Warehouse C,2023-03-14,"Unusual noise detected in bearing housing, suspected wear on inner race",bearing_wear,5,Electrical Fault,Medium,23.0,2.4,2.4,Capacitor 40µF,0.672,0.8,0.41,0.87,0.66
WO-00726,EQ-0021,Gearbox,Plant B - Line 3,2022-01-26,"O-ring compression set failure, intermittent leak under high pressure",seal_leak,7,Cluster 7,Medium,23.0,5.7,0.1,Contactor 3RT2,0.762,0.97,0.59,0.92,0.56
WO-00727,EQ-0023,Cooling Tower,Warehouse C,2023-03-29,"Structural resonance observed at 750 RPM, bolts found loose on baseplate. Additionally, impeller damage suspected, broadband vibration increase 8.2 mm/s",vibration,3,Overheating,Medium,70.0,12.7,5.6,Mechanical seal kit,0.744,0.76,0.75,0.82,0.62
WO-00728,EQ-0003,Cooling Tower,Plant A - Line 1,2023-01-23,"Motor winding temperature reached 116°C, thermal protection triggered",overheating,2,Mechanical Seal Leak,High,29.0,2.8,1.4,Oil filter + 5L oil,0.69,0.72,0.85,0.58,0.55
WO-00729,EQ-0012,Conveyor Belt,Warehouse C,2023-03-06,"Bearing play exceeding tolerance, axial movement of 1.76mm observed. Additionally, mechanical seal leaking at shaft interface, fluid loss approx 91 ml/hr",bearing_wear,1,Vibration & Imbalance,Medium,104.0,6.8,8.8,Coupling insert,0.842,0.89,0.89,1.0,0.51
WO-00730,EQ-0011,Cooling Tower,Plant A - Line 1,2022-09-03,"Rust deposits blocking strainer, pressure differential 24 PSI across filter",corrosion,4,Lubrication Issue,Low,26.0,11.6,11.2,None - monitoring,0.562,0.34,0.44,0.58,1.0
WO-00731,EQ-0013,Electric Motor,Plant B - Line 1,2022-04-12,"Bearing play exceeding tolerance, axial movement of 2.09mm observed",bearing_wear,11,Cluster 11,Medium,120.0,12.3,10.2,Mechanical seal kit,0.818,0.92,0.85,0.94,0.49
WO-00732,EQ-0023,Cooling Tower,Warehouse C,2022-12-15,"VFD fault code F2 logged, overcurrent on deceleration",electrical_fault,7,Cluster 7,High,136.0,3.1,0.6,O-ring set,0.788,0.69,0.81,0.92,0.71
WO-00733,EQ-0001,Air Compressor,Plant A - Line 1,2022-05-13,"Impeller damage suspected, broadband vibration increase 2.9 mm/s",vibration,3,Overheating,Medium,,11.0,14.5,None - monitoring,0.571,0.48,0.69,0.56,0.52
WO-00734,EQ-0022,Heat Exchanger,Plant A - Line 2,2022-02-02,"Surface corrosion on pipe flanges, pitting depth approx 2.21mm",corrosion,10,Cluster 10,Low,167.0,4.5,5.9,O-ring set,0.648,0.45,0.64,0.59,0.98
WO-00737,EQ-0028,Air Compressor,Utilities Block,2023-02-18,"Impeller damage suspected, broadband vibration increase 7.1 mm/s",vibration,3,Overheating,Medium,,4.3,4.3,Coupling insert,0.592,0.46,0.73,0.55,0.6
WO-00738,EQ-0008,Heat Exchanger,Plant A - Line 2,2022-04-24,"Oil analysis shows high iron content 332 ppm, internal wear indicated",lubrication,11,Cluster 11,Low,20.0,14.5,19.7,Mechanical seal kit,0.686,0.39,0.76,0.88,0.7
WO-00739,EQ-0007,Heat Exchanger,Utilities Block,2023-01-14,"Dynamic seal failure suspected, pressure drop of 34% noted in system",seal_leak,7,Cluster 7,Medium,,7.1,4.9,Bearing 6205-2RS,0.567,0.55,0.66,0.51,0.52
WO-00740,EQ-0033,Centrifugal Pump,Warehouse C,2022-07-10,"Heat exchanger fouling reducing efficiency, outlet temp 89°C above setpoint",overheating,8,Cluster 8,High,,5.1,0.6,Capacitor 40µF,0.804,0.89,0.82,0.84,0.63
WO-00741,EQ-0011,Cooling Tower,Plant A - Line 1,2023-01-02,"Misalignment between motor and gearbox shaft, 8.3 mm/s 2X vibration. Additionally, belt tension incorrect causing vibration and premature wear",vibration,0,Bearing Wear & Noise,Medium,,3.9,3.1,Impeller,0.668,0.73,0.64,0.84,0.42
WO-00742,EQ-0017,Electric Motor,Plant A - Line 2,2022-05-29,"Cavitation noise and vibration in pump, inlet pressure below NPSH",vibration,4,Lubrication Issue,Medium,148.0,7.0,0.9,Impeller,0.544,0.6,0.55,0.5,0.52
WO-00743,EQ-0042,Electric Motor,Plant A - Line 1,2022-09-23,"Motor winding resistance out of tolerance, possible turn-to-turn short",electrical_fault,11,Cluster 11,High,47.0,7.9,10.2,Impeller,0.67,0.81,0.51,0.85,0.51
WO-00744,EQ-0042,Electric Motor,Plant A - Line 1,2022-07-03,"Unusual noise detected in bearing housing, suspected wear on inner race. Additionally, contactor pitting observed, intermittent contact causing voltage dips",bearing_wear,5,Electrical Fault,Medium,47.0,12.1,18.1,Capacitor 40µF,0.717,0.31,1.0,0.95,0.51
WO-00745,EQ-0026,Cooling Tower,Warehouse C,2022-02-03,"O-ring compression set failure, intermittent leak under high pressure",seal_leak,7,Cluster 7,Medium,51.0,3.7,2.3,O-ring set,0.67,0.48,0.57,0.79,0.91
WO-00746,EQ-0029,Conveyor Belt,Plant A - Line 1,2023-09-20,"High-pitched squealing noise from bearing assembly, lubrication appears insufficient",bearing_wear,12,Cluster 12,Medium,,9.0,1.5,Contactor 3RT2,0.644,0.82,0.53,0.73,0.49
WO-00747,EQ-0049,Cooling Tower,Utilities Block,2023-03-06,"Cavitation noise and vibration in pump, inlet pressure below NPSH",vibration,4,Lubrication Issue,Medium,166.0,5.6,1.4,Capacitor 40µF,0.658,0.75,0.61,0.6,0.69
WO-00748,EQ-0040,Gearbox,Plant A - Line 1,2022-09-23,"VFD fault code F47 logged, overcurrent on deceleration. Additionally, metal particles found in oil sample, bearing degradation confirmed",electrical_fault,11,Cluster 11,High,9.0,9.6,2.5,Coupling insert,0.749,0.97,0.55,0.59,0.97
WO-00749,EQ-0016,Air Compressor,Warehouse C,2022-02-04,"Motor winding temperature reached 74°C, thermal protection triggered",overheating,2,Mechanical Seal Leak,High,104.0,9.5,11.6,Oil filter + 5L oil,0.678,0.79,0.52,0.6,0.87
WO-00750,EQ-0013,Electric Motor,Plant B - Line 1,2022-02-27,"Oil analysis shows high iron content 380 ppm, internal wear indicated. Additionally, oil analysis shows high iron content 364 ppm, internal wear indicated",lubrication,11,Cluster 11,Low,63.0,15.5,9.3,Impeller,0.628,0.62,0.75,0.64,0.44
WO-00751,EQ-0001,Air Compressor,Plant A - Line 1,2022-04-13,"Compressor discharge temperature 114°C, intercooler bypass suspected",overheating,2,Mechanical Seal Leak,High,60.0,11.7,2.2,Oil filter + 5L oil,0.693,0.63,0.49,0.93,0.78
WO-00752,EQ-0026,Cooling Tower,Warehouse C,2022-05-21,"Mechanical seal leaking at shaft interface, fluid loss approx 35 ml/hr",seal_leak,1,Vibration & Imbalance,Medium,49.0,3.1,0.5,Contactor 3RT2,0.685,0.9,0.61,0.66,0.56
WO-00753,EQ-0047,Air Compressor,Utilities Block,2023-08-28,"Surface corrosion on pipe flanges, pitting depth approx 1.64mm. Additionally, corrosion under insulation (cui) suspected on horizontal pipe section",corrosion,10,Cluster 10,Low,2.0,5.2,4.2,Bearing 6205-2RS,0.716,0.6,0.78,0.91,0.52
WO-00754,EQ-0014,Cooling Tower,Plant B - Line 1,2022-10-09,"Automatic lubrication system failed, manual greasing required",lubrication,12,Cluster 12,Low,134.0,5.7,4.3,Capacitor 40µF,0.826,0.67,0.9,0.77,0.98
WO-00755,EQ-0021,Gearbox,Plant B - Line 3,2023-10-15,"Earth leakage current 41.2mA detected, isolation check required",electrical_fault,5,Electrical Fault,High,,11.9,1.4,None - monitoring,0.524,0.42,0.5,0.59,0.61
WO-00756,EQ-0049,Cooling Tower,Utilities Block,2022-04-03,"Bearing temperature elevated to 87°C during operation, vibration increasing",bearing_wear,2,Mechanical Seal Leak,Medium,,3.1,0.8,Mechanical seal kit,0.721,0.5,0.74,0.8,0.87
WO-00757,EQ-0039,Hydraulic Press,Plant B - Line 3,2022-07-01,"Motor winding resistance out of tolerance, possible turn-to-turn short. Additionally, bearing play exceeding tolerance, axial movement of 0.78mm observed",electrical_fault,11,Cluster 11,High,77.0,13.5,1.9,Contactor 3RT2,0.588,0.57,0.4,0.52,0.98
WO-00758,EQ-0034,Air Compressor,Plant B - Line 1,2022-12-29,"Bearing play exceeding tolerance, axial movement of 0.19mm observed",bearing_wear,11,Cluster 11,Medium,147.0,5.5,3.8,Oil filter + 5L oil,0.626,0.6,0.67,0.71,0.49
WO-00759,EQ-0015,Conveyor Belt,Plant B - Line 1,2022-10-22,"Phase imbalance detected, current draw 21% higher on L2",electrical_fault,5,Electrical Fault,High,51.0,7.6,5.3,Capacitor 40µF,0.836,0.55,0.97,0.95,0.85
WO-00760,EQ-0028,Air Compressor,Utilities Block,2023-05-22,"Lubricant contamination detected, water content 22% above limit",lubrication,6,Corrosion & Erosion,Low,,9.3,2.4,Bearing 6205-2RS,0.67,0.92,0.57,0.61,0.58
WO-00761,EQ-0050,Electric Motor,Plant A - Line 2,2023-07-03,"O-ring compression set failure, intermittent leak under high pressure",seal_leak,7,Cluster 7,Medium,58.0,6.4,7.3,Capacitor 40µF,0.632,0.7,0.57,0.73,0.52
WO-00762,EQ-0028,Air Compressor,Utilities Block,2022-10-13,"Contactor pitting observed, intermittent contact causing voltage dips",electrical_fault,0,Bearing Wear & Noise,High,152.0,9.9,12.4,Contactor 3RT2,0.588,0.63,0.45,0.84,0.43
WO-00763,EQ-0032,Electric Motor,Plant A - Line 2,2023-10-30,Corrosion under insulation (CUI) suspected on horizontal pipe section,corrosion,10,Cluster 10,Low,,5.9,3.7,Impeller,0.724,0.39,0.93,0.88,0.64
WO-00764,EQ-0005,Electric Motor,Utilities Block,2022-12-09,"Heat exchanger fouling reducing efficiency, outlet temp 109°C above setpoint",overheating,8,Cluster 8,High,117.0,10.6,13.3,Bearing 6205-2RS,0.651,0.5,0.54,0.71,0.93
WO-00765,EQ-0003,Cooling Tower,Plant A - Line 1,2023-12-19,"Mechanical seal leaking at shaft interface, fluid loss approx 156 ml/hr",seal_leak,1,Vibration & Imbalance,Medium,,14.5,11.9,O-ring set,0.771,0.81,0.65,0.94,0.69
WO-00766,EQ-0037,Gearbox,Warehouse C,2023-08-10,"Impeller damage suspected, broadband vibration increase 14.3 mm/s",vibration,3,Overheating,Medium,78.0,11.0,2.8,Capacitor 40µF,0.814,0.83,0.99,0.51,0.91
WO-00767,EQ-0041,Conveyor Belt,Plant A - Line 1,2023-03-30,"Mechanical seal leaking at shaft interface, fluid loss approx 40 ml/hr",seal_leak,1,Vibration & Imbalance,Medium,101.0,3.7,4.7,None - monitoring,0.865,0.83,0.75,0.98,0.94
WO-00768,EQ-0001,Air Compressor,Plant A - Line 1,2022-07-28,"Impeller damage suspected, broadband vibration increase 14.3 mm/s",vibration,3,Overheating,Medium,,4.1,0.6,Capacitor 40µF,0.722,0.6,0.9,0.81,0.5
WO-00769,EQ-0038,Cooling Tower,Plant A - Line 2,2023-08-03,"Mechanical seal leaking at shaft interface, fluid loss approx 65 ml/hr",seal_leak,1,Vibration & Imbalance,Medium,,7.0,0.3,O-ring set,0.56,0.34,0.6,0.77,0.51
WO-00770,EQ-0024,Heat Exchanger,Warehouse C,2022-02-23,"Lip seal deteriorated, grease escaping from gearbox output shaft. Additionally, chemical attack on pump impeller, material loss estimated 29%",seal_leak,2,Mechanical Seal Leak,Medium,167.0,13.7,18.1,O-ring set,0.687,0.93,0.79,0.55,0.4
WO-00771,EQ-0029,Conveyor Belt,Plant A - Line 1,2022-03-09,"Surface corrosion on pipe flanges, pitting depth approx 0.23mm",corrosion,10,Cluster 10,Low,103.0,2.8,0.7,Capacitor 40µF,0.66,0.42,0.92,0.65,0.58
WO-00772,EQ-0034,Air Compressor,Plant B - Line 1,2022-09-03,"Mechanical seal leaking at shaft interface, fluid loss approx 134 ml/hr. Additionally, earth leakage current 34.4ma detected, isolation check required",seal_leak,1,Vibration & Imbalance,Medium,,7.6,7.2,None - monitoring,0.662,0.44,0.94,0.63,0.56
WO-00773,EQ-0021,Gearbox,Plant B - Line 3,2023-12-23,"Galvanic corrosion at dissimilar metal joint, wall thickness reduced. Additionally, hydraulic fluid leak at cylinder rod seal, 28 ml/hr estimated loss",corrosion,8,Cluster 8,Low,157.0,6.3,7.2,O-ring set,0.677,0.94,0.58,0.69,0.48
WO-00774,EQ-0049,Cooling Tower,Utilities Block,2023-02-14,"Oil analysis shows high iron content 192 ppm, internal wear indicated",lubrication,11,Cluster 11,Low,,4.7,6.2,Capacitor 40µF,0.632,0.4,0.61,0.86,0.67
WO-00775,EQ-0032,Electric Motor,Plant A - Line 2,2023-08-23,"Dynamic seal failure suspected, pressure drop of 13% noted in system",seal_leak,7,Cluster 7,Medium,96.0,9.5,8.1,O-ring set,0.536,0.39,0.43,0.63,0.76
WO-00776,EQ-0025,Centrifugal Pump,Plant A - Line 1,2023-09-08,"Bearing play exceeding tolerance, axial movement of 1.59mm observed",bearing_wear,11,Cluster 11,Medium,,2.9,4.0,Capacitor 40µF,0.628,0.47,0.59,0.78,0.69
WO-00778,EQ-0005,Electric Motor,Utilities Block,2022-01-18,"Mechanical seal leaking at shaft interface, fluid loss approx 42 ml/hr",seal_leak,1,Vibration & Imbalance,Medium,148.0,8.2,1.9,Impeller,0.673,0.39,0.75,0.77,0.79
WO-00779,EQ-0043,Air Compressor,Plant A - Line 1,2022-02-01,"Cooling fan obstructed by debris, motor surface temperature 112°C",overheating,2,Mechanical Seal Leak,High,125.0,15.9,10.2,Oil filter + 5L oil,0.736,0.69,0.77,0.56,0.96
WO-00780,EQ-0050,Electric Motor,Plant A - Line 2,2023-06-23,"Impeller damage suspected, broadband vibration increase 15.7 mm/s",vibration,3,Overheating,Medium,86.0,15.7,3.6,Bearing 6205-2RS,0.666,0.52,0.88,0.65,0.55
WO-00781,EQ-0046,Electric Motor,Plant B - Line 3,2022-12-25,"Bearing temperature elevated to 69°C during operation, vibration increasing",bearing_wear,2,Mechanical Seal Leak,Medium,108.0,1.8,1.6,Bearing 6205-2RS,0.663,0.4,0.6,0.81,0.9
WO-00782,EQ-0039,Hydraulic Press,Plant B - Line 3,2022-10-05,"VFD fault code F40 logged, overcurrent on deceleration",electrical_fault,7,Cluster 7,High,7.0,7.4,10.6,O-ring set,0.716,0.84,0.59,0.53,0.98
WO-00783,EQ-0001,Air Compressor,Plant A - Line 1,2022-06-20,"Motor winding resistance out of tolerance, possible turn-to-turn short",electrical_fault,11,Cluster 11,High,,9.7,1.1,None - monitoring,0.56,0.43,0.55,0.8,0.44
WO-00784,EQ-0023,Cooling Tower,Warehouse C,2022-05-01,"Misalignment between motor and gearbox shaft, 3.3 mm/s 2X vibration. Additionally, excessive vibration on pump casing, amplitude 9.6 mm/s at 3000 rpm",vibration,9,Cluster 9,Medium,5.0,15.9,5.9,O-ring set,0.602,0.42,0.88,0.51,0.53
WO-00785,EQ-0025,Centrifugal Pump,Plant A - Line 1,2022-01-13,"Cooling fan obstructed by debris, motor surface temperature 114°C",overheating,2,Mechanical Seal Leak,High,83.0,2.9,3.0,None - monitoring,0.707,0.5,0.66,0.8,0.92
WO-00786,EQ-0047,Air Compressor,Utilities Block,2023-09-12,"Hydraulic fluid leak at cylinder rod seal, 159 ml/hr estimated loss",seal_leak,8,Cluster 8,Medium,11.0,9.7,0.6,Mechanical seal kit,0.818,0.68,0.83,0.85,0.93
WO-00787,EQ-0019,Centrifugal Pump,Plant B - Line 1,2022-09-04,"Oil level low in gearbox sight glass, top-up of 2.0L required",lubrication,2,Mechanical Seal Leak,Low,31.0,2.2,2.2,Oil filter + 5L oil,0.824,1.0,0.88,0.84,0.5
WO-00788,EQ-0002,Heat Exchanger,Utilities Block,2023-10-18,"Lip seal deteriorated, grease escaping from gearbox output shaft",seal_leak,2,Mechanical Seal Leak,Medium,,1.7,1.9,None - monitoring,0.838,0.82,0.89,0.79,0.84
WO-00789,EQ-0037,Gearbox,Warehouse C,2022-02-23,"O-ring compression set failure, intermittent leak under high pressure. Additionally, excessive vibration on pump casing, amplitude 2.3 mm/s at 1500 rpm",seal_leak,7,Cluster 7,Medium,11.0,6.6,2.4,Coupling insert,0.66,0.33,0.84,0.94,0.45
WO-00790,EQ-0041,Conveyor Belt,Plant A - Line 1,2022-01-24,"Gearbox oil temperature 65°C, possible cooler blockage",overheating,2,Mechanical Seal Leak,High,,5.8,6.0,Coupling insert,0.773,0.7,0.82,0.68,0.91
WO-00791,EQ-0037,Gearbox,Warehouse C,2023-10-08,"Unbalance detected on rotating assembly, vibration 12.0 mm/s 1X component",vibration,3,Overheating,Medium,36.0,1.2,0.5,Oil filter + 5L oil,0.728,0.79,0.96,0.61,0.45
WO-00792,EQ-0036,Gearbox,Plant A - Line 1,2022-06-21,"Metal particles found in oil sample, bearing degradation confirmed",bearing_wear,11,Cluster 11,Medium,176.0,6.3,1.2,Impeller,0.611,0.34,0.82,0.69,0.54
WO-00793,EQ-0027,Gearbox,Warehouse C,2022-03-06,"Bearing play exceeding tolerance, axial movement of 0.43mm observed",bearing_wear,11,Cluster 11,Medium,94.0,0.9,0.5,Bearing 6205-2RS,0.659,0.35,0.54,0.86,0.97
WO-00794,EQ-0028,Air Compressor,Utilities Block,2022-09-29,"Excessive vibration on pump casing, amplitude 7.5 mm/s at 1450 RPM",vibration,9,Cluster 9,Medium,97.0,15.5,17.0,Contactor 3RT2,0.77,0.37,0.89,0.85,0.99
WO-00795,EQ-0030,Gearbox,Plant A - Line 1,2023-02-02,"Misalignment between motor and gearbox shaft, 11.2 mm/s 2X vibration",vibration,2,Mechanical Seal Leak,Medium,,9.1,2.7,Impeller,0.688,0.48,0.8,0.73,0.73
WO-00796,EQ-0001,Air Compressor,Plant A - Line 1,2023-07-29,"Overheating on drive-end bearing, infrared scan shows hot spot at 68°C. Additionally, overheating on drive-end bearing, infrared scan shows hot spot at 96°c",overheating,11,Cluster 11,High,,5.5,6.3,Impeller,0.734,0.56,0.92,0.83,0.55
WO-00797,EQ-0029,Conveyor Belt,Plant A - Line 1,2023-09-15,"Unbalance detected on rotating assembly, vibration 4.6 mm/s 1X component. Additionally, cavitation noise and vibration in pump, inlet pressure below npsh",vibration,4,Lubrication Issue,Medium,173.0,8.0,9.8,Coupling insert,0.732,0.89,0.81,0.56,0.63
WO-00798,EQ-0029,Conveyor Belt,Plant A - Line 1,2022-02-04,"Lip seal deteriorated, grease escaping from gearbox output shaft. Additionally, grease nipple blocked, bearing running dry for estimated 11 days",seal_leak,2,Mechanical Seal Leak,Medium,,6.7,3.0,Bearing 6205-2RS,0.712,0.95,0.67,0.6,0.62
WO-00799,EQ-0016,Air Compressor,Warehouse C,2023-03-17,"Motor winding temperature reached 86°C, thermal protection triggered. Additionally, misalignment between motor and gearbox shaft, 15.9 mm/s 2x vibration",overheating,2,Mechanical Seal Leak,High,,0.7,0.0,Contactor 3RT2,0.807,0.86,0.8,0.68,0.91
WO-00800,EQ-0026,Cooling Tower,Warehouse C,2023-12-17,"Automatic lubrication system failed, manual greasing required",lubrication,12,Cluster 12,Low,,11.0,12.4,Oil filter + 5L oil,0.738,0.89,0.76,0.54,0.76
