record_id,equipment_id,equipment_type,location,visit_date,technician_id,defect_description,true_defect_label,severity,days_to_failure,repair_duration_hrs,downtime_hrs,parts_replaced,data_quality_frequency,data_quality_freshness,data_quality_completeness,data_quality_pertinence,quality_score
WO-00001,EQ-0009,Cooling Tower,Plant A - Line 1,2022-08-07,TECH-001,"Heat exchanger fouling reducing efficiency, outlet temp 94°C above setpoint",overheating,High,,14.5,3.6,None - monitoring,0.49,0.87,0.73,0.65,0.696
WO-00002,EQ-0047,Air Compressor,Utilities Block,2023-06-28,TECH-020,"Wrong lubricant grade used during last service, compatibility issue",lubrication,Low,131.0,1.7,0.5,Mechanical seal kit,0.77,0.54,0.56,0.93,0.681
WO-00003,EQ-0016,Air Compressor,Warehouse C,2022-11-20,TECH-020,"Excessive vibration on pump casing, amplitude 12.5 mm/s at 1450 RPM",vibration,Medium,,15.0,0.2,Mechanical seal kit,0.35,0.53,0.63,0.96,0.596
WO-00004,EQ-0005,Electric Motor,Utilities Block,2023-07-21,TECH-007,"Oil analysis shows high iron content 118 ppm, internal wear indicated",lubrication,Low,73.0,9.9,10.7,Oil filter + 5L oil,0.65,0.55,0.95,0.43,0.651
WO-00005,EQ-0041,Conveyor Belt,Plant A - Line 1,2023-08-20,TECH-002,"Heat exchanger fouling reducing efficiency, outlet temp 67°C above setpoint",overheating,High,111.0,2.5,1.2,Coupling insert,0.45,0.55,0.55,0.87,0.589
WO-00006,EQ-0027,Gearbox,Warehouse C,2022-10-01,TECH-016,"Oil viscosity out of specification, degraded due to thermal cycling",lubrication,Low,180.0,2.2,2.9,Contactor 3RT2,0.44,0.95,0.67,0.89,0.74
WO-00007,EQ-0015,Conveyor Belt,Plant B - Line 1,2023-08-18,TECH-014,"Hydraulic fluid leak at cylinder rod seal, 76 ml/hr estimated loss",seal_leak,Medium,,4.6,0.7,Coupling insert,0.81,0.59,0.8,0.71,0.722
WO-00008,EQ-0025,Centrifugal Pump,Plant A - Line 1,2023-02-20,TECH-019,"Lubricant contamination detected, water content 17% above limit. Additionally, compressor discharge temperature 84°c, intercooler bypass suspected",lubrication,Low,1.0,5.2,1.6,Coupling insert,0.63,0.67,0.61,0.68,0.647
WO-00009,EQ-0048,Cooling Tower,Plant B - Line 3,2023-04-12,TECH-013,"Unusual noise detected in bearing housing, suspected wear on inner race",bearing_wear,Medium,162.0,9.4,10.1,Impeller,0.58,0.49,0.84,0.94,0.69
WO-00010,EQ-0050,Electric Motor,Plant A - Line 2,2023-09-02,TECH-017,"Automatic lubrication system failed, manual greasing required",lubrication,Low,114.0,10.0,10.8,None - monitoring,0.88,0.73,0.95,0.85,0.846
WO-00011,EQ-0031,Heat Exchanger,Warehouse C,2022-01-21,TECH-001,"Gearbox oil temperature 80°C, possible cooler blockage. Additionally, oil seepage observed around pump casing seal, minor pooling on floor",overheating,High,,12.4,7.1,Coupling insert,0.51,0.63,0.95,0.9,0.734
WO-00012,EQ-0035,Electric Motor,Warehouse C,2023-09-30,TECH-003,"VFD fault code F52 logged, overcurrent on deceleration",electrical_fault,High,101.0,9.7,9.6,None - monitoring,0.39,0.68,0.53,0.63,0.56
WO-00013,EQ-0014,Cooling Tower,Plant B - Line 1,2022-02-11,TECH-001,"Heat exchanger fouling reducing efficiency, outlet temp 113°C above setpoint",overheating,High,,15.2,4.5,O-ring set,0.47,0.68,0.56,0.97,0.656
WO-00014,EQ-0030,Gearbox,Plant A - Line 1,2022-01-13,TECH-012,"Capacitor bank showing reduced capacitance, power factor 0.68 below target. Additionally, earth leakage current 31.0ma detected, isolation check required",electrical_fault,High,,13.2,2.1,Impeller,0.8,0.66,0.87,0.98,0.812
WO-00015,EQ-0018,Electric Motor,Utilities Block,2022-01-30,TECH-009,"Cavitation noise and vibration in pump, inlet pressure below NPSH",vibration,Medium,84.0,3.3,1.0,Coupling insert,0.5,0.76,0.94,0.73,0.734
WO-00016,EQ-0034,Air Compressor,Plant B - Line 1,2023-04-30,TECH-011,"Oil level low in gearbox sight glass, top-up of 1.9L required",lubrication,Low,89.0,7.1,7.9,Coupling insert,0.79,0.56,0.63,0.47,0.617
WO-00017,EQ-0013,Electric Motor,Plant B - Line 1,2023-01-05,TECH-002,"Hydraulic fluid leak at cylinder rod seal, 60 ml/hr estimated loss",seal_leak,Medium,4.0,11.5,2.2,Bearing 6205-2RS,0.69,0.82,0.56,0.92,0.742
WO-00018,EQ-0032,Electric Motor,Plant A - Line 2,2022-11-01,TECH-020,"Unusual noise detected in bearing housing, suspected wear on inner race. Additionally, o-ring compression set failure, intermittent leak under high pressure",bearing_wear,Medium,,15.8,7.2,Bearing 6205-2RS,0.73,0.84,0.97,0.52,0.781
WO-00019,EQ-0014,Cooling Tower,Plant B - Line 1,2023-12-05,TECH-007,"Mechanical seal leaking at shaft interface, fluid loss approx 5 ml/hr",seal_leak,Medium,68.0,12.7,11.9,None - monitoring,0.38,0.53,0.57,0.56,0.508
WO-00020,EQ-0010,Hydraulic Press,Plant A - Line 1,2022-10-12,TECH-003,"Bearing temperature elevated to 115°C during operation, vibration increasing. Additionally, bearing play exceeding tolerance, axial movement of 0.87mm observed",bearing_wear,Medium,150.0,7.3,8.9,Impeller,0.54,0.6,0.84,0.91,0.707
WO-00021,EQ-0022,Heat Exchanger,Plant A - Line 2,2023-05-12,TECH-006,"Overheating on drive-end bearing, infrared scan shows hot spot at 83°C. Additionally, wrong lubricant grade used during last service, compatibility issue",overheating,High,162.0,9.9,3.6,Oil filter + 5L oil,0.69,0.73,0.55,1.0,0.729
WO-00022,EQ-0008,Heat Exchanger,Plant A - Line 2,2022-05-20,TECH-014,"Motor winding temperature reached 106°C, thermal protection triggered",overheating,High,,4.8,5.7,Coupling insert,0.95,0.7,0.91,0.57,0.789
WO-00023,EQ-0020,Electric Motor,Warehouse C,2023-02-25,TECH-013,"Chemical attack on pump impeller, material loss estimated 27%",corrosion,Low,122.0,11.4,13.9,O-ring set,0.65,0.42,0.75,0.75,0.626
WO-00024,EQ-0007,Heat Exchanger,Utilities Block,2023-11-22,TECH-016,"Grease nipple blocked, bearing running dry for estimated 12 days",lubrication,Low,,6.4,3.0,Capacitor 40µF,0.33,0.44,0.82,0.95,0.609
WO-00025,EQ-0015,Conveyor Belt,Plant B - Line 1,2023-02-26,TECH-013,"Motor winding resistance out of tolerance, possible turn-to-turn short",electrical_fault,High,47.0,3.1,0.4,Contactor 3RT2,0.65,0.75,0.62,0.78,0.698
WO-00026,EQ-0030,Gearbox,Plant A - Line 1,2023-01-29,TECH-012,"Mechanical seal leaking at shaft interface, fluid loss approx 45 ml/hr",seal_leak,Medium,,2.2,1.3,Oil filter + 5L oil,0.99,0.58,0.99,0.79,0.827
WO-00027,EQ-0018,Electric Motor,Utilities Block,2023-11-07,TECH-002,Grease discolouration and hardening noted around bearing cap,bearing_wear,Medium,,2.6,0.4,Oil filter + 5L oil,0.85,0.42,0.68,0.48,0.604
WO-00028,EQ-0019,Centrifugal Pump,Plant B - Line 1,2022-04-28,TECH-013,"Seal face wear visible during inspection, scoring on stationary ring",seal_leak,Medium,20.0,2.7,3.9,Capacitor 40µF,0.56,0.87,0.51,0.72,0.672
WO-00029,EQ-0030,Gearbox,Plant A - Line 1,2023-11-18,TECH-019,"Electrical cabinet temperature 108°C due to failed ventilation fan. Additionally, grease nipple blocked, bearing running dry for estimated 11 days",overheating,High,,11.3,9.2,O-ring set,0.92,0.79,0.92,0.77,0.851
WO-00030,EQ-0018,Electric Motor,Utilities Block,2023-10-17,TECH-005,"High-pitched squealing noise from bearing assembly, lubrication appears insufficient",bearing_wear,Medium,6.0,1.3,0.7,Contactor 3RT2,0.35,0.86,0.6,0.53,0.602
WO-00031,EQ-0015,Conveyor Belt,Plant B - Line 1,2022-11-28,TECH-017,"Oil seepage observed around pump casing seal, minor pooling on floor",seal_leak,Medium,68.0,1.3,1.4,Mechanical seal kit,0.82,0.69,0.89,0.71,0.776
WO-00032,EQ-0007,Heat Exchanger,Utilities Block,2023-03-31,TECH-005,"Cooling fan obstructed by debris, motor surface temperature 104°C",overheating,High,21.0,5.5,1.2,Oil filter + 5L oil,0.74,0.75,0.86,0.63,0.751
WO-00033,EQ-0039,Hydraulic Press,Plant B - Line 3,2023-08-24,TECH-014,"Structural resonance observed at 1000 RPM, bolts found loose on baseplate. Additionally, misalignment between motor and gearbox shaft, 17.3 mm/s 2x vibration",vibration,Medium,,9.2,9.2,Coupling insert,0.91,0.96,0.71,0.95,0.883
WO-00034,EQ-0004,Electric Motor,Warehouse C,2023-07-29,TECH-018,"Wrong lubricant grade used during last service, compatibility issue",lubrication,Low,,13.2,12.1,Bearing 6205-2RS,0.73,0.79,0.85,0.42,0.716
WO-00035,EQ-0018,Electric Motor,Utilities Block,2022-12-16,TECH-019,"Contactor pitting observed, intermittent contact causing voltage dips",electrical_fault,High,80.0,11.7,13.6,Mechanical seal kit,0.92,0.49,0.88,0.43,0.683
WO-00036,EQ-0006,Gearbox,Warehouse C,2022-08-14,TECH-007,"Hydraulic fluid leak at cylinder rod seal, 60 ml/hr estimated loss",seal_leak,Medium,154.0,1.3,0.4,O-ring set,0.83,0.57,0.56,0.7,0.658
WO-00037,EQ-0028,Air Compressor,Utilities Block,2023-10-18,TECH-006,"Bearing play exceeding tolerance, axial movement of 1.79mm observed",bearing_wear,Medium,30.0,6.8,9.9,Impeller,0.88,0.95,0.54,0.91,0.822
WO-00038,EQ-0016,Air Compressor,Warehouse C,2023-10-23,TECH-007,"Overheating on drive-end bearing, infrared scan shows hot spot at 98°C",overheating,High,,4.2,0.9,O-ring set,0.72,0.86,0.83,0.51,0.747
WO-00039,EQ-0050,Electric Motor,Plant A - Line 2,2022-03-17,TECH-010,"Structural resonance observed at 1450 RPM, bolts found loose on baseplate",vibration,Medium,116.0,1.1,0.6,Mechanical seal kit,0.75,0.99,0.55,0.76,0.774
WO-00040,EQ-0025,Centrifugal Pump,Plant A - Line 1,2022-03-28,TECH-015,"Compressor discharge temperature 115°C, intercooler bypass suspected",overheating,High,45.0,1.1,1.2,Capacitor 40µF,0.67,0.5,0.69,0.57,0.604
WO-00041,EQ-0027,Gearbox,Warehouse C,2023-08-20,TECH-013,Corrosion under insulation (CUI) suspected on horizontal pipe section,corrosion,Low,,14.7,6.8,O-ring set,0.72,0.96,0.65,0.63,0.756
WO-00042,EQ-0022,Heat Exchanger,Plant A - Line 2,2022-06-08,TECH-017,Corrosion under insulation (CUI) suspected on horizontal pipe section,corrosion,Low,26.0,8.4,6.8,Bearing 6205-2RS,0.76,0.93,0.81,0.76,0.824
WO-00043,EQ-0010,Hydraulic Press,Plant A - Line 1,2022-08-28,TECH-007,Grease discolouration and hardening noted around bearing cap,bearing_wear,Medium,80.0,15.5,18.2,Coupling insert,0.77,0.74,0.72,0.86,0.767
WO-00044,EQ-0050,Electric Motor,Plant A - Line 2,2022-06-14,TECH-008,"Compressor discharge temperature 91°C, intercooler bypass suspected",overheating,High,132.0,2.8,1.8,Impeller,0.92,0.96,0.71,0.64,0.824
WO-00045,EQ-0024,Heat Exchanger,Warehouse C,2023-09-23,TECH-005,"Mechanical seal leaking at shaft interface, fluid loss approx 187 ml/hr",seal_leak,Medium,21.0,0.8,0.3,Capacitor 40µF,0.96,0.77,0.71,0.87,0.822
WO-00046,EQ-0016,Air Compressor,Warehouse C,2023-04-27,TECH-001,"Mechanical seal leaking at shaft interface, fluid loss approx 21 ml/hr. Additionally, cooling fan obstructed by debris, motor surface temperature 101°c",seal_leak,Medium,100.0,15.7,6.0,Coupling insert,0.85,0.61,0.87,0.78,0.769
WO-00047,EQ-0050,Electric Motor,Plant A - Line 2,2022-07-24,TECH-013,"Impeller damage suspected, broadband vibration increase 7.6 mm/s",vibration,Medium,,5.4,2.5,Capacitor 40µF,0.63,0.42,0.82,0.57,0.602
WO-00048,EQ-0050,Electric Motor,Plant A - Line 2,2023-03-31,TECH-020,"Bearing vibration amplitude 14.8 mm/s RMS, trending upward over last 30 days. Additionally, excessive vibration on pump casing, amplitude 15.2 mm/s at 750 rpm",bearing_wear,Medium,11.0,11.8,16.1,None - monitoring,0.49,0.99,0.97,0.45,0.752
WO-00049,EQ-0041,Conveyor Belt,Plant A - Line 1,2023-05-27,TECH-015,"Compressor discharge temperature 116°C, intercooler bypass suspected. Additionally, hydraulic fluid leak at cylinder rod seal, 151 ml/hr estimated loss",overheating,High,144.0,2.3,2.7,Contactor 3RT2,1.0,0.57,0.96,0.69,0.799
WO-00050,EQ-0008,Heat Exchanger,Plant A - Line 2,2022-08-18,TECH-016,"Unusual noise detected in bearing housing, suspected wear on inner race",bearing_wear,Medium,52.0,12.8,4.5,Bearing 6205-2RS,0.55,0.74,0.73,0.99,0.74
WO-00051,EQ-0009,Cooling Tower,Plant A - Line 1,2022-05-12,TECH-006,"Excessive vibration on pump casing, amplitude 18.0 mm/s at 1500 RPM",vibration,Medium,,12.6,12.1,O-ring set,0.6,0.95,0.53,0.47,0.661
WO-00052,EQ-0010,Hydraulic Press,Plant A - Line 1,2022-08-04,TECH-016,"Oil seepage observed around pump casing seal, minor pooling on floor. Additionally, internal corrosion found on heat exchanger tubes during inspection",seal_leak,Medium,,7.0,6.7,Capacitor 40µF,0.5,0.97,0.74,0.88,0.777
WO-00053,EQ-0044,Electric Motor,Plant B - Line 1,2022-06-13,TECH-007,"Overheating on drive-end bearing, infrared scan shows hot spot at 69°C. Additionally, compressor discharge temperature 100°c, intercooler bypass suspected",overheating,High,,15.0,16.2,O-ring set,0.65,0.71,0.75,0.59,0.681
WO-00054,EQ-0002,Heat Exchanger,Utilities Block,2023-04-07,TECH-020,"Bearing play exceeding tolerance, axial movement of 1.2mm observed. Additionally, bearing play exceeding tolerance, axial movement of 2.22mm observed",bearing_wear,Medium,,4.8,7.1,Mechanical seal kit,0.39,0.46,0.69,0.99,0.606
WO-00055,EQ-0036,Gearbox,Plant A - Line 1,2022-12-02,TECH-020,"Automatic lubrication system failed, manual greasing required",lubrication,Low,,5.4,3.2,Oil filter + 5L oil,0.72,0.7,0.75,0.69,0.716
WO-00056,EQ-0037,Gearbox,Warehouse C,2022-06-24,TECH-008,"O-ring compression set failure, intermittent leak under high pressure",seal_leak,Medium,159.0,12.5,7.1,Bearing 6205-2RS,0.7,0.82,0.6,0.66,0.703
WO-00057,EQ-0027,Gearbox,Warehouse C,2023-04-16,TECH-009,"Bearing vibration amplitude 14.4 mm/s RMS, trending upward over last 33 days",bearing_wear,Medium,,5.8,3.1,Impeller,0.43,0.55,0.78,0.53,0.574
WO-00058,EQ-0020,Electric Motor,Warehouse C,2022-10-25,TECH-009,Corrosion under insulation (CUI) suspected on horizontal pipe section,corrosion,Low,21.0,5.9,3.9,Impeller,0.45,0.9,0.64,0.74,0.69
WO-00059,EQ-0018,Electric Motor,Utilities Block,2023-07-02,TECH-006,"Metal particles found in oil sample, bearing degradation confirmed. Additionally, phase imbalance detected, current draw 17% higher on l2",bearing_wear,Medium,,13.7,0.8,None - monitoring,0.92,0.51,0.96,1.0,0.823
WO-00060,EQ-0026,Cooling Tower,Warehouse C,2022-05-18,TECH-004,Internal corrosion found on heat exchanger tubes during inspection,corrosion,Low,,7.8,2.3,Coupling insert,0.41,0.68,0.63,0.51,0.566
WO-00061,EQ-0048,Cooling Tower,Plant B - Line 3,2022-01-07,TECH-011,"Dynamic seal failure suspected, pressure drop of 30% noted in system",seal_leak,Medium,61.0,7.4,3.0,Oil filter + 5L oil,0.71,0.74,0.63,0.62,0.681
WO-00062,EQ-0016,Air Compressor,Warehouse C,2023-04-11,TECH-018,"Unusual noise detected in bearing housing, suspected wear on inner race",bearing_wear,Medium,,9.9,6.2,Impeller,0.83,0.88,0.91,0.86,0.871
WO-00063,EQ-0044,Electric Motor,Plant B - Line 1,2022-04-30,TECH-017,"Coating failure on tank exterior, rust streaks visible below insulation",corrosion,Low,,11.6,8.5,Impeller,0.87,0.67,0.76,0.67,0.742
WO-00064,EQ-0004,Electric Motor,Warehouse C,2023-11-09,TECH-004,"Belt tension incorrect causing vibration and premature wear. Additionally, excessive vibration on pump casing, amplitude 14.3 mm/s at 1450 rpm",vibration,Medium,,2.6,3.4,O-ring set,0.99,0.64,0.56,0.99,0.778
WO-00065,EQ-0001,Air Compressor,Plant A - Line 1,2023-09-22,TECH-007,"Rust deposits blocking strainer, pressure differential 29 PSI across filter",corrosion,Low,,14.2,0.3,Mechanical seal kit,0.37,0.42,0.8,0.82,0.582
WO-00066,EQ-0004,Electric Motor,Warehouse C,2022-08-31,TECH-014,"Mechanical seal leaking at shaft interface, fluid loss approx 40 ml/hr",seal_leak,Medium,37.0,15.8,12.4,Oil filter + 5L oil,0.49,0.73,0.8,0.84,0.71
WO-00067,EQ-0012,Conveyor Belt,Warehouse C,2022-08-19,TECH-018,"Structural resonance observed at 3000 RPM, bolts found loose on baseplate",vibration,Medium,37.0,13.0,17.8,None - monitoring,0.98,0.73,0.57,0.55,0.716
WO-00068,EQ-0014,Cooling Tower,Plant B - Line 1,2023-05-06,TECH-007,"Mechanical seal leaking at shaft interface, fluid loss approx 18 ml/hr",seal_leak,Medium,86.0,5.2,7.1,Contactor 3RT2,0.97,0.47,1.0,0.69,0.772
WO-00069,EQ-0016,Air Compressor,Warehouse C,2023-04-26,TECH-011,"Earth leakage current 53.7mA detected, isolation check required",electrical_fault,High,,5.5,1.7,None - monitoring,0.33,0.92,0.87,0.41,0.658
WO-00070,EQ-0036,Gearbox,Plant A - Line 1,2023-10-20,TECH-012,"Wrong lubricant grade used during last service, compatibility issue",lubrication,Low,,7.6,8.4,O-ring set,0.4,0.73,0.59,0.93,0.653
WO-00071,EQ-0042,Electric Motor,Plant A - Line 1,2022-03-03,TECH-016,"Wrong lubricant grade used during last service, compatibility issue",lubrication,Low,,10.8,10.0,Impeller,0.31,0.72,0.71,0.41,0.553
WO-00072,EQ-0047,Air Compressor,Utilities Block,2023-01-18,TECH-008,"Dynamic seal failure suspected, pressure drop of 11% noted in system",seal_leak,Medium,,7.6,2.8,Oil filter + 5L oil,0.78,0.91,0.83,0.91,0.858
WO-00073,EQ-0049,Cooling Tower,Utilities Block,2022-08-24,TECH-002,"Bearing play exceeding tolerance, axial movement of 1.01mm observed",bearing_wear,Medium,178.0,14.3,10.2,Mechanical seal kit,0.78,0.57,0.77,0.79,0.716
WO-00074,EQ-0012,Conveyor Belt,Warehouse C,2022-05-24,TECH-012,"Oil analysis shows high iron content 326 ppm, internal wear indicated",lubrication,Low,,11.2,1.3,Bearing 6205-2RS,0.37,0.54,0.54,0.76,0.542
WO-00075,EQ-0040,Gearbox,Plant A - Line 1,2022-10-30,TECH-005,"Grease nipple blocked, bearing running dry for estimated 31 days",lubrication,Low,,11.6,1.4,None - monitoring,0.8,0.78,0.87,0.59,0.77
WO-00076,EQ-0007,Heat Exchanger,Utilities Block,2022-10-02,TECH-010,"High-pitched squealing noise from bearing assembly, lubrication appears insufficient. Additionally, capacitor bank showing reduced capacitance, power factor 0.64 below target",bearing_wear,Medium,17.0,3.1,1.3,Impeller,0.85,0.62,0.97,0.83,0.807
WO-00077,EQ-0032,Electric Motor,Plant A - Line 2,2023-12-13,TECH-011,"Unbalance detected on rotating assembly, vibration 6.9 mm/s 1X component",vibration,Medium,81.0,3.3,2.0,Oil filter + 5L oil,0.81,0.78,0.98,0.87,0.856
WO-00078,EQ-0021,Gearbox,Plant B - Line 3,2023-12-11,TECH-010,"Gearbox oil temperature 115°C, possible cooler blockage",overheating,High,105.0,10.9,2.3,Contactor 3RT2,0.48,0.49,0.71,0.63,0.57
WO-00079,EQ-0029,Conveyor Belt,Plant A - Line 1,2022-12-30,TECH-013,"Grease nipple blocked, bearing running dry for estimated 29 days",lubrication,Low,157.0,1.2,1.8,Coupling insert,0.98,0.66,0.51,0.56,0.682
WO-00080,EQ-0033,Centrifugal Pump,Warehouse C,2022-03-29,TECH-007,"VFD fault code F4 logged, overcurrent on deceleration",electrical_fault,High,37.0,5.9,3.0,Capacitor 40µF,0.64,0.69,0.72,0.82,0.711
WO-00081,EQ-0021,Gearbox,Plant B - Line 3,2023-02-19,TECH-013,"Unusual noise detected in bearing housing, suspected wear on inner race",bearing_wear,Medium,,3.4,3.4,Bearing 6205-2RS,0.82,0.93,0.72,0.66,0.796
WO-00082,EQ-0001,Air Compressor,Plant A - Line 1,2023-10-17,TECH-012,"Phase imbalance detected, current draw 11% higher on L2",electrical_fault,High,100.0,10.0,8.8,Coupling insert,0.89,0.77,0.91,0.82,0.845
WO-00083,EQ-0020,Electric Motor,Warehouse C,2023-05-14,TECH-006,"Wrong lubricant grade used during last service, compatibility issue",lubrication,Low,,11.2,10.8,Capacitor 40µF,0.42,0.57,0.59,0.91,0.606
WO-00084,EQ-0040,Gearbox,Plant A - Line 1,2023-07-11,TECH-002,"High-pitched squealing noise from bearing assembly, lubrication appears insufficient. Additionally, lubricant contamination detected, water content 34% above limit",bearing_wear,Medium,,6.2,7.7,Impeller,0.68,0.99,0.55,0.9,0.785
WO-00085,EQ-0049,Cooling Tower,Utilities Block,2023-06-11,TECH-014,"O-ring compression set failure, intermittent leak under high pressure. Additionally, o-ring compression set failure, intermittent leak under high pressure",seal_leak,Medium,,11.0,1.6,Bearing 6205-2RS,0.99,0.92,0.56,0.92,0.848
WO-00086,EQ-0016,Air Compressor,Warehouse C,2023-02-17,TECH-015,"High-pitched squealing noise from bearing assembly, lubrication appears insufficient",bearing_wear,Medium,72.0,11.3,14.9,Impeller,0.53,0.4,0.89,0.84,0.643
WO-00087,EQ-0047,Air Compressor,Utilities Block,2023-05-12,TECH-002,"Oil viscosity out of specification, degraded due to thermal cycling",lubrication,Low,,14.4,16.5,Mechanical seal kit,0.74,0.9,0.51,0.96,0.774
WO-00088,EQ-0011,Cooling Tower,Plant A - Line 1,2022-01-10,TECH-014,"Motor winding temperature reached 92°C, thermal protection triggered. Additionally, belt tension incorrect causing vibration and premature wear",overheating,High,88.0,13.2,19.6,O-ring set,0.63,0.54,0.54,0.88,0.631
WO-00089,EQ-0007,Heat Exchanger,Utilities Block,2022-06-05,TECH-007,"Dynamic seal failure suspected, pressure drop of 14% noted in system",seal_leak,Medium,,10.0,6.6,Mechanical seal kit,0.93,0.48,0.56,0.84,0.684
WO-00090,EQ-0023,Cooling Tower,Warehouse C,2023-09-14,TECH-008,"Oil analysis shows high iron content 387 ppm, internal wear indicated",lubrication,Low,101.0,5.1,0.4,Impeller,0.57,0.54,0.82,0.44,0.597
WO-00091,EQ-0001,Air Compressor,Plant A - Line 1,2022-02-10,TECH-010,"Oil analysis shows high iron content 350 ppm, internal wear indicated",lubrication,Low,,15.2,9.1,Capacitor 40µF,0.84,0.65,0.7,0.78,0.736
WO-00092,EQ-0035,Electric Motor,Warehouse C,2022-09-02,TECH-020,"Misalignment between motor and gearbox shaft, 10.2 mm/s 2X vibration",vibration,Medium,23.0,14.8,2.6,Bearing 6205-2RS,0.52,0.85,0.87,0.47,0.696
WO-00093,EQ-0046,Electric Motor,Plant B - Line 3,2022-04-16,TECH-017,"Unusual noise detected in bearing housing, suspected wear on inner race. Additionally, grease nipple blocked, bearing running dry for estimated 39 days",bearing_wear,Medium,,10.9,1.9,Bearing 6205-2RS,0.33,0.92,0.62,0.68,0.65
WO-00094,EQ-0025,Centrifugal Pump,Plant A - Line 1,2022-02-23,TECH-003,"Lubricant contamination detected, water content 19% above limit",lubrication,Low,133.0,15.7,22.5,Impeller,0.91,0.86,0.66,0.45,0.74
WO-00095,EQ-0030,Gearbox,Plant A - Line 1,2022-01-07,TECH-001,"Bearing temperature elevated to 83°C during operation, vibration increasing",bearing_wear,Medium,,0.9,0.7,Coupling insert,0.3,0.79,0.92,0.84,0.71
WO-00096,EQ-0007,Heat Exchanger,Utilities Block,2023-08-18,TECH-019,"Oil seepage observed around pump casing seal, minor pooling on floor",seal_leak,Medium,35.0,10.4,6.2,Bearing 6205-2RS,0.6,0.98,0.62,0.56,0.711
WO-00097,EQ-0021,Gearbox,Plant B - Line 3,2023-02-21,TECH-010,"Grease nipple blocked, bearing running dry for estimated 31 days",lubrication,Low,92.0,15.5,4.8,Impeller,0.49,0.47,0.58,0.81,0.57
WO-00098,EQ-0046,Electric Motor,Plant B - Line 3,2023-07-24,TECH-005,"Insulation resistance measured at 26 MΩ, below 100 MΩ minimum",electrical_fault,High,,4.4,3.0,Mechanical seal kit,0.31,0.9,0.99,0.48,0.691
WO-00099,EQ-0026,Cooling Tower,Warehouse C,2023-09-27,TECH-018,"Electrical cabinet temperature 106°C due to failed ventilation fan. Additionally, motor winding resistance out of tolerance, possible turn-to-turn short",overheating,High,,10.5,7.9,Impeller,0.34,0.57,0.57,0.52,0.502
WO-00100,EQ-0034,Air Compressor,Plant B - Line 1,2022-01-31,TECH-016,"O-ring compression set failure, intermittent leak under high pressure",seal_leak,Medium,,12.6,1.1,Capacitor 40µF,0.55,0.75,0.62,0.5,0.617
WO-00101,EQ-0016,Air Compressor,Warehouse C,2023-12-16,TECH-019,"Contactor pitting observed, intermittent contact causing voltage dips",electrical_fault,High,152.0,0.9,0.9,O-ring set,0.69,0.51,0.99,0.93,0.759
WO-00102,EQ-0032,Electric Motor,Plant A - Line 2,2022-04-14,TECH-014,"Unbalance detected on rotating assembly, vibration 2.9 mm/s 1X component. Additionally, automatic lubrication system failed, manual greasing required",vibration,Medium,83.0,2.6,0.6,Impeller,0.75,0.5,0.98,0.82,0.746
WO-00103,EQ-0040,Gearbox,Plant A - Line 1,2023-09-19,TECH-011,Internal corrosion found on heat exchanger tubes during inspection,corrosion,Low,145.0,2.1,1.6,Mechanical seal kit,0.47,0.99,0.58,0.93,0.746
WO-00104,EQ-0006,Gearbox,Warehouse C,2023-03-06,TECH-013,Corrosion under insulation (CUI) suspected on horizontal pipe section,corrosion,Low,,14.2,10.5,Coupling insert,0.68,0.46,0.74,0.92,0.677
WO-00105,EQ-0042,Electric Motor,Plant A - Line 1,2022-04-06,TECH-014,Internal corrosion found on heat exchanger tubes during inspection,corrosion,Low,158.0,14.3,15.1,O-ring set,0.73,0.66,0.53,0.6,0.633
WO-00106,EQ-0013,Electric Motor,Plant B - Line 1,2022-10-29,TECH-004,"Compressor discharge temperature 111°C, intercooler bypass suspected",overheating,High,,10.2,7.3,Bearing 6205-2RS,0.44,0.78,0.99,0.68,0.727
WO-00107,EQ-0008,Heat Exchanger,Plant A - Line 2,2022-08-20,TECH-004,"Seal face wear visible during inspection, scoring on stationary ring",seal_leak,Medium,,9.2,2.1,Mechanical seal kit,0.77,0.88,0.71,0.85,0.804
WO-00108,EQ-0015,Conveyor Belt,Plant B - Line 1,2023-08-09,TECH-015,"Impeller damage suspected, broadband vibration increase 8.7 mm/s",vibration,Medium,,10.1,1.8,O-ring set,0.96,0.5,0.61,0.52,0.646
WO-00109,EQ-0003,Cooling Tower,Plant A - Line 1,2023-06-17,TECH-017,Electrical cabinet temperature 92°C due to failed ventilation fan,overheating,High,4.0,12.7,11.9,None - monitoring,0.38,0.49,0.78,0.75,0.587
WO-00110,EQ-0007,Heat Exchanger,Utilities Block,2022-11-07,TECH-008,"Wrong lubricant grade used during last service, compatibility issue. Additionally, earth leakage current 40.6ma detected, isolation check required",lubrication,Low,126.0,13.8,14.2,O-ring set,0.51,0.85,0.89,0.59,0.723
WO-00111,EQ-0047,Air Compressor,Utilities Block,2023-06-21,TECH-007,Electrical cabinet temperature 70°C due to failed ventilation fan,overheating,High,,0.9,0.3,Bearing 6205-2RS,0.47,0.67,0.96,0.82,0.722
WO-00112,EQ-0018,Electric Motor,Utilities Block,2023-10-30,TECH-001,"Overheating on drive-end bearing, infrared scan shows hot spot at 97°C. Additionally, electrical cabinet temperature 118°c due to failed ventilation fan",overheating,High,6.0,13.9,20.2,Impeller,0.94,0.79,0.8,0.41,0.754
WO-00113,EQ-0017,Electric Motor,Plant A - Line 2,2023-12-30,TECH-017,"Misalignment between motor and gearbox shaft, 12.3 mm/s 2X vibration. Additionally, coating failure on tank exterior, rust streaks visible below insulation",vibration,Medium,,10.6,3.0,Contactor 3RT2,0.93,0.88,0.9,0.76,0.874
WO-00114,EQ-0043,Air Compressor,Plant A - Line 1,2023-07-02,TECH-012,"Oil seepage observed around pump casing seal, minor pooling on floor",seal_leak,Medium,,7.9,11.1,Capacitor 40µF,0.51,0.5,0.83,0.73,0.631
WO-00115,EQ-0019,Centrifugal Pump,Plant B - Line 1,2023-04-20,TECH-019,"Bearing temperature elevated to 112°C during operation, vibration increasing",bearing_wear,Medium,,7.8,10.1,Mechanical seal kit,0.63,0.52,0.56,0.81,0.616
WO-00116,EQ-0034,Air Compressor,Plant B - Line 1,2022-07-01,TECH-006,"Mechanical seal leaking at shaft interface, fluid loss approx 92 ml/hr",seal_leak,Medium,15.0,0.6,0.2,O-ring set,0.64,0.86,0.54,0.77,0.707
WO-00117,EQ-0041,Conveyor Belt,Plant A - Line 1,2023-12-12,TECH-017,"Overheating on drive-end bearing, infrared scan shows hot spot at 95°C",overheating,High,,5.3,0.8,Oil filter + 5L oil,0.42,0.89,0.65,0.57,0.648
WO-00118,EQ-0047,Air Compressor,Utilities Block,2022-08-05,TECH-012,"Cavitation noise and vibration in pump, inlet pressure below NPSH",vibration,Medium,,9.6,2.4,Bearing 6205-2RS,0.56,0.78,0.89,0.77,0.75
WO-00119,EQ-0039,Hydraulic Press,Plant B - Line 3,2022-04-14,TECH-005,"Oil viscosity out of specification, degraded due to thermal cycling",lubrication,Low,,4.7,4.3,None - monitoring,0.88,0.46,0.86,0.47,0.667
WO-00120,EQ-0008,Heat Exchanger,Plant A - Line 2,2022-10-31,TECH-002,"Galvanic corrosion at dissimilar metal joint, wall thickness reduced. Additionally, surface corrosion on pipe flanges, pitting depth approx 2.1mm",corrosion,Low,13.0,2.0,0.5,Oil filter + 5L oil,0.55,0.81,0.71,0.47,0.652
WO-00121,EQ-0049,Cooling Tower,Utilities Block,2022-10-06,TECH-014,"Oil level low in gearbox sight glass, top-up of 2.3L required",lubrication,Low,,11.2,8.0,O-ring set,0.38,0.82,0.53,0.97,0.668
WO-00122,EQ-0011,Cooling Tower,Plant A - Line 1,2023-12-19,TECH-016,"Metal particles found in oil sample, bearing degradation confirmed. Additionally, structural resonance observed at 3000 rpm, bolts found loose on baseplate",bearing_wear,Medium,,7.2,7.8,Coupling insert,0.76,0.78,0.57,0.9,0.746
WO-00123,EQ-0040,Gearbox,Plant A - Line 1,2022-08-29,TECH-016,"Bearing vibration amplitude 9.5 mm/s RMS, trending upward over last 34 days",bearing_wear,Medium,114.0,12.9,8.7,Impeller,0.52,0.99,0.87,0.41,0.726
WO-00124,EQ-0026,Cooling Tower,Warehouse C,2022-12-06,TECH-012,"Compressor discharge temperature 100°C, intercooler bypass suspected",overheating,High,159.0,9.8,10.5,Impeller,0.38,0.86,0.61,0.6,0.626
WO-00125,EQ-0041,Conveyor Belt,Plant A - Line 1,2023-02-07,TECH-014,"Oil analysis shows high iron content 150 ppm, internal wear indicated",lubrication,Low,49.0,11.6,1.9,Bearing 6205-2RS,0.95,0.9,0.79,0.86,0.877
WO-00126,EQ-0029,Conveyor Belt,Plant A - Line 1,2023-04-09,TECH-017,"Compressor discharge temperature 97°C, intercooler bypass suspected. Additionally, lubricant contamination detected, water content 29% above limit",overheating,High,,2.6,2.3,Oil filter + 5L oil,0.89,0.73,0.66,0.84,0.775
WO-00127,EQ-0036,Gearbox,Plant A - Line 1,2023-11-15,TECH-018,"Unbalance detected on rotating assembly, vibration 6.6 mm/s 1X component",vibration,Medium,,11.0,14.7,Oil filter + 5L oil,0.91,0.65,0.51,0.46,0.642
WO-00128,EQ-0025,Centrifugal Pump,Plant A - Line 1,2023-09-23,TECH-018,"Bearing vibration amplitude 14.0 mm/s RMS, trending upward over last 13 days",bearing_wear,Medium,,12.0,15.6,None - monitoring,0.47,0.87,0.9,0.57,0.718
WO-00129,EQ-0043,Air Compressor,Plant A - Line 1,2023-08-26,TECH-007,"Bearing play exceeding tolerance, axial movement of 1.1mm observed",bearing_wear,Medium,155.0,3.5,3.8,Oil filter + 5L oil,0.61,0.99,0.54,0.98,0.78
WO-00130,EQ-0048,Cooling Tower,Plant B - Line 3,2023-10-03,TECH-019,"Structural resonance observed at 750 RPM, bolts found loose on baseplate",vibration,Medium,,10.8,7.9,Capacitor 40µF,0.55,0.87,0.66,0.53,0.67
WO-00131,EQ-0012,Conveyor Belt,Warehouse C,2023-10-27,TECH-020,"Impeller damage suspected, broadband vibration increase 10.7 mm/s",vibration,Medium,172.0,5.9,2.1,Contactor 3RT2,0.97,0.81,0.66,0.95,0.84
WO-00132,EQ-0008,Heat Exchanger,Plant A - Line 2,2022-03-15,TECH-011,"Compressor discharge temperature 111°C, intercooler bypass suspected. Additionally, wrong lubricant grade used during last service, compatibility issue",overheating,High,,2.9,2.0,Bearing 6205-2RS,0.36,0.43,0.9,0.73,0.59
WO-00133,EQ-0037,Gearbox,Warehouse C,2023-12-19,TECH-010,"Rust deposits blocking strainer, pressure differential 24 PSI across filter",corrosion,Low,,6.0,4.5,Oil filter + 5L oil,0.72,0.57,0.96,0.63,0.717
WO-00134,EQ-0043,Air Compressor,Plant A - Line 1,2023-10-24,TECH-020,"Bearing temperature elevated to 99°C during operation, vibration increasing. Additionally, wrong lubricant grade used during last service, compatibility issue",bearing_wear,Medium,,2.7,0.7,Oil filter + 5L oil,0.44,0.51,0.9,0.91,0.67
WO-00135,EQ-0049,Cooling Tower,Utilities Block,2022-10-19,TECH-015,"Wrong lubricant grade used during last service, compatibility issue",lubrication,Low,,14.5,6.9,Coupling insert,0.73,0.58,0.79,0.74,0.702
WO-00136,EQ-0024,Heat Exchanger,Warehouse C,2023-07-19,TECH-005,"Galvanic corrosion at dissimilar metal joint, wall thickness reduced",corrosion,Low,166.0,9.9,12.5,Capacitor 40µF,0.44,0.84,0.81,0.84,0.732
WO-00137,EQ-0002,Heat Exchanger,Utilities Block,2023-08-27,TECH-017,Corrosion under insulation (CUI) suspected on horizontal pipe section,corrosion,Low,,5.0,3.5,Mechanical seal kit,0.58,0.7,0.83,0.91,0.744
WO-00138,EQ-0040,Gearbox,Plant A - Line 1,2023-08-07,TECH-003,"Capacitor bank showing reduced capacitance, power factor 0.79 below target. Additionally, lip seal deteriorated, grease escaping from gearbox output shaft",electrical_fault,High,168.0,6.4,5.6,Capacitor 40µF,0.48,0.98,0.61,0.64,0.694
WO-00139,EQ-0023,Cooling Tower,Warehouse C,2023-11-08,TECH-016,"Structural resonance observed at 750 RPM, bolts found loose on baseplate",vibration,Medium,85.0,11.7,8.5,Impeller,0.45,0.5,0.92,0.41,0.574
WO-00140,EQ-0003,Cooling Tower,Plant A - Line 1,2023-11-09,TECH-020,"Metal particles found in oil sample, bearing degradation confirmed",bearing_wear,Medium,,15.2,4.9,Impeller,0.91,0.5,0.92,0.76,0.76
WO-00141,EQ-0038,Cooling Tower,Plant A - Line 2,2023-09-13,TECH-018,Internal corrosion found on heat exchanger tubes during inspection,corrosion,Low,122.0,14.5,13.0,Capacitor 40µF,0.83,0.46,0.83,0.94,0.741
WO-00142,EQ-0035,Electric Motor,Warehouse C,2023-12-15,TECH-008,"Coating failure on tank exterior, rust streaks visible below insulation",corrosion,Low,109.0,2.6,1.9,Mechanical seal kit,0.5,0.93,0.7,0.51,0.681
WO-00143,EQ-0046,Electric Motor,Plant B - Line 3,2023-08-02,TECH-007,"Insulation resistance measured at 27 MΩ, below 100 MΩ minimum",electrical_fault,High,71.0,15.9,9.5,None - monitoring,0.69,0.73,0.59,0.74,0.687
WO-00144,EQ-0031,Heat Exchanger,Warehouse C,2023-07-18,TECH-013,"Dynamic seal failure suspected, pressure drop of 12% noted in system",seal_leak,Medium,,11.1,0.9,Bearing 6205-2RS,0.86,0.89,0.74,0.76,0.819
WO-00145,EQ-0006,Gearbox,Warehouse C,2023-11-04,TECH-020,"Bearing temperature elevated to 88°C during operation, vibration increasing",bearing_wear,Medium,,8.5,2.5,Capacitor 40µF,0.66,0.54,0.58,0.42,0.556
WO-00146,EQ-0016,Air Compressor,Warehouse C,2023-07-27,TECH-009,"Phase imbalance detected, current draw 30% higher on L2",electrical_fault,High,,5.9,8.5,Contactor 3RT2,0.72,0.52,0.96,0.74,0.724
WO-00147,EQ-0017,Electric Motor,Plant A - Line 2,2022-12-14,TECH-019,"Metal particles found in oil sample, bearing degradation confirmed",bearing_wear,Medium,,7.6,5.3,Bearing 6205-2RS,0.64,0.55,0.69,0.87,0.672
WO-00148,EQ-0015,Conveyor Belt,Plant B - Line 1,2022-12-31,TECH-016,"Phase imbalance detected, current draw 5% higher on L2. Additionally, heat exchanger fouling reducing efficiency, outlet temp 78°c above setpoint",electrical_fault,High,28.0,2.4,0.3,Bearing 6205-2RS,0.83,0.72,0.52,0.69,0.692
WO-00149,EQ-0040,Gearbox,Plant A - Line 1,2023-12-04,TECH-017,"Lip seal deteriorated, grease escaping from gearbox output shaft",seal_leak,Medium,,7.6,1.4,Impeller,0.52,0.41,0.84,0.63,0.589
WO-00150,EQ-0007,Heat Exchanger,Utilities Block,2023-04-07,TECH-004,"Lip seal deteriorated, grease escaping from gearbox output shaft",seal_leak,Medium,34.0,15.7,16.2,Oil filter + 5L oil,0.86,0.73,0.93,0.52,0.77
WO-00151,EQ-0048,Cooling Tower,Plant B - Line 3,2022-12-26,TECH-019,"Grease discolouration and hardening noted around bearing cap. Additionally, o-ring compression set failure, intermittent leak under high pressure",bearing_wear,Medium,,15.4,4.6,Capacitor 40µF,0.42,0.87,0.68,0.8,0.696
WO-00152,EQ-0032,Electric Motor,Plant A - Line 2,2023-10-31,TECH-015,"Galvanic corrosion at dissimilar metal joint, wall thickness reduced",corrosion,Low,69.0,9.9,5.9,Coupling insert,0.82,0.71,0.73,0.5,0.7
WO-00153,EQ-0002,Heat Exchanger,Utilities Block,2022-03-27,TECH-013,"Bearing temperature elevated to 107°C during operation, vibration increasing",bearing_wear,Medium,159.0,2.9,2.8,Oil filter + 5L oil,0.46,0.84,0.72,0.48,0.643
WO-00154,EQ-0034,Air Compressor,Plant B - Line 1,2023-10-14,TECH-018,"Surface corrosion on pipe flanges, pitting depth approx 1.69mm",corrosion,Low,,7.2,6.9,Oil filter + 5L oil,0.94,0.69,0.61,0.45,0.684
WO-00155,EQ-0020,Electric Motor,Warehouse C,2022-10-27,TECH-018,"Heat exchanger fouling reducing efficiency, outlet temp 74°C above setpoint",overheating,High,2.0,9.0,2.5,None - monitoring,0.58,0.5,0.87,0.63,0.638
WO-00156,EQ-0025,Centrifugal Pump,Plant A - Line 1,2023-10-15,TECH-007,"Mechanical seal leaking at shaft interface, fluid loss approx 182 ml/hr",seal_leak,Medium,116.0,4.7,4.4,Coupling insert,0.31,0.43,0.77,0.51,0.501
WO-00157,EQ-0007,Heat Exchanger,Utilities Block,2022-09-12,TECH-007,"Oil seepage observed around pump casing seal, minor pooling on floor. Additionally, grease discolouration and hardening noted around bearing cap",seal_leak,Medium,114.0,4.3,6.4,Impeller,0.81,0.46,0.83,0.53,0.654
WO-00158,EQ-0025,Centrifugal Pump,Plant A - Line 1,2023-03-21,TECH-013,"Contactor pitting observed, intermittent contact causing voltage dips",electrical_fault,High,43.0,12.8,11.2,Contactor 3RT2,0.31,0.43,0.89,0.69,0.567
WO-00159,EQ-0039,Hydraulic Press,Plant B - Line 3,2023-10-23,TECH-007,Grease discolouration and hardening noted around bearing cap,bearing_wear,Medium,,13.0,8.6,Bearing 6205-2RS,0.78,0.61,0.57,0.94,0.708
WO-00160,EQ-0032,Electric Motor,Plant A - Line 2,2023-11-06,TECH-016,"VFD fault code F77 logged, overcurrent on deceleration. Additionally, gearbox oil temperature 81°c, possible cooler blockage",electrical_fault,High,,13.2,3.8,Capacitor 40µF,0.41,0.57,0.7,0.59,0.566
WO-00161,EQ-0007,Heat Exchanger,Utilities Block,2022-09-20,TECH-007,"Excessive vibration on pump casing, amplitude 4.1 mm/s at 1500 RPM",vibration,Medium,57.0,9.9,1.1,Impeller,0.95,0.9,0.73,0.78,0.846
WO-00162,EQ-0024,Heat Exchanger,Warehouse C,2023-01-30,TECH-006,"Structural resonance observed at 750 RPM, bolts found loose on baseplate",vibration,Medium,135.0,10.7,9.1,Capacitor 40µF,0.82,0.65,0.55,0.78,0.694
WO-00163,EQ-0023,Cooling Tower,Warehouse C,2022-11-29,TECH-011,"Earth leakage current 54.3mA detected, isolation check required",electrical_fault,High,,6.9,6.6,Contactor 3RT2,0.69,0.53,0.88,0.96,0.744
WO-00164,EQ-0017,Electric Motor,Plant A - Line 2,2022-09-20,TECH-007,"Overheating on drive-end bearing, infrared scan shows hot spot at 93°C. Additionally, oil viscosity out of specification, degraded due to thermal cycling",overheating,High,,1.9,1.1,Mechanical seal kit,0.81,0.88,0.59,0.9,0.794
WO-00165,EQ-0045,Heat Exchanger,Utilities Block,2023-10-31,TECH-013,"Capacitor bank showing reduced capacitance, power factor 0.82 below target",electrical_fault,High,,14.9,14.2,Bearing 6205-2RS,0.51,0.42,0.77,0.49,0.544
WO-00166,EQ-0033,Centrifugal Pump,Warehouse C,2022-02-20,TECH-005,"Phase imbalance detected, current draw 37% higher on L2",electrical_fault,High,68.0,1.8,1.4,O-ring set,0.64,0.52,0.7,0.74,0.639
WO-00167,EQ-0036,Gearbox,Plant A - Line 1,2022-03-29,TECH-005,"Belt tension incorrect causing vibration and premature wear. Additionally, cooling fan obstructed by debris, motor surface temperature 87°c",vibration,Medium,14.0,4.3,4.0,Oil filter + 5L oil,0.31,0.82,0.56,0.67,0.597
WO-00168,EQ-0002,Heat Exchanger,Utilities Block,2022-02-14,TECH-020,"Hydraulic fluid leak at cylinder rod seal, 145 ml/hr estimated loss",seal_leak,Medium,16.0,4.9,5.8,Oil filter + 5L oil,0.34,0.79,0.5,0.63,0.573
WO-00169,EQ-0018,Electric Motor,Utilities Block,2022-11-06,TECH-009,"Earth leakage current 78.2mA detected, isolation check required. Additionally, motor winding resistance out of tolerance, possible turn-to-turn short",electrical_fault,High,129.0,4.8,0.4,None - monitoring,0.92,0.89,0.51,0.73,0.771
WO-00170,EQ-0018,Electric Motor,Utilities Block,2022-11-22,TECH-011,"Dynamic seal failure suspected, pressure drop of 19% noted in system. Additionally, internal corrosion found on heat exchanger tubes during inspection",seal_leak,Medium,137.0,15.2,2.7,O-ring set,0.81,0.86,0.94,0.65,0.826
WO-00171,EQ-0027,Gearbox,Warehouse C,2023-09-03,TECH-016,"Hydraulic fluid leak at cylinder rod seal, 43 ml/hr estimated loss",seal_leak,Medium,176.0,0.9,0.1,O-ring set,0.65,0.76,0.86,0.62,0.729
WO-00172,EQ-0025,Centrifugal Pump,Plant A - Line 1,2023-09-24,TECH-014,"Unbalance detected on rotating assembly, vibration 2.5 mm/s 1X component",vibration,Medium,84.0,13.9,18.5,None - monitoring,0.84,0.76,0.91,0.83,0.832
WO-00173,EQ-0026,Cooling Tower,Warehouse C,2023-07-26,TECH-015,Belt tension incorrect causing vibration and premature wear,vibration,Medium,162.0,15.4,4.4,None - monitoring,0.92,0.86,0.64,0.5,0.748
WO-00174,EQ-0019,Centrifugal Pump,Plant B - Line 1,2022-01-26,TECH-015,"Excessive vibration on pump casing, amplitude 4.3 mm/s at 3000 RPM",vibration,Medium,152.0,14.4,19.3,Mechanical seal kit,0.48,0.82,0.95,0.88,0.78
WO-00175,EQ-0046,Electric Motor,Plant B - Line 3,2023-11-07,TECH-002,"Insulation resistance measured at 40 MΩ, below 100 MΩ minimum",electrical_fault,High,,3.0,0.7,None - monitoring,0.52,0.84,0.98,0.57,0.741
WO-00176,EQ-0012,Conveyor Belt,Warehouse C,2023-02-24,TECH-018,"Bearing temperature elevated to 77°C during operation, vibration increasing",bearing_wear,Medium,154.0,9.8,3.6,Oil filter + 5L oil,0.73,0.73,0.91,0.43,0.715
WO-00177,EQ-0010,Hydraulic Press,Plant A - Line 1,2023-12-18,TECH-019,"High-pitched squealing noise from bearing assembly, lubrication appears insufficient",bearing_wear,Medium,144.0,3.2,2.2,Coupling insert,0.95,0.46,0.65,0.62,0.662
WO-00178,EQ-0025,Centrifugal Pump,Plant A - Line 1,2023-10-07,TECH-010,"Coating failure on tank exterior, rust streaks visible below insulation",corrosion,Low,23.0,8.0,8.3,None - monitoring,0.73,0.59,0.76,1.0,0.75
WO-00179,EQ-0023,Cooling Tower,Warehouse C,2022-08-01,TECH-011,"Wrong lubricant grade used during last service, compatibility issue",lubrication,Low,,16.0,9.9,Coupling insert,0.69,0.78,0.51,0.52,0.638
WO-00180,EQ-0019,Centrifugal Pump,Plant B - Line 1,2023-11-20,TECH-016,"Mechanical seal leaking at shaft interface, fluid loss approx 34 ml/hr",seal_leak,Medium,122.0,12.9,12.5,O-ring set,0.74,0.94,0.77,0.6,0.78
WO-00181,EQ-0027,Gearbox,Warehouse C,2022-09-01,TECH-004,"Oil level low in gearbox sight glass, top-up of 1.8L required. Additionally, belt tension incorrect causing vibration and premature wear",lubrication,Low,78.0,3.9,1.8,Coupling insert,0.85,0.87,0.96,0.67,0.848
WO-00182,EQ-0002,Heat Exchanger,Utilities Block,2022-11-16,TECH-010,"Chemical attack on pump impeller, material loss estimated 25%. Additionally, belt tension incorrect causing vibration and premature wear",corrosion,Low,,3.8,1.1,Oil filter + 5L oil,0.67,0.86,0.84,0.56,0.747
WO-00183,EQ-0011,Cooling Tower,Plant A - Line 1,2022-12-13,TECH-002,"Mechanical seal leaking at shaft interface, fluid loss approx 94 ml/hr",seal_leak,Medium,13.0,2.5,1.8,Mechanical seal kit,0.57,0.45,0.7,0.82,0.616
WO-00184,EQ-0038,Cooling Tower,Plant A - Line 2,2023-10-22,TECH-008,Belt tension incorrect causing vibration and premature wear,vibration,Medium,,7.7,2.7,O-ring set,0.9,0.77,0.96,0.64,0.824
WO-00185,EQ-0045,Heat Exchanger,Utilities Block,2023-05-09,TECH-014,"Oil analysis shows high iron content 228 ppm, internal wear indicated. Additionally, bearing play exceeding tolerance, axial movement of 1.81mm observed",lubrication,Low,88.0,3.7,3.9,None - monitoring,0.7,0.61,0.85,0.5,0.67
WO-00186,EQ-0043,Air Compressor,Plant A - Line 1,2023-01-24,TECH-005,"Bearing vibration amplitude 3.8 mm/s RMS, trending upward over last 41 days",bearing_wear,Medium,166.0,10.7,1.5,Bearing 6205-2RS,0.83,0.8,0.73,0.57,0.744
WO-00187,EQ-0040,Gearbox,Plant A - Line 1,2022-05-11,TECH-002,"Unbalance detected on rotating assembly, vibration 7.1 mm/s 1X component",vibration,Medium,,1.5,2.0,Bearing 6205-2RS,0.79,0.89,0.68,0.92,0.819
WO-00188,EQ-0002,Heat Exchanger,Utilities Block,2023-03-04,TECH-001,"Hydraulic fluid leak at cylinder rod seal, 108 ml/hr estimated loss",seal_leak,Medium,172.0,2.4,0.0,O-ring set,0.8,0.69,0.72,0.99,0.785
WO-00189,EQ-0006,Gearbox,Warehouse C,2023-08-15,TECH-018,Grease discolouration and hardening noted around bearing cap,bearing_wear,Medium,61.0,11.5,4.6,Coupling insert,0.32,0.42,0.74,0.62,0.515
WO-00190,EQ-0038,Cooling Tower,Plant A - Line 2,2022-10-29,TECH-010,"Belt tension incorrect causing vibration and premature wear. Additionally, chemical attack on pump impeller, material loss estimated 5%",vibration,Medium,10.0,11.3,10.1,Oil filter + 5L oil,0.34,0.68,0.58,0.43,0.52
WO-00191,EQ-0019,Centrifugal Pump,Plant B - Line 1,2022-06-04,TECH-008,"Chemical attack on pump impeller, material loss estimated 22%",corrosion,Low,,6.2,1.6,Impeller,0.43,0.72,0.52,0.99,0.652
WO-00192,EQ-0010,Hydraulic Press,Plant A - Line 1,2022-04-29,TECH-018,"Impeller damage suspected, broadband vibration increase 14.0 mm/s",vibration,Medium,119.0,6.7,3.0,Contactor 3RT2,0.57,0.82,0.74,0.49,0.671
WO-00193,EQ-0028,Air Compressor,Utilities Block,2022-10-01,TECH-015,Grease discolouration and hardening noted around bearing cap,bearing_wear,Medium,,4.5,3.9,Contactor 3RT2,0.81,0.75,0.6,0.6,0.698
WO-00194,EQ-0045,Heat Exchanger,Utilities Block,2022-07-09,TECH-015,"Oil analysis shows high iron content 195 ppm, internal wear indicated. Additionally, insulation resistance measured at 6 mω, below 100 mω minimum",lubrication,Low,,11.3,4.3,Mechanical seal kit,0.75,0.95,0.64,0.66,0.764
WO-00195,EQ-0043,Air Compressor,Plant A - Line 1,2023-09-17,TECH-014,"Rust deposits blocking strainer, pressure differential 19 PSI across filter",corrosion,Low,166.0,8.1,1.7,Contactor 3RT2,0.73,0.46,0.72,0.56,0.612
WO-00196,EQ-0003,Cooling Tower,Plant A - Line 1,2023-05-18,TECH-003,"Metal particles found in oil sample, bearing degradation confirmed",bearing_wear,Medium,104.0,13.6,15.9,Capacitor 40µF,0.46,0.63,0.84,0.87,0.688
WO-00197,EQ-0008,Heat Exchanger,Plant A - Line 2,2023-08-31,TECH-010,"Misalignment between motor and gearbox shaft, 8.4 mm/s 2X vibration. Additionally, bearing play exceeding tolerance, axial movement of 0.56mm observed",vibration,Medium,100.0,1.5,1.2,Impeller,0.67,0.9,0.72,1.0,0.817
WO-00198,EQ-0003,Cooling Tower,Plant A - Line 1,2022-06-24,TECH-004,"Dynamic seal failure suspected, pressure drop of 38% noted in system. Additionally, seal face wear visible during inspection, scoring on stationary ring",seal_leak,Medium,,1.5,1.8,Impeller,0.72,0.77,0.53,0.52,0.648
WO-00199,EQ-0022,Heat Exchanger,Plant A - Line 2,2022-06-22,TECH-019,Corrosion under insulation (CUI) suspected on horizontal pipe section,corrosion,Low,,9.1,6.0,Bearing 6205-2RS,0.39,0.87,0.82,0.63,0.69
WO-00200,EQ-0011,Cooling Tower,Plant A - Line 1,2023-04-07,TECH-006,"Bearing play exceeding tolerance, axial movement of 0.12mm observed",bearing_wear,Medium,45.0,10.0,0.6,Impeller,0.73,0.45,0.91,0.58,0.661
WO-00201,EQ-0027,Gearbox,Warehouse C,2023-04-10,TECH-001,"Bearing temperature elevated to 77°C during operation, vibration increasing. Additionally, hydraulic fluid leak at cylinder rod seal, 45 ml/hr estimated loss",bearing_wear,Medium,14.0,14.8,3.9,Impeller,0.66,0.44,0.62,0.67,0.586
WO-00202,EQ-0038,Cooling Tower,Plant A - Line 2,2023-03-23,TECH-005,"Oil seepage observed around pump casing seal, minor pooling on floor",seal_leak,Medium,157.0,7.6,4.4,Impeller,0.8,0.78,0.99,0.52,0.786
WO-00203,EQ-0009,Cooling Tower,Plant A - Line 1,2023-08-15,TECH-017,"Metal particles found in oil sample, bearing degradation confirmed",bearing_wear,Medium,,13.8,1.8,Impeller,0.9,0.53,0.74,0.68,0.705
WO-00204,EQ-0001,Air Compressor,Plant A - Line 1,2023-05-06,TECH-016,"Earth leakage current 36.3mA detected, isolation check required",electrical_fault,High,,11.3,1.7,Contactor 3RT2,0.36,0.85,0.85,0.64,0.686
WO-00205,EQ-0014,Cooling Tower,Plant B - Line 1,2023-12-16,TECH-003,"High-pitched squealing noise from bearing assembly, lubrication appears insufficient. Additionally, galvanic corrosion at dissimilar metal joint, wall thickness reduced",bearing_wear,Medium,,8.9,10.6,Coupling insert,0.82,0.43,0.97,0.8,0.736
WO-00206,EQ-0004,Electric Motor,Warehouse C,2023-08-18,TECH-008,"High-pitched squealing noise from bearing assembly, lubrication appears insufficient",bearing_wear,Medium,,11.4,12.9,Coupling insert,0.55,0.56,0.84,0.57,0.63
WO-00207,EQ-0005,Electric Motor,Utilities Block,2022-03-31,TECH-004,"Overheating on drive-end bearing, infrared scan shows hot spot at 96°C",overheating,High,46.0,5.0,7.2,O-ring set,0.49,0.82,0.75,0.92,0.74
WO-00208,EQ-0034,Air Compressor,Plant B - Line 1,2023-06-17,TECH-011,"Oil level low in gearbox sight glass, top-up of 4.4L required",lubrication,Low,,6.9,3.5,Impeller,0.72,0.82,0.92,0.67,0.79
WO-00209,EQ-0020,Electric Motor,Warehouse C,2022-06-29,TECH-005,"Impeller damage suspected, broadband vibration increase 6.2 mm/s",vibration,Medium,,11.2,11.2,O-ring set,0.47,0.42,0.66,0.48,0.504
WO-00210,EQ-0017,Electric Motor,Plant A - Line 2,2023-04-15,TECH-018,"Cooling fan obstructed by debris, motor surface temperature 100°C",overheating,High,,2.9,4.2,Capacitor 40µF,0.53,0.82,0.74,0.57,0.677
WO-00211,EQ-0049,Cooling Tower,Utilities Block,2023-01-01,TECH-017,"Wrong lubricant grade used during last service, compatibility issue",lubrication,Low,15.0,9.9,2.9,Contactor 3RT2,0.85,0.86,0.6,0.45,0.71
WO-00212,EQ-0029,Conveyor Belt,Plant A - Line 1,2022-12-26,TECH-015,"Insulation resistance measured at 43 MΩ, below 100 MΩ minimum",electrical_fault,High,115.0,14.1,1.9,None - monitoring,0.86,0.57,0.9,0.98,0.807
WO-00213,EQ-0028,Air Compressor,Utilities Block,2022-10-07,TECH-005,"Motor winding resistance out of tolerance, possible turn-to-turn short",electrical_fault,High,143.0,7.7,6.6,Contactor 3RT2,0.43,0.63,0.78,0.43,0.578
WO-00214,EQ-0020,Electric Motor,Warehouse C,2022-07-03,TECH-009,"Rust deposits blocking strainer, pressure differential 8 PSI across filter",corrosion,Low,177.0,10.5,0.4,Impeller,1.0,0.44,0.87,0.75,0.75
WO-00215,EQ-0037,Gearbox,Warehouse C,2023-01-01,TECH-012,"Heat exchanger fouling reducing efficiency, outlet temp 105°C above setpoint",overheating,High,70.0,6.1,5.8,Bearing 6205-2RS,0.5,0.72,0.97,0.71,0.725
WO-00216,EQ-0050,Electric Motor,Plant A - Line 2,2023-12-31,TECH-004,"Impeller damage suspected, broadband vibration increase 4.7 mm/s. Additionally, contactor pitting observed, intermittent contact causing voltage dips",vibration,Medium,30.0,7.0,9.6,O-ring set,0.95,0.69,0.66,0.62,0.734
WO-00217,EQ-0029,Conveyor Belt,Plant A - Line 1,2023-03-12,TECH-016,"Wrong lubricant grade used during last service, compatibility issue",lubrication,Low,,12.7,1.5,None - monitoring,0.33,0.46,0.9,0.71,0.588
WO-00218,EQ-0004,Electric Motor,Warehouse C,2022-06-14,TECH-017,"Heat exchanger fouling reducing efficiency, outlet temp 67°C above setpoint",overheating,High,,12.6,11.6,Mechanical seal kit,0.37,0.75,0.51,0.53,0.551
WO-00219,EQ-0013,Electric Motor,Plant B - Line 1,2023-03-11,TECH-011,"Lubricant contamination detected, water content 37% above limit",lubrication,Low,59.0,6.8,7.8,Mechanical seal kit,0.63,0.71,0.75,0.62,0.682
WO-00220,EQ-0019,Centrifugal Pump,Plant B - Line 1,2023-11-27,TECH-004,"Excessive vibration on pump casing, amplitude 3.9 mm/s at 1500 RPM",vibration,Medium,4.0,16.0,11.8,None - monitoring,0.61,0.8,0.54,0.49,0.626
WO-00221,EQ-0026,Cooling Tower,Warehouse C,2024-01-01,TECH-013,"Insulation resistance measured at 13 MΩ, below 100 MΩ minimum",electrical_fault,High,,9.7,11.0,Coupling insert,0.63,0.76,0.7,0.69,0.698
WO-00222,EQ-0018,Electric Motor,Utilities Block,2023-11-27,TECH-003,"Bearing play exceeding tolerance, axial movement of 0.39mm observed",bearing_wear,Medium,78.0,10.1,1.5,Capacitor 40µF,0.84,0.88,0.6,0.8,0.784
WO-00223,EQ-0032,Electric Motor,Plant A - Line 2,2023-12-03,TECH-017,"Cavitation noise and vibration in pump, inlet pressure below NPSH. Additionally, coating failure on tank exterior, rust streaks visible below insulation",vibration,Medium,121.0,7.9,10.1,Bearing 6205-2RS,0.57,0.7,0.99,0.77,0.754
WO-00224,EQ-0023,Cooling Tower,Warehouse C,2022-12-26,TECH-019,"Rust deposits blocking strainer, pressure differential 8 PSI across filter",corrosion,Low,63.0,4.3,4.2,Mechanical seal kit,0.94,0.44,0.65,0.6,0.65
WO-00225,EQ-0002,Heat Exchanger,Utilities Block,2023-05-16,TECH-011,"Excessive vibration on pump casing, amplitude 8.8 mm/s at 750 RPM",vibration,Medium,173.0,3.7,2.8,O-ring set,0.73,0.62,0.72,0.7,0.688
WO-00226,EQ-0005,Electric Motor,Utilities Block,2023-06-12,TECH-017,"Chemical attack on pump impeller, material loss estimated 19%. Additionally, wrong lubricant grade used during last service, compatibility issue",corrosion,Low,141.0,3.3,0.1,O-ring set,0.7,0.53,0.98,0.85,0.749
WO-00227,EQ-0030,Gearbox,Plant A - Line 1,2023-02-25,TECH-009,"Hydraulic fluid leak at cylinder rod seal, 149 ml/hr estimated loss",seal_leak,Medium,17.0,10.3,13.1,Oil filter + 5L oil,0.75,0.55,0.8,0.64,0.68
WO-00228,EQ-0008,Heat Exchanger,Plant A - Line 2,2023-11-06,TECH-016,"Unusual noise detected in bearing housing, suspected wear on inner race",bearing_wear,Medium,165.0,13.7,19.8,Bearing 6205-2RS,0.34,0.94,0.66,0.58,0.648
WO-00229,EQ-0005,Electric Motor,Utilities Block,2023-06-22,TECH-011,"Grease nipple blocked, bearing running dry for estimated 28 days",lubrication,Low,24.0,4.2,0.8,Coupling insert,0.88,0.84,0.9,0.85,0.867
WO-00230,EQ-0028,Air Compressor,Utilities Block,2022-10-12,TECH-012,"Mechanical seal leaking at shaft interface, fluid loss approx 70 ml/hr",seal_leak,Medium,,15.0,8.2,Oil filter + 5L oil,0.31,0.98,0.8,0.9,0.752
WO-00231,EQ-0043,Air Compressor,Plant A - Line 1,2023-02-02,TECH-010,"Surface corrosion on pipe flanges, pitting depth approx 2.3mm",corrosion,Low,101.0,14.9,20.5,Mechanical seal kit,0.96,0.85,0.65,0.92,0.842
WO-00232,EQ-0011,Cooling Tower,Plant A - Line 1,2022-06-14,TECH-020,"Oil viscosity out of specification, degraded due to thermal cycling",lubrication,Low,,8.3,4.4,Capacitor 40µF,0.82,0.67,0.51,0.43,0.62
WO-00233,EQ-0042,Electric Motor,Plant A - Line 1,2023-12-04,TECH-005,"Bearing play exceeding tolerance, axial movement of 1.64mm observed",bearing_wear,Medium,82.0,7.5,9.8,Oil filter + 5L oil,0.42,0.76,0.66,0.57,0.612
WO-00234,EQ-0006,Gearbox,Warehouse C,2022-02-20,TECH-012,"Cooling fan obstructed by debris, motor surface temperature 90°C",overheating,High,110.0,9.8,2.2,O-ring set,0.96,0.47,0.86,0.66,0.728
WO-00235,EQ-0030,Gearbox,Plant A - Line 1,2023-12-11,TECH-020,"Galvanic corrosion at dissimilar metal joint, wall thickness reduced. Additionally, lubricant contamination detected, water content 20% above limit",corrosion,Low,55.0,11.6,12.3,Oil filter + 5L oil,0.35,0.73,0.53,0.96,0.631
WO-00236,EQ-0031,Heat Exchanger,Warehouse C,2023-08-18,TECH-015,"Wrong lubricant grade used during last service, compatibility issue",lubrication,Low,44.0,8.3,11.6,O-ring set,0.36,0.83,0.72,0.56,0.631
WO-00237,EQ-0021,Gearbox,Plant B - Line 3,2023-05-19,TECH-015,"Bearing temperature elevated to 96°C during operation, vibration increasing",bearing_wear,Medium,,2.8,3.6,Bearing 6205-2RS,0.43,0.43,0.59,0.68,0.52
WO-00238,EQ-0011,Cooling Tower,Plant A - Line 1,2022-10-18,TECH-019,"Motor winding resistance out of tolerance, possible turn-to-turn short",electrical_fault,High,44.0,12.1,14.9,Contactor 3RT2,0.71,0.98,0.76,0.74,0.81
WO-00239,EQ-0027,Gearbox,Warehouse C,2023-12-26,TECH-020,"Lubricant contamination detected, water content 23% above limit",lubrication,Low,,7.5,10.7,Bearing 6205-2RS,0.53,0.43,0.81,0.67,0.598
WO-00240,EQ-0047,Air Compressor,Utilities Block,2023-02-13,TECH-010,"Automatic lubrication system failed, manual greasing required",lubrication,Low,54.0,3.0,3.5,O-ring set,0.38,0.69,0.72,0.88,0.658
WO-00241,EQ-0020,Electric Motor,Warehouse C,2023-01-13,TECH-002,"Wrong lubricant grade used during last service, compatibility issue",lubrication,Low,,7.2,4.6,Capacitor 40µF,0.54,0.68,0.61,0.81,0.654
WO-00242,EQ-0010,Hydraulic Press,Plant A - Line 1,2023-07-19,TECH-014,"Wrong lubricant grade used during last service, compatibility issue",lubrication,Low,12.0,8.5,6.5,Mechanical seal kit,0.63,0.83,0.91,0.61,0.756
WO-00243,EQ-0038,Cooling Tower,Plant A - Line 2,2022-09-29,TECH-020,"Metal particles found in oil sample, bearing degradation confirmed",bearing_wear,Medium,48.0,3.8,0.4,Oil filter + 5L oil,0.91,0.46,0.77,0.4,0.638
WO-00244,EQ-0008,Heat Exchanger,Plant A - Line 2,2022-05-09,TECH-007,"Bearing vibration amplitude 8.5 mm/s RMS, trending upward over last 45 days",bearing_wear,Medium,49.0,2.2,0.1,Bearing 6205-2RS,0.45,0.79,0.82,0.66,0.686
WO-00245,EQ-0041,Conveyor Belt,Plant A - Line 1,2023-08-23,TECH-002,"Wrong lubricant grade used during last service, compatibility issue",lubrication,Low,76.0,9.3,11.6,Coupling insert,0.31,0.78,0.86,0.99,0.724
WO-00246,EQ-0032,Electric Motor,Plant A - Line 2,2022-11-20,TECH-016,"VFD fault code F63 logged, overcurrent on deceleration",electrical_fault,High,69.0,14.3,8.9,Mechanical seal kit,0.65,0.96,0.67,0.82,0.782
WO-00247,EQ-0002,Heat Exchanger,Utilities Block,2023-11-21,TECH-006,"Bearing vibration amplitude 9.0 mm/s RMS, trending upward over last 35 days",bearing_wear,Medium,,6.1,4.3,Contactor 3RT2,0.5,0.85,0.83,0.48,0.684
WO-00248,EQ-0013,Electric Motor,Plant B - Line 1,2023-05-31,TECH-008,"Bearing play exceeding tolerance, axial movement of 2.0mm observed",bearing_wear,Medium,17.0,5.7,1.0,Mechanical seal kit,0.69,0.69,1.0,0.87,0.804
WO-00249,EQ-0050,Electric Motor,Plant A - Line 2,2022-04-15,TECH-004,"Metal particles found in oil sample, bearing degradation confirmed",bearing_wear,Medium,,1.2,0.2,Contactor 3RT2,0.94,0.49,0.65,0.66,0.676
WO-00250,EQ-0033,Centrifugal Pump,Warehouse C,2023-01-06,TECH-017,"Impeller damage suspected, broadband vibration increase 7.8 mm/s. Additionally, electrical cabinet temperature 113°c due to failed ventilation fan",vibration,Medium,,7.4,8.5,Mechanical seal kit,0.36,0.59,0.99,0.5,0.614
WO-00251,EQ-0004,Electric Motor,Warehouse C,2022-07-22,TECH-013,"Motor winding temperature reached 107°C, thermal protection triggered. Additionally, compressor discharge temperature 104°c, intercooler bypass suspected",overheating,High,,1.8,1.5,O-ring set,0.66,0.72,0.61,0.71,0.676
WO-00252,EQ-0020,Electric Motor,Warehouse C,2023-06-04,TECH-015,"Impeller damage suspected, broadband vibration increase 2.4 mm/s",vibration,Medium,13.0,12.2,17.2,Oil filter + 5L oil,0.7,0.4,0.67,0.54,0.57
WO-00253,EQ-0048,Cooling Tower,Plant B - Line 3,2022-09-11,TECH-012,"Wrong lubricant grade used during last service, compatibility issue",lubrication,Low,133.0,9.5,11.7,Impeller,0.37,0.83,0.91,0.45,0.659
WO-00254,EQ-0004,Electric Motor,Warehouse C,2023-05-17,TECH-017,"Cooling fan obstructed by debris, motor surface temperature 95°C",overheating,High,,7.0,1.7,O-ring set,0.64,0.67,0.98,0.71,0.748
WO-00255,EQ-0034,Air Compressor,Plant B - Line 1,2023-01-19,TECH-019,"Bearing temperature elevated to 94°C during operation, vibration increasing",bearing_wear,Medium,125.0,0.9,0.2,None - monitoring,0.33,0.94,0.94,0.53,0.705
WO-00256,EQ-0048,Cooling Tower,Plant B - Line 3,2023-10-24,TECH-010,"Excessive vibration on pump casing, amplitude 15.9 mm/s at 3000 RPM. Additionally, galvanic corrosion at dissimilar metal joint, wall thickness reduced",vibration,Medium,43.0,11.5,9.9,Capacitor 40µF,0.75,0.79,0.54,0.97,0.754
WO-00257,EQ-0035,Electric Motor,Warehouse C,2023-09-14,TECH-001,"Excessive vibration on pump casing, amplitude 14.0 mm/s at 3000 RPM",vibration,Medium,151.0,1.2,1.6,Coupling insert,0.61,0.65,0.93,0.59,0.698
WO-00258,EQ-0017,Electric Motor,Plant A - Line 2,2022-04-12,TECH-004,"Unusual noise detected in bearing housing, suspected wear on inner race",bearing_wear,Medium,106.0,14.3,5.5,Bearing 6205-2RS,0.44,0.85,0.79,0.7,0.702
WO-00259,EQ-0049,Cooling Tower,Utilities Block,2022-09-10,TECH-019,"Excessive vibration on pump casing, amplitude 9.4 mm/s at 750 RPM",vibration,Medium,,10.6,2.0,None - monitoring,0.61,0.91,0.75,0.87,0.787
WO-00260,EQ-0010,Hydraulic Press,Plant A - Line 1,2022-10-07,TECH-007,"Cooling fan obstructed by debris, motor surface temperature 115°C",overheating,High,175.0,6.4,3.4,Capacitor 40µF,0.5,0.5,0.77,0.44,0.556
WO-00261,EQ-0006,Gearbox,Warehouse C,2023-04-09,TECH-015,"Motor winding temperature reached 118°C, thermal protection triggered",overheating,High,170.0,15.7,8.0,Coupling insert,0.31,0.82,0.82,0.4,0.608
WO-00262,EQ-0031,Heat Exchanger,Warehouse C,2023-04-01,TECH-020,"Unusual noise detected in bearing housing, suspected wear on inner race",bearing_wear,Medium,,6.0,7.3,Coupling insert,0.57,0.9,0.91,0.99,0.838
WO-00263,EQ-0008,Heat Exchanger,Plant A - Line 2,2022-02-07,TECH-013,"Cooling fan obstructed by debris, motor surface temperature 93°C",overheating,High,156.0,3.7,1.1,Mechanical seal kit,0.91,0.74,0.75,0.73,0.783
WO-00264,EQ-0043,Air Compressor,Plant A - Line 1,2023-12-11,TECH-015,"Earth leakage current 75.0mA detected, isolation check required",electrical_fault,High,,10.0,10.2,Bearing 6205-2RS,0.96,0.78,0.97,0.43,0.802
WO-00265,EQ-0021,Gearbox,Plant B - Line 3,2022-12-09,TECH-008,"Overheating on drive-end bearing, infrared scan shows hot spot at 82°C",overheating,High,147.0,13.0,19.3,None - monitoring,0.97,0.95,0.6,0.6,0.798
WO-00266,EQ-0005,Electric Motor,Utilities Block,2022-03-16,TECH-015,"Excessive vibration on pump casing, amplitude 14.9 mm/s at 1450 RPM",vibration,Medium,,10.1,11.6,Mechanical seal kit,0.36,0.44,0.52,0.59,0.47
WO-00267,EQ-0045,Heat Exchanger,Utilities Block,2022-08-27,TECH-015,"Bearing temperature elevated to 68°C during operation, vibration increasing",bearing_wear,Medium,,12.7,11.9,None - monitoring,0.62,0.66,0.81,0.46,0.648
WO-00268,EQ-0042,Electric Motor,Plant A - Line 1,2023-03-08,TECH-002,"Automatic lubrication system failed, manual greasing required",lubrication,Low,159.0,7.4,2.7,Bearing 6205-2RS,0.39,0.75,0.76,0.79,0.67
WO-00269,EQ-0023,Cooling Tower,Warehouse C,2022-02-25,TECH-007,"Lip seal deteriorated, grease escaping from gearbox output shaft",seal_leak,Medium,51.0,15.6,15.0,Mechanical seal kit,0.54,0.8,0.85,0.99,0.786
WO-00270,EQ-0039,Hydraulic Press,Plant B - Line 3,2023-12-11,TECH-011,"Capacitor bank showing reduced capacitance, power factor 0.8 below target",electrical_fault,High,160.0,3.8,2.7,None - monitoring,0.44,0.51,0.99,0.62,0.634
WO-00271,EQ-0005,Electric Motor,Utilities Block,2022-07-02,TECH-001,"Compressor discharge temperature 72°C, intercooler bypass suspected",overheating,High,46.0,13.6,18.6,O-ring set,0.57,0.87,0.56,0.96,0.736
WO-00272,EQ-0020,Electric Motor,Warehouse C,2023-09-06,TECH-020,"Heat exchanger fouling reducing efficiency, outlet temp 116°C above setpoint",overheating,High,163.0,4.3,0.3,Contactor 3RT2,0.9,0.58,0.57,0.55,0.652
WO-00273,EQ-0041,Conveyor Belt,Plant A - Line 1,2023-06-16,TECH-016,"Coating failure on tank exterior, rust streaks visible below insulation",corrosion,Low,83.0,11.5,9.1,Impeller,0.63,0.75,0.82,0.87,0.762
WO-00274,EQ-0042,Electric Motor,Plant A - Line 1,2022-07-03,TECH-003,"Bearing temperature elevated to 77°C during operation, vibration increasing. Additionally, cavitation noise and vibration in pump, inlet pressure below npsh",bearing_wear,Medium,68.0,10.5,5.7,Oil filter + 5L oil,0.89,0.71,0.82,0.87,0.814
WO-00275,EQ-0015,Conveyor Belt,Plant B - Line 1,2023-07-11,TECH-012,"Unusual noise detected in bearing housing, suspected wear on inner race",bearing_wear,Medium,,0.6,0.3,None - monitoring,0.96,0.89,0.88,0.41,0.809
WO-00276,EQ-0042,Electric Motor,Plant A - Line 1,2022-07-12,TECH-018,"Impeller damage suspected, broadband vibration increase 5.6 mm/s",vibration,Medium,179.0,7.0,4.6,Bearing 6205-2RS,0.56,0.75,0.56,0.97,0.699
WO-00277,EQ-0001,Air Compressor,Plant A - Line 1,2023-08-05,TECH-013,Belt tension incorrect causing vibration and premature wear,vibration,Medium,,9.8,8.9,None - monitoring,0.44,0.63,0.77,0.51,0.594
WO-00278,EQ-0007,Heat Exchanger,Utilities Block,2022-10-18,TECH-002,"Seal face wear visible during inspection, scoring on stationary ring",seal_leak,Medium,75.0,10.7,1.1,Coupling insert,0.66,0.5,0.93,0.65,0.678
WO-00279,EQ-0011,Cooling Tower,Plant A - Line 1,2022-07-27,TECH-005,"Lubricant contamination detected, water content 13% above limit",lubrication,Low,176.0,7.6,2.3,Impeller,0.34,0.64,0.9,0.72,0.646
WO-00280,EQ-0037,Gearbox,Warehouse C,2023-11-14,TECH-007,"Grease nipple blocked, bearing running dry for estimated 21 days. Additionally, earth leakage current 75.9ma detected, isolation check required",lubrication,Low,,11.3,12.2,Impeller,0.59,0.86,0.56,0.62,0.67
WO-00281,EQ-0049,Cooling Tower,Utilities Block,2022-07-19,TECH-005,Grease discolouration and hardening noted around bearing cap,bearing_wear,Medium,3.0,4.4,4.7,Coupling insert,0.77,0.68,0.73,0.45,0.669
WO-00282,EQ-0043,Air Compressor,Plant A - Line 1,2023-11-25,TECH-002,"Seal face wear visible during inspection, scoring on stationary ring",seal_leak,Medium,113.0,6.1,2.0,Capacitor 40µF,0.45,0.82,0.92,0.89,0.767
WO-00283,EQ-0042,Electric Motor,Plant A - Line 1,2022-07-14,TECH-014,"Earth leakage current 33.3mA detected, isolation check required. Additionally, unusual noise detected in bearing housing, suspected wear on inner race",electrical_fault,High,,15.0,8.9,Mechanical seal kit,0.46,0.46,0.66,0.41,0.5
WO-00284,EQ-0042,Electric Motor,Plant A - Line 1,2023-12-06,TECH-020,"Seal face wear visible during inspection, scoring on stationary ring. Additionally, capacitor bank showing reduced capacitance, power factor 0.79 below target",seal_leak,Medium,171.0,8.0,4.0,Impeller,0.57,0.78,0.62,0.75,0.682
WO-00285,EQ-0001,Air Compressor,Plant A - Line 1,2022-09-01,TECH-011,"Lip seal deteriorated, grease escaping from gearbox output shaft",seal_leak,Medium,,9.8,13.9,O-ring set,0.49,0.79,0.88,0.71,0.722
WO-00286,EQ-0027,Gearbox,Warehouse C,2022-11-26,TECH-003,"Misalignment between motor and gearbox shaft, 15.6 mm/s 2X vibration",vibration,Medium,162.0,0.6,0.8,Contactor 3RT2,0.34,1.0,0.97,0.48,0.723
WO-00287,EQ-0012,Conveyor Belt,Warehouse C,2023-10-13,TECH-013,"Impeller damage suspected, broadband vibration increase 5.8 mm/s",vibration,Medium,124.0,1.7,2.5,None - monitoring,0.42,0.66,0.75,0.84,0.658
WO-00288,EQ-0049,Cooling Tower,Utilities Block,2023-07-30,TECH-016,Grease discolouration and hardening noted around bearing cap,bearing_wear,Medium,,1.6,0.3,Contactor 3RT2,0.41,0.51,0.51,0.7,0.523
WO-00289,EQ-0047,Air Compressor,Utilities Block,2022-02-05,TECH-001,"Overheating on drive-end bearing, infrared scan shows hot spot at 91°C. Additionally, grease nipple blocked, bearing running dry for estimated 25 days",overheating,High,,6.1,6.5,O-ring set,0.48,0.67,0.84,0.55,0.641
WO-00290,EQ-0039,Hydraulic Press,Plant B - Line 3,2023-12-10,TECH-010,Belt tension incorrect causing vibration and premature wear,vibration,Medium,137.0,10.7,6.1,None - monitoring,0.83,0.95,0.93,0.47,0.819
WO-00291,EQ-0037,Gearbox,Warehouse C,2023-03-18,TECH-016,"Rust deposits blocking strainer, pressure differential 29 PSI across filter",corrosion,Low,96.0,3.4,0.7,O-ring set,0.65,0.47,0.78,0.53,0.604
WO-00292,EQ-0013,Electric Motor,Plant B - Line 1,2023-05-12,TECH-001,"Bearing temperature elevated to 116°C during operation, vibration increasing",bearing_wear,Medium,,2.1,0.2,Bearing 6205-2RS,0.37,0.71,0.5,0.76,0.582
WO-00293,EQ-0049,Cooling Tower,Utilities Block,2022-04-13,TECH-005,"Seal face wear visible during inspection, scoring on stationary ring",seal_leak,Medium,179.0,6.7,8.4,Bearing 6205-2RS,0.72,0.92,0.64,0.82,0.78
WO-00294,EQ-0016,Air Compressor,Warehouse C,2022-11-30,TECH-020,"Compressor discharge temperature 108°C, intercooler bypass suspected",overheating,High,,4.1,3.0,Mechanical seal kit,0.54,0.96,0.97,0.69,0.804
WO-00295,EQ-0043,Air Compressor,Plant A - Line 1,2022-04-29,TECH-003,"Oil level low in gearbox sight glass, top-up of 1.3L required",lubrication,Low,139.0,4.2,1.3,Mechanical seal kit,0.6,0.83,0.58,0.96,0.736
WO-00296,EQ-0025,Centrifugal Pump,Plant A - Line 1,2023-09-08,TECH-013,Internal corrosion found on heat exchanger tubes during inspection,corrosion,Low,88.0,6.3,6.8,Capacitor 40µF,0.98,0.66,0.62,0.56,0.71
WO-00297,EQ-0019,Centrifugal Pump,Plant B - Line 1,2023-05-27,TECH-002,"Unusual noise detected in bearing housing, suspected wear on inner race. Additionally, structural resonance observed at 750 rpm, bolts found loose on baseplate",bearing_wear,Medium,,2.8,1.2,Coupling insert,0.52,0.99,0.56,1.0,0.767
WO-00298,EQ-0046,Electric Motor,Plant B - Line 3,2023-05-15,TECH-006,Belt tension incorrect causing vibration and premature wear,vibration,Medium,,5.1,6.2,Bearing 6205-2RS,0.68,0.6,0.84,0.99,0.758
WO-00299,EQ-0049,Cooling Tower,Utilities Block,2023-04-14,TECH-016,"Motor winding temperature reached 98°C, thermal protection triggered",overheating,High,,9.4,6.2,Oil filter + 5L oil,0.93,0.53,0.9,0.52,0.72
WO-00300,EQ-0042,Electric Motor,Plant A - Line 1,2023-08-31,TECH-002,"Bearing vibration amplitude 12.9 mm/s RMS, trending upward over last 12 days",bearing_wear,Medium,39.0,10.2,6.2,Mechanical seal kit,0.47,0.69,0.84,0.97,0.728
WO-00301,EQ-0042,Electric Motor,Plant A - Line 1,2023-06-06,TECH-009,"Capacitor bank showing reduced capacitance, power factor 0.69 below target",electrical_fault,High,151.0,9.4,8.1,Mechanical seal kit,0.86,0.51,0.74,0.79,0.711
WO-00302,EQ-0028,Air Compressor,Utilities Block,2024-01-01,TECH-007,"Oil seepage observed around pump casing seal, minor pooling on floor",seal_leak,Medium,,10.6,12.0,Mechanical seal kit,0.43,0.76,0.59,0.73,0.629
WO-00303,EQ-0021,Gearbox,Plant B - Line 3,2022-09-12,TECH-018,"Bearing temperature elevated to 101°C during operation, vibration increasing",bearing_wear,Medium,133.0,14.5,6.4,Impeller,0.4,0.69,0.66,0.95,0.662
WO-00304,EQ-0023,Cooling Tower,Warehouse C,2022-05-12,TECH-009,"Cavitation noise and vibration in pump, inlet pressure below NPSH",vibration,Medium,,7.0,5.8,None - monitoring,0.75,0.5,0.73,0.97,0.714
WO-00305,EQ-0044,Electric Motor,Plant B - Line 1,2023-03-21,TECH-018,Electrical cabinet temperature 74°C due to failed ventilation fan,overheating,High,155.0,4.3,1.7,Mechanical seal kit,0.78,0.64,0.66,0.45,0.642
WO-00306,EQ-0022,Heat Exchanger,Plant A - Line 2,2022-04-08,TECH-009,Internal corrosion found on heat exchanger tubes during inspection,corrosion,Low,180.0,9.4,4.0,Mechanical seal kit,0.93,0.5,0.97,0.63,0.751
WO-00307,EQ-0023,Cooling Tower,Warehouse C,2022-02-24,TECH-008,Corrosion under insulation (CUI) suspected on horizontal pipe section,corrosion,Low,,10.4,5.8,None - monitoring,0.79,0.51,0.99,0.88,0.774
WO-00308,EQ-0033,Centrifugal Pump,Warehouse C,2022-06-19,TECH-016,"Seal face wear visible during inspection, scoring on stationary ring",seal_leak,Medium,22.0,12.0,10.0,Bearing 6205-2RS,0.97,0.65,0.75,0.84,0.793
WO-00309,EQ-0031,Heat Exchanger,Warehouse C,2023-06-25,TECH-006,Belt tension incorrect causing vibration and premature wear,vibration,Medium,,1.2,0.8,Capacitor 40µF,0.93,0.5,0.68,0.48,0.648
WO-00310,EQ-0023,Cooling Tower,Warehouse C,2023-08-06,TECH-017,"Grease nipple blocked, bearing running dry for estimated 10 days",lubrication,Low,79.0,14.9,21.4,Bearing 6205-2RS,0.95,0.94,0.92,0.43,0.835
WO-00311,EQ-0001,Air Compressor,Plant A - Line 1,2022-01-08,TECH-012,"Misalignment between motor and gearbox shaft, 2.1 mm/s 2X vibration",vibration,Medium,169.0,4.4,3.1,Oil filter + 5L oil,0.56,0.94,0.77,0.56,0.726
WO-00312,EQ-0029,Conveyor Belt,Plant A - Line 1,2022-04-21,TECH-001,"Motor winding resistance out of tolerance, possible turn-to-turn short. Additionally, seal face wear visible during inspection, scoring on stationary ring",electrical_fault,High,,2.5,1.3,Contactor 3RT2,0.34,0.9,0.71,0.76,0.684
WO-00313,EQ-0001,Air Compressor,Plant A - Line 1,2023-05-01,TECH-017,"Heat exchanger fouling reducing efficiency, outlet temp 83°C above setpoint",overheating,High,,13.1,13.8,O-ring set,0.43,0.91,0.81,0.49,0.681
WO-00314,EQ-0008,Heat Exchanger,Plant A - Line 2,2022-03-04,TECH-012,"Unusual noise detected in bearing housing, suspected wear on inner race",bearing_wear,Medium,165.0,1.3,0.2,Oil filter + 5L oil,0.96,0.83,0.62,0.94,0.832
WO-00315,EQ-0012,Conveyor Belt,Warehouse C,2022-05-14,TECH-007,"Unusual noise detected in bearing housing, suspected wear on inner race. Additionally, capacitor bank showing reduced capacitance, power factor 0.67 below target",bearing_wear,Medium,,9.8,0.6,Contactor 3RT2,0.79,0.96,0.54,0.73,0.767
WO-00316,EQ-0022,Heat Exchanger,Plant A - Line 2,2022-05-01,TECH-017,"Seal face wear visible during inspection, scoring on stationary ring",seal_leak,Medium,,1.5,0.9,Bearing 6205-2RS,0.42,0.56,0.98,0.57,0.632
WO-00317,EQ-0037,Gearbox,Warehouse C,2022-08-18,TECH-009,"Bearing vibration amplitude 8.4 mm/s RMS, trending upward over last 37 days. Additionally, lip seal deteriorated, grease escaping from gearbox output shaft",bearing_wear,Medium,61.0,5.0,4.8,O-ring set,0.49,0.87,0.82,0.55,0.698
WO-00318,EQ-0014,Cooling Tower,Plant B - Line 1,2022-01-11,TECH-006,"Excessive vibration on pump casing, amplitude 11.7 mm/s at 3000 RPM",vibration,Medium,,3.9,5.6,Oil filter + 5L oil,0.98,0.72,0.99,0.87,0.882
WO-00319,EQ-0050,Electric Motor,Plant A - Line 2,2023-03-21,TECH-006,Belt tension incorrect causing vibration and premature wear,vibration,Medium,123.0,2.0,0.5,O-ring set,0.43,0.69,0.86,0.79,0.688
WO-00320,EQ-0002,Heat Exchanger,Utilities Block,2022-01-13,TECH-001,"Oil seepage observed around pump casing seal, minor pooling on floor",seal_leak,Medium,,6.4,0.2,Bearing 6205-2RS,0.39,0.86,0.63,0.96,0.705
WO-00321,EQ-0039,Hydraulic Press,Plant B - Line 3,2022-01-25,TECH-008,"Unusual noise detected in bearing housing, suspected wear on inner race. Additionally, metal particles found in oil sample, bearing degradation confirmed",bearing_wear,Medium,99.0,2.8,2.8,None - monitoring,0.78,0.83,0.95,0.7,0.822
WO-00322,EQ-0008,Heat Exchanger,Plant A - Line 2,2023-12-05,TECH-016,"Dynamic seal failure suspected, pressure drop of 7% noted in system",seal_leak,Medium,74.0,5.9,0.9,Coupling insert,0.95,0.89,0.86,0.45,0.809
WO-00323,EQ-0001,Air Compressor,Plant A - Line 1,2023-06-30,TECH-014,"Lubricant contamination detected, water content 35% above limit. Additionally, grease nipple blocked, bearing running dry for estimated 29 days",lubrication,Low,59.0,6.5,5.7,Capacitor 40µF,0.7,0.82,0.87,0.82,0.802
WO-00324,EQ-0016,Air Compressor,Warehouse C,2023-03-08,TECH-005,"Cooling fan obstructed by debris, motor surface temperature 119°C",overheating,High,58.0,1.4,0.3,None - monitoring,0.81,0.82,0.71,0.43,0.712
WO-00325,EQ-0007,Heat Exchanger,Utilities Block,2022-01-12,TECH-018,"Insulation resistance measured at 6 MΩ, below 100 MΩ minimum. Additionally, earth leakage current 16.7ma detected, isolation check required",electrical_fault,High,109.0,11.0,14.5,Oil filter + 5L oil,0.94,0.7,0.85,0.65,0.788
WO-00326,EQ-0011,Cooling Tower,Plant A - Line 1,2022-11-17,TECH-002,"Mechanical seal leaking at shaft interface, fluid loss approx 107 ml/hr",seal_leak,Medium,,6.8,3.9,Coupling insert,0.75,0.52,0.55,0.45,0.571
WO-00327,EQ-0039,Hydraulic Press,Plant B - Line 3,2022-03-29,TECH-016,"Rust deposits blocking strainer, pressure differential 11 PSI across filter",corrosion,Low,,9.3,7.9,Bearing 6205-2RS,0.33,0.46,0.65,0.99,0.581
WO-00328,EQ-0049,Cooling Tower,Utilities Block,2023-05-04,TECH-015,"Seal face wear visible during inspection, scoring on stationary ring",seal_leak,Medium,10.0,5.0,1.1,Mechanical seal kit,0.92,0.46,0.86,0.93,0.769
WO-00329,EQ-0044,Electric Motor,Plant B - Line 1,2023-12-01,TECH-005,"Capacitor bank showing reduced capacitance, power factor 0.68 below target",electrical_fault,High,54.0,16.0,14.6,Impeller,0.37,0.41,0.88,0.59,0.554
WO-00330,EQ-0006,Gearbox,Warehouse C,2023-03-29,TECH-019,"Structural resonance observed at 1450 RPM, bolts found loose on baseplate",vibration,Medium,,2.7,0.5,Impeller,0.33,0.92,0.7,0.91,0.716
WO-00331,EQ-0044,Electric Motor,Plant B - Line 1,2023-04-23,TECH-003,"High-pitched squealing noise from bearing assembly, lubrication appears insufficient. Additionally, lubricant contamination detected, water content 29% above limit",bearing_wear,Medium,137.0,14.5,10.1,O-ring set,0.81,0.95,0.96,0.86,0.9
WO-00332,EQ-0013,Electric Motor,Plant B - Line 1,2023-09-08,TECH-014,"Motor winding temperature reached 85°C, thermal protection triggered",overheating,High,,1.5,1.8,Impeller,0.45,0.53,0.51,0.86,0.571
WO-00333,EQ-0028,Air Compressor,Utilities Block,2022-12-17,TECH-014,"Hydraulic fluid leak at cylinder rod seal, 25 ml/hr estimated loss",seal_leak,Medium,,5.1,1.5,Impeller,0.63,0.81,0.58,0.82,0.71
WO-00334,EQ-0023,Cooling Tower,Warehouse C,2022-06-01,TECH-014,"Wrong lubricant grade used during last service, compatibility issue",lubrication,Low,82.0,2.3,3.3,Oil filter + 5L oil,0.66,0.4,0.73,0.9,0.648
WO-00335,EQ-0009,Cooling Tower,Plant A - Line 1,2023-01-08,TECH-016,Belt tension incorrect causing vibration and premature wear,vibration,Medium,79.0,8.3,10.8,Impeller,0.59,0.61,0.91,0.66,0.69
WO-00336,EQ-0049,Cooling Tower,Utilities Block,2022-04-12,TECH-001,"Oil seepage observed around pump casing seal, minor pooling on floor",seal_leak,Medium,,13.0,2.0,None - monitoring,0.37,0.85,0.81,0.73,0.696
WO-00337,EQ-0041,Conveyor Belt,Plant A - Line 1,2023-02-27,TECH-013,"Compressor discharge temperature 116°C, intercooler bypass suspected",overheating,High,,10.5,12.4,Bearing 6205-2RS,0.96,0.87,0.75,0.56,0.8
WO-00338,EQ-0043,Air Compressor,Plant A - Line 1,2022-11-22,TECH-005,"O-ring compression set failure, intermittent leak under high pressure. Additionally, motor winding resistance out of tolerance, possible turn-to-turn short",seal_leak,Medium,112.0,4.1,4.4,Capacitor 40µF,0.38,0.75,0.7,0.86,0.667
WO-00339,EQ-0017,Electric Motor,Plant A - Line 2,2023-04-10,TECH-008,Internal corrosion found on heat exchanger tubes during inspection,corrosion,Low,,12.6,3.5,Oil filter + 5L oil,0.44,0.9,0.86,0.88,0.771
WO-00340,EQ-0025,Centrifugal Pump,Plant A - Line 1,2022-11-18,TECH-010,"Corrosion under insulation (CUI) suspected on horizontal pipe section. Additionally, impeller damage suspected, broadband vibration increase 5.3 mm/s",corrosion,Low,,7.5,1.8,Bearing 6205-2RS,0.93,0.8,0.82,0.91,0.86
WO-00341,EQ-0008,Heat Exchanger,Plant A - Line 2,2023-01-09,TECH-003,"Oil analysis shows high iron content 312 ppm, internal wear indicated",lubrication,Low,56.0,1.0,0.2,O-ring set,0.49,0.69,0.98,0.61,0.696
WO-00342,EQ-0036,Gearbox,Plant A - Line 1,2022-11-16,TECH-015,"Motor winding resistance out of tolerance, possible turn-to-turn short",electrical_fault,High,53.0,15.3,11.2,None - monitoring,0.72,0.56,0.66,0.46,0.605
WO-00343,EQ-0025,Centrifugal Pump,Plant A - Line 1,2022-08-07,TECH-013,"Compressor discharge temperature 87°C, intercooler bypass suspected. Additionally, o-ring compression set failure, intermittent leak under high pressure",overheating,High,83.0,14.4,12.1,Oil filter + 5L oil,0.72,0.72,0.55,0.57,0.648
WO-00344,EQ-0039,Hydraulic Press,Plant B - Line 3,2022-05-08,TECH-019,"Automatic lubrication system failed, manual greasing required",lubrication,Low,154.0,5.6,3.2,Bearing 6205-2RS,0.5,0.79,0.93,0.99,0.792
WO-00345,EQ-0030,Gearbox,Plant A - Line 1,2023-02-14,TECH-010,"O-ring compression set failure, intermittent leak under high pressure",seal_leak,Medium,81.0,8.2,0.6,Impeller,0.65,0.78,0.96,0.91,0.818
WO-00346,EQ-0040,Gearbox,Plant A - Line 1,2022-09-23,TECH-010,"Bearing temperature elevated to 68°C during operation, vibration increasing",bearing_wear,Medium,,1.2,0.1,Mechanical seal kit,0.48,0.81,0.9,0.63,0.714
WO-00347,EQ-0045,Heat Exchanger,Utilities Block,2023-05-10,TECH-012,"Bearing temperature elevated to 102°C during operation, vibration increasing",bearing_wear,Medium,68.0,12.4,13.2,Capacitor 40µF,0.88,0.55,0.82,0.91,0.772
WO-00348,EQ-0045,Heat Exchanger,Utilities Block,2022-11-16,TECH-004,"Bearing play exceeding tolerance, axial movement of 0.61mm observed",bearing_wear,Medium,,10.7,13.6,O-ring set,0.45,0.62,0.99,0.92,0.73
WO-00349,EQ-0033,Centrifugal Pump,Warehouse C,2023-01-14,TECH-007,"Seal face wear visible during inspection, scoring on stationary ring. Additionally, chemical attack on pump impeller, material loss estimated 27%",seal_leak,Medium,167.0,6.4,8.9,Oil filter + 5L oil,0.43,0.51,0.64,0.76,0.572
WO-00350,EQ-0034,Air Compressor,Plant B - Line 1,2023-02-19,TECH-009,Electrical cabinet temperature 68°C due to failed ventilation fan,overheating,High,26.0,3.9,4.8,Impeller,0.44,0.87,0.67,0.57,0.652
WO-00351,EQ-0039,Hydraulic Press,Plant B - Line 3,2022-01-18,TECH-006,"Mechanical seal leaking at shaft interface, fluid loss approx 127 ml/hr. Additionally, structural resonance observed at 3000 rpm, bolts found loose on baseplate",seal_leak,Medium,75.0,13.4,10.6,O-ring set,0.84,0.46,0.9,0.6,0.693
WO-00352,EQ-0032,Electric Motor,Plant A - Line 2,2023-10-18,TECH-005,"VFD fault code F85 logged, overcurrent on deceleration",electrical_fault,High,106.0,13.8,13.6,Coupling insert,0.65,0.55,0.87,0.98,0.741
WO-00353,EQ-0024,Heat Exchanger,Warehouse C,2022-10-10,TECH-020,"Mechanical seal leaking at shaft interface, fluid loss approx 75 ml/hr",seal_leak,Medium,11.0,9.5,10.0,Mechanical seal kit,0.6,0.67,0.98,0.88,0.772
WO-00354,EQ-0019,Centrifugal Pump,Plant B - Line 1,2023-07-29,TECH-007,"Unusual noise detected in bearing housing, suspected wear on inner race. Additionally, gearbox oil temperature 102°c, possible cooler blockage",bearing_wear,Medium,23.0,11.6,2.5,None - monitoring,0.71,0.45,0.61,0.68,0.601
WO-00355,EQ-0023,Cooling Tower,Warehouse C,2022-09-14,TECH-010,"Hydraulic fluid leak at cylinder rod seal, 71 ml/hr estimated loss",seal_leak,Medium,142.0,3.6,1.6,Impeller,0.68,0.63,0.94,0.66,0.726
WO-00356,EQ-0009,Cooling Tower,Plant A - Line 1,2022-05-24,TECH-017,Belt tension incorrect causing vibration and premature wear,vibration,Medium,,5.2,1.9,Coupling insert,0.39,0.73,0.78,0.58,0.628
WO-00357,EQ-0049,Cooling Tower,Utilities Block,2023-05-09,TECH-019,Internal corrosion found on heat exchanger tubes during inspection,corrosion,Low,,13.9,2.5,Capacitor 40µF,0.82,0.43,0.6,0.49,0.582
WO-00358,EQ-0048,Cooling Tower,Plant B - Line 3,2023-09-20,TECH-014,"Lubricant contamination detected, water content 24% above limit. Additionally, bearing temperature elevated to 78°c during operation, vibration increasing",lubrication,Low,,13.8,12.8,O-ring set,0.75,0.51,0.91,0.79,0.726
WO-00359,EQ-0011,Cooling Tower,Plant A - Line 1,2022-06-01,TECH-019,Belt tension incorrect causing vibration and premature wear,vibration,Medium,118.0,2.4,1.4,Oil filter + 5L oil,0.32,0.79,0.83,0.67,0.658
WO-00360,EQ-0023,Cooling Tower,Warehouse C,2023-08-13,TECH-009,"Grease nipple blocked, bearing running dry for estimated 13 days. Additionally, corrosion under insulation (cui) suspected on horizontal pipe section",lubrication,Low,,8.4,8.3,O-ring set,0.79,0.75,0.79,0.75,0.77
WO-00361,EQ-0026,Cooling Tower,Warehouse C,2023-01-29,TECH-020,"Unusual noise detected in bearing housing, suspected wear on inner race",bearing_wear,Medium,,7.0,0.7,Oil filter + 5L oil,0.38,0.91,0.54,0.86,0.675
WO-00362,EQ-0039,Hydraulic Press,Plant B - Line 3,2023-06-26,TECH-004,"Excessive vibration on pump casing, amplitude 13.2 mm/s at 1000 RPM",vibration,Medium,,3.5,3.1,Contactor 3RT2,0.32,0.48,0.5,0.86,0.521
WO-00363,EQ-0037,Gearbox,Warehouse C,2022-03-10,TECH-003,"Excessive vibration on pump casing, amplitude 13.7 mm/s at 1000 RPM",vibration,Medium,161.0,6.3,0.7,O-ring set,0.85,0.58,0.56,0.54,0.634
WO-00364,EQ-0039,Hydraulic Press,Plant B - Line 3,2023-02-13,TECH-019,"Excessive vibration on pump casing, amplitude 6.6 mm/s at 750 RPM",vibration,Medium,,9.0,12.0,Impeller,0.96,0.99,0.83,0.42,0.828
WO-00365,EQ-0027,Gearbox,Warehouse C,2023-05-05,TECH-007,"Dynamic seal failure suspected, pressure drop of 8% noted in system. Additionally, cavitation noise and vibration in pump, inlet pressure below npsh",seal_leak,Medium,59.0,0.8,0.1,Capacitor 40µF,0.73,0.63,0.84,0.41,0.664
WO-00366,EQ-0031,Heat Exchanger,Warehouse C,2022-09-01,TECH-018,Grease discolouration and hardening noted around bearing cap,bearing_wear,Medium,151.0,0.7,0.4,Bearing 6205-2RS,0.99,0.41,0.86,0.89,0.764
WO-00367,EQ-0005,Electric Motor,Utilities Block,2022-07-30,TECH-015,"Bearing play exceeding tolerance, axial movement of 0.78mm observed",bearing_wear,Medium,92.0,14.4,18.5,Oil filter + 5L oil,0.96,0.87,0.65,0.79,0.822
WO-00368,EQ-0034,Air Compressor,Plant B - Line 1,2023-01-17,TECH-008,"Oil analysis shows high iron content 206 ppm, internal wear indicated",lubrication,Low,,12.7,0.7,Impeller,0.75,0.67,0.56,0.7,0.668
WO-00369,EQ-0003,Cooling Tower,Plant A - Line 1,2023-06-30,TECH-001,"Lip seal deteriorated, grease escaping from gearbox output shaft",seal_leak,Medium,79.0,1.0,1.1,Coupling insert,0.95,0.94,0.91,0.75,0.897
WO-00370,EQ-0049,Cooling Tower,Utilities Block,2023-06-16,TECH-008,"Bearing vibration amplitude 15.9 mm/s RMS, trending upward over last 6 days",bearing_wear,Medium,98.0,7.7,11.5,O-ring set,0.94,0.57,0.84,0.56,0.728
WO-00371,EQ-0016,Air Compressor,Warehouse C,2022-07-03,TECH-012,"Rust deposits blocking strainer, pressure differential 14 PSI across filter",corrosion,Low,5.0,7.3,5.1,Impeller,0.75,0.73,0.7,0.75,0.731
WO-00372,EQ-0006,Gearbox,Warehouse C,2022-12-28,TECH-003,"Lip seal deteriorated, grease escaping from gearbox output shaft. Additionally, bearing temperature elevated to 108°c during operation, vibration increasing",seal_leak,Medium,12.0,9.8,5.1,Capacitor 40µF,0.61,0.71,0.62,0.6,0.64
WO-00373,EQ-0024,Heat Exchanger,Warehouse C,2023-09-29,TECH-019,Corrosion under insulation (CUI) suspected on horizontal pipe section,corrosion,Low,95.0,1.2,1.7,Bearing 6205-2RS,0.37,0.53,0.66,0.83,0.582
WO-00374,EQ-0048,Cooling Tower,Plant B - Line 3,2023-07-16,TECH-017,"Cavitation noise and vibration in pump, inlet pressure below NPSH",vibration,Medium,,8.9,1.6,Bearing 6205-2RS,0.72,0.8,0.76,0.59,0.728
WO-00375,EQ-0013,Electric Motor,Plant B - Line 1,2023-06-02,TECH-015,"Rust deposits blocking strainer, pressure differential 28 PSI across filter",corrosion,Low,93.0,10.6,9.6,None - monitoring,0.46,0.9,0.99,0.96,0.824
WO-00376,EQ-0016,Air Compressor,Warehouse C,2022-07-04,TECH-009,"Galvanic corrosion at dissimilar metal joint, wall thickness reduced",corrosion,Low,,0.7,0.1,Capacitor 40µF,0.8,0.68,0.55,0.92,0.726
WO-00377,EQ-0028,Air Compressor,Utilities Block,2023-08-29,TECH-003,"Bearing temperature elevated to 69°C during operation, vibration increasing",bearing_wear,Medium,,2.2,2.4,Coupling insert,0.96,0.95,0.82,0.84,0.898
WO-00378,EQ-0028,Air Compressor,Utilities Block,2022-11-23,TECH-007,"Seal face wear visible during inspection, scoring on stationary ring. Additionally, chemical attack on pump impeller, material loss estimated 26%",seal_leak,Medium,,15.3,1.0,None - monitoring,0.66,0.75,0.81,0.46,0.684
WO-00379,EQ-0019,Centrifugal Pump,Plant B - Line 1,2022-06-22,TECH-007,"High-pitched squealing noise from bearing assembly, lubrication appears insufficient",bearing_wear,Medium,11.0,15.4,12.5,Bearing 6205-2RS,0.64,0.89,0.68,0.57,0.711
WO-00380,EQ-0037,Gearbox,Warehouse C,2022-03-22,TECH-006,"Overheating on drive-end bearing, infrared scan shows hot spot at 98°C",overheating,High,,3.9,0.4,Capacitor 40µF,0.53,0.67,0.87,0.8,0.711
WO-00381,EQ-0005,Electric Motor,Utilities Block,2022-08-14,TECH-006,"Contactor pitting observed, intermittent contact causing voltage dips",electrical_fault,High,,4.6,1.0,Impeller,0.5,0.52,0.94,0.97,0.71
WO-00382,EQ-0047,Air Compressor,Utilities Block,2023-11-04,TECH-010,"Insulation resistance measured at 27 MΩ, below 100 MΩ minimum",electrical_fault,High,,14.1,17.8,Impeller,0.64,0.78,0.8,0.73,0.74
WO-00383,EQ-0019,Centrifugal Pump,Plant B - Line 1,2023-05-11,TECH-008,"Unusual noise detected in bearing housing, suspected wear on inner race",bearing_wear,Medium,,13.9,12.5,Bearing 6205-2RS,0.5,0.7,0.94,0.87,0.744
WO-00384,EQ-0004,Electric Motor,Warehouse C,2023-08-10,TECH-004,"Misalignment between motor and gearbox shaft, 8.6 mm/s 2X vibration",vibration,Medium,,8.8,10.3,Coupling insert,0.39,0.72,0.98,0.41,0.64
WO-00385,EQ-0025,Centrifugal Pump,Plant A - Line 1,2022-06-15,TECH-008,"Bearing vibration amplitude 14.3 mm/s RMS, trending upward over last 38 days",bearing_wear,Medium,,5.6,1.8,Bearing 6205-2RS,0.33,0.41,0.97,0.46,0.54
WO-00386,EQ-0026,Cooling Tower,Warehouse C,2022-10-04,TECH-014,"Surface corrosion on pipe flanges, pitting depth approx 0.78mm",corrosion,Low,,1.7,1.3,Bearing 6205-2RS,0.31,0.9,0.8,0.49,0.646
WO-00387,EQ-0048,Cooling Tower,Plant B - Line 3,2022-04-06,TECH-018,"Structural resonance observed at 750 RPM, bolts found loose on baseplate",vibration,Medium,105.0,9.2,6.7,Capacitor 40µF,0.47,0.41,0.75,0.64,0.556
WO-00388,EQ-0024,Heat Exchanger,Warehouse C,2022-04-08,TECH-008,Corrosion under insulation (CUI) suspected on horizontal pipe section,corrosion,Low,54.0,13.9,10.2,Mechanical seal kit,0.4,0.77,0.74,0.83,0.682
WO-00389,EQ-0037,Gearbox,Warehouse C,2023-07-13,TECH-016,"Surface corrosion on pipe flanges, pitting depth approx 1.28mm",corrosion,Low,167.0,4.2,2.9,Capacitor 40µF,0.69,0.84,0.87,0.95,0.832
WO-00390,EQ-0028,Air Compressor,Utilities Block,2023-07-15,TECH-010,"Motor winding resistance out of tolerance, possible turn-to-turn short",electrical_fault,High,3.0,5.1,3.3,Oil filter + 5L oil,0.67,0.77,0.69,0.79,0.729
WO-00391,EQ-0010,Hydraulic Press,Plant A - Line 1,2023-05-01,TECH-001,"Hydraulic fluid leak at cylinder rod seal, 137 ml/hr estimated loss",seal_leak,Medium,107.0,3.3,2.3,Oil filter + 5L oil,0.79,0.52,0.55,0.68,0.627
WO-00392,EQ-0007,Heat Exchanger,Utilities Block,2022-09-18,TECH-005,"Bearing play exceeding tolerance, axial movement of 0.48mm observed",bearing_wear,Medium,165.0,10.7,1.2,Mechanical seal kit,0.81,0.57,0.63,0.46,0.623
WO-00393,EQ-0034,Air Compressor,Plant B - Line 1,2022-05-01,TECH-016,"Impeller damage suspected, broadband vibration increase 14.4 mm/s. Additionally, wrong lubricant grade used during last service, compatibility issue",vibration,Medium,101.0,6.3,3.6,Coupling insert,0.52,0.71,0.77,0.93,0.722
WO-00394,EQ-0014,Cooling Tower,Plant B - Line 1,2022-07-19,TECH-009,"Oil viscosity out of specification, degraded due to thermal cycling. Additionally, gearbox oil temperature 94°c, possible cooler blockage",lubrication,Low,80.0,5.6,7.7,Capacitor 40µF,0.95,0.76,0.52,0.56,0.707
WO-00395,EQ-0031,Heat Exchanger,Warehouse C,2022-07-18,TECH-011,"Electrical cabinet temperature 110°C due to failed ventilation fan. Additionally, metal particles found in oil sample, bearing degradation confirmed",overheating,High,,11.9,5.9,O-ring set,0.93,0.75,0.97,0.71,0.842
WO-00396,EQ-0043,Air Compressor,Plant A - Line 1,2022-01-04,TECH-019,"Gearbox oil temperature 107°C, possible cooler blockage",overheating,High,144.0,5.9,3.0,Mechanical seal kit,0.7,0.68,0.56,0.45,0.609
WO-00397,EQ-0047,Air Compressor,Utilities Block,2022-07-15,TECH-013,"High-pitched squealing noise from bearing assembly, lubrication appears insufficient",bearing_wear,Medium,,11.9,5.5,Oil filter + 5L oil,0.42,0.48,0.66,0.54,0.522
WO-00398,EQ-0013,Electric Motor,Plant B - Line 1,2022-06-24,TECH-007,"Oil seepage observed around pump casing seal, minor pooling on floor",seal_leak,Medium,150.0,6.5,5.2,None - monitoring,0.54,0.89,0.9,0.52,0.731
WO-00399,EQ-0045,Heat Exchanger,Utilities Block,2023-01-02,TECH-015,"Wrong lubricant grade used during last service, compatibility issue. Additionally, contactor pitting observed, intermittent contact causing voltage dips",lubrication,Low,120.0,9.0,10.2,Impeller,0.72,0.82,0.87,0.68,0.78
WO-00400,EQ-0016,Air Compressor,Warehouse C,2022-11-04,TECH-007,"Dynamic seal failure suspected, pressure drop of 19% noted in system",seal_leak,Medium,,15.5,21.9,O-ring set,0.39,0.6,0.98,0.98,0.718
WO-00401,EQ-0020,Electric Motor,Warehouse C,2023-12-03,TECH-004,Internal corrosion found on heat exchanger tubes during inspection,corrosion,Low,96.0,0.6,0.1,Impeller,0.68,0.64,0.61,0.68,0.65
WO-00402,EQ-0025,Centrifugal Pump,Plant A - Line 1,2022-12-22,TECH-006,Corrosion under insulation (CUI) suspected on horizontal pipe section,corrosion,Low,151.0,0.9,1.2,Contactor 3RT2,0.56,0.6,0.91,0.77,0.702
WO-00403,EQ-0049,Cooling Tower,Utilities Block,2023-05-08,TECH-017,"Motor winding temperature reached 106°C, thermal protection triggered",overheating,High,108.0,3.3,2.0,Mechanical seal kit,0.63,0.45,0.84,0.46,0.594
WO-00404,EQ-0026,Cooling Tower,Warehouse C,2023-10-12,TECH-011,"Surface corrosion on pipe flanges, pitting depth approx 0.87mm",corrosion,Low,116.0,8.3,9.7,Capacitor 40µF,0.98,0.47,0.59,0.65,0.664
WO-00405,EQ-0049,Cooling Tower,Utilities Block,2023-04-17,TECH-011,Electrical cabinet temperature 70°C due to failed ventilation fan,overheating,High,154.0,11.1,4.2,Oil filter + 5L oil,0.84,0.41,0.63,0.58,0.606
WO-00406,EQ-0027,Gearbox,Warehouse C,2023-03-18,TECH-020,"High-pitched squealing noise from bearing assembly, lubrication appears insufficient",bearing_wear,Medium,,5.9,4.1,Contactor 3RT2,0.94,0.94,0.97,0.89,0.937
WO-00407,EQ-0037,Gearbox,Warehouse C,2022-02-20,TECH-009,"Motor winding temperature reached 85°C, thermal protection triggered. Additionally, rust deposits blocking strainer, pressure differential 30 psi across filter",overheating,High,122.0,3.8,5.3,O-ring set,0.49,0.8,0.8,0.95,0.752
WO-00408,EQ-0044,Electric Motor,Plant B - Line 1,2022-08-15,TECH-015,"Mechanical seal leaking at shaft interface, fluid loss approx 38 ml/hr",seal_leak,Medium,74.0,11.8,10.8,None - monitoring,0.74,0.6,0.69,0.96,0.73
WO-00409,EQ-0001,Air Compressor,Plant A - Line 1,2022-12-20,TECH-011,"Dynamic seal failure suspected, pressure drop of 39% noted in system",seal_leak,Medium,136.0,6.2,2.7,Impeller,0.77,0.42,0.81,0.5,0.621
WO-00410,EQ-0023,Cooling Tower,Warehouse C,2022-04-24,TECH-013,"Structural resonance observed at 1000 RPM, bolts found loose on baseplate",vibration,Medium,46.0,13.9,16.0,Capacitor 40µF,0.59,0.85,0.71,0.76,0.732
WO-00411,EQ-0021,Gearbox,Plant B - Line 3,2022-06-10,TECH-018,Corrosion under insulation (CUI) suspected on horizontal pipe section,corrosion,Low,,3.3,1.4,Coupling insert,0.83,0.79,0.84,0.46,0.746
WO-00412,EQ-0038,Cooling Tower,Plant A - Line 2,2023-04-29,TECH-020,"Motor winding resistance out of tolerance, possible turn-to-turn short",electrical_fault,High,,15.3,0.5,None - monitoring,0.69,0.92,0.93,0.5,0.781
WO-00413,EQ-0024,Heat Exchanger,Warehouse C,2022-09-05,TECH-004,"Phase imbalance detected, current draw 13% higher on L2",electrical_fault,High,,15.6,11.7,Coupling insert,0.91,0.95,0.62,0.83,0.834
WO-00414,EQ-0005,Electric Motor,Utilities Block,2022-01-25,TECH-002,"Unusual noise detected in bearing housing, suspected wear on inner race",bearing_wear,Medium,16.0,5.0,3.0,Coupling insert,0.58,0.96,0.81,0.66,0.768
WO-00415,EQ-0008,Heat Exchanger,Plant A - Line 2,2023-09-01,TECH-008,"Grease discolouration and hardening noted around bearing cap. Additionally, corrosion under insulation (cui) suspected on horizontal pipe section",bearing_wear,Medium,36.0,2.8,1.2,Coupling insert,0.69,0.83,0.65,0.83,0.75
WO-00416,EQ-0037,Gearbox,Warehouse C,2023-05-12,TECH-016,"Structural resonance observed at 1500 RPM, bolts found loose on baseplate. Additionally, electrical cabinet temperature 97°c due to failed ventilation fan",vibration,Medium,,14.0,10.1,None - monitoring,0.31,0.97,0.67,0.59,0.654
WO-00417,EQ-0015,Conveyor Belt,Plant B - Line 1,2023-01-08,TECH-011,"Metal particles found in oil sample, bearing degradation confirmed",bearing_wear,Medium,,6.7,1.0,Capacitor 40µF,0.35,0.73,0.77,0.84,0.667
WO-00418,EQ-0006,Gearbox,Warehouse C,2022-02-22,TECH-015,"Oil level low in gearbox sight glass, top-up of 3.0L required. Additionally, hydraulic fluid leak at cylinder rod seal, 138 ml/hr estimated loss",lubrication,Low,163.0,1.6,1.1,Mechanical seal kit,0.63,0.46,0.79,0.76,0.645
WO-00419,EQ-0020,Electric Motor,Warehouse C,2022-06-30,TECH-010,"Cavitation noise and vibration in pump, inlet pressure below NPSH",vibration,Medium,124.0,8.5,12.1,Oil filter + 5L oil,0.91,0.55,0.64,0.74,0.7
WO-00420,EQ-0020,Electric Motor,Warehouse C,2023-10-16,TECH-004,"Excessive vibration on pump casing, amplitude 9.8 mm/s at 1500 RPM",vibration,Medium,,13.2,3.8,Contactor 3RT2,0.45,0.7,0.66,0.72,0.632
WO-00421,EQ-0007,Heat Exchanger,Utilities Block,2022-10-03,TECH-010,"VFD fault code F67 logged, overcurrent on deceleration",electrical_fault,High,68.0,7.8,10.0,Coupling insert,0.4,0.6,0.68,0.85,0.62
WO-00422,EQ-0029,Conveyor Belt,Plant A - Line 1,2023-11-09,TECH-011,"Lip seal deteriorated, grease escaping from gearbox output shaft",seal_leak,Medium,,5.1,2.9,None - monitoring,0.85,0.6,0.78,0.52,0.691
WO-00423,EQ-0014,Cooling Tower,Plant B - Line 1,2023-08-24,TECH-018,"Structural resonance observed at 3000 RPM, bolts found loose on baseplate",vibration,Medium,26.0,1.4,0.7,Coupling insert,0.61,0.57,0.74,0.93,0.694
WO-00424,EQ-0005,Electric Motor,Utilities Block,2023-06-28,TECH-003,"O-ring compression set failure, intermittent leak under high pressure",seal_leak,Medium,,11.2,2.4,Coupling insert,0.97,0.62,0.89,0.85,0.821
WO-00425,EQ-0014,Cooling Tower,Plant B - Line 1,2023-07-26,TECH-003,"Bearing play exceeding tolerance, axial movement of 1.21mm observed. Additionally, contactor pitting observed, intermittent contact causing voltage dips",bearing_wear,Medium,,8.7,10.4,Impeller,0.73,1.0,0.88,0.86,0.874
WO-00426,EQ-0028,Air Compressor,Utilities Block,2022-10-28,TECH-014,"Galvanic corrosion at dissimilar metal joint, wall thickness reduced",corrosion,Low,100.0,0.8,0.3,O-ring set,0.48,0.53,0.84,0.6,0.609
WO-00427,EQ-0030,Gearbox,Plant A - Line 1,2022-03-12,TECH-007,"Phase imbalance detected, current draw 17% higher on L2",electrical_fault,High,81.0,14.9,14.7,Oil filter + 5L oil,0.41,0.99,0.62,0.95,0.744
WO-00428,EQ-0050,Electric Motor,Plant A - Line 2,2023-01-04,TECH-001,"Cooling fan obstructed by debris, motor surface temperature 93°C. Additionally, lip seal deteriorated, grease escaping from gearbox output shaft",overheating,High,131.0,2.2,1.5,None - monitoring,0.86,0.64,0.93,0.61,0.762
WO-00429,EQ-0020,Electric Motor,Warehouse C,2023-08-02,TECH-002,"Galvanic corrosion at dissimilar metal joint, wall thickness reduced",corrosion,Low,133.0,2.9,3.0,Bearing 6205-2RS,0.72,0.53,0.87,0.58,0.672
WO-00430,EQ-0040,Gearbox,Plant A - Line 1,2022-09-29,TECH-001,"Cooling fan obstructed by debris, motor surface temperature 91°C",overheating,High,,0.9,0.0,Impeller,0.32,0.92,0.96,0.43,0.682
WO-00431,EQ-0025,Centrifugal Pump,Plant A - Line 1,2023-10-15,TECH-005,Corrosion under insulation (CUI) suspected on horizontal pipe section,corrosion,Low,122.0,7.8,10.6,Coupling insert,0.76,0.62,0.81,0.83,0.744
WO-00432,EQ-0031,Heat Exchanger,Warehouse C,2022-07-09,TECH-015,"Impeller damage suspected, broadband vibration increase 4.0 mm/s",vibration,Medium,,5.2,5.5,Capacitor 40µF,0.66,0.99,0.63,0.94,0.807
WO-00433,EQ-0021,Gearbox,Plant B - Line 3,2023-08-09,TECH-019,Electrical cabinet temperature 74°C due to failed ventilation fan,overheating,High,89.0,3.4,4.4,None - monitoring,0.62,0.53,0.81,0.73,0.662
WO-00434,EQ-0008,Heat Exchanger,Plant A - Line 2,2023-03-13,TECH-008,"Earth leakage current 46.2mA detected, isolation check required",electrical_fault,High,,15.5,2.9,Impeller,0.88,0.47,0.86,0.48,0.672
WO-00435,EQ-0023,Cooling Tower,Warehouse C,2023-07-31,TECH-012,"Seal face wear visible during inspection, scoring on stationary ring",seal_leak,Medium,,8.6,10.3,Capacitor 40µF,0.46,0.97,0.77,0.62,0.722
WO-00436,EQ-0007,Heat Exchanger,Utilities Block,2023-05-03,TECH-003,"Earth leakage current 8.7mA detected, isolation check required",electrical_fault,High,35.0,11.7,5.3,Oil filter + 5L oil,0.8,0.8,0.6,0.84,0.758
WO-00437,EQ-0039,Hydraulic Press,Plant B - Line 3,2022-10-10,TECH-005,"Oil level low in gearbox sight glass, top-up of 0.8L required",lubrication,Low,103.0,2.4,2.7,Contactor 3RT2,0.61,0.8,0.88,0.41,0.694
WO-00438,EQ-0008,Heat Exchanger,Plant A - Line 2,2022-02-11,TECH-019,"Cavitation noise and vibration in pump, inlet pressure below NPSH",vibration,Medium,66.0,2.2,1.5,O-ring set,0.91,0.81,0.9,0.86,0.868
WO-00439,EQ-0015,Conveyor Belt,Plant B - Line 1,2022-12-03,TECH-004,"Excessive vibration on pump casing, amplitude 11.6 mm/s at 1500 RPM",vibration,Medium,65.0,15.7,2.0,Impeller,0.47,0.7,0.8,0.8,0.688
WO-00440,EQ-0007,Heat Exchanger,Utilities Block,2022-09-02,TECH-013,"Automatic lubrication system failed, manual greasing required",lubrication,Low,173.0,11.5,10.4,Bearing 6205-2RS,0.54,0.87,0.93,0.74,0.777
WO-00441,EQ-0034,Air Compressor,Plant B - Line 1,2023-04-13,TECH-012,"Bearing play exceeding tolerance, axial movement of 2.03mm observed",bearing_wear,Medium,,4.4,5.4,Coupling insert,0.98,0.55,0.72,0.43,0.676
WO-00442,EQ-0030,Gearbox,Plant A - Line 1,2022-08-22,TECH-013,"Earth leakage current 31.1mA detected, isolation check required",electrical_fault,High,79.0,2.1,2.3,Coupling insert,0.74,0.78,0.88,0.52,0.743
WO-00443,EQ-0046,Electric Motor,Plant B - Line 3,2023-07-06,TECH-003,"Misalignment between motor and gearbox shaft, 7.8 mm/s 2X vibration",vibration,Medium,159.0,11.3,3.4,None - monitoring,0.9,0.49,0.67,0.61,0.662
WO-00444,EQ-0009,Cooling Tower,Plant A - Line 1,2023-07-19,TECH-017,"Oil level low in gearbox sight glass, top-up of 5.0L required. Additionally, o-ring compression set failure, intermittent leak under high pressure",lubrication,Low,,3.5,1.0,None - monitoring,0.74,0.93,0.99,0.85,0.882
WO-00445,EQ-0046,Electric Motor,Plant B - Line 3,2022-04-09,TECH-016,"Rust deposits blocking strainer, pressure differential 27 PSI across filter",corrosion,Low,,12.7,9.7,Capacitor 40µF,0.52,0.88,0.8,0.83,0.76
WO-00446,EQ-0046,Electric Motor,Plant B - Line 3,2022-12-22,TECH-009,"VFD fault code F22 logged, overcurrent on deceleration",electrical_fault,High,38.0,1.5,0.8,Oil filter + 5L oil,0.96,0.84,0.86,0.69,0.845
WO-00447,EQ-0046,Electric Motor,Plant B - Line 3,2022-01-07,TECH-019,Internal corrosion found on heat exchanger tubes during inspection,corrosion,Low,,1.3,1.5,Mechanical seal kit,0.84,0.44,0.53,0.65,0.604
WO-00448,EQ-0011,Cooling Tower,Plant A - Line 1,2023-12-15,TECH-006,"Phase imbalance detected, current draw 36% higher on L2",electrical_fault,High,88.0,3.3,1.5,None - monitoring,0.92,0.7,0.59,0.64,0.716
WO-00449,EQ-0015,Conveyor Belt,Plant B - Line 1,2023-06-26,TECH-019,Electrical cabinet temperature 105°C due to failed ventilation fan,overheating,High,84.0,6.5,0.3,Coupling insert,0.9,0.97,0.59,0.77,0.818
WO-00450,EQ-0012,Conveyor Belt,Warehouse C,2023-09-20,TECH-018,"Misalignment between motor and gearbox shaft, 16.6 mm/s 2X vibration. Additionally, capacitor bank showing reduced capacitance, power factor 0.83 below target",vibration,Medium,,15.0,20.9,None - monitoring,0.85,0.97,0.83,0.44,0.799
WO-00451,EQ-0016,Air Compressor,Warehouse C,2023-06-24,TECH-018,"Cooling fan obstructed by debris, motor surface temperature 117°C",overheating,High,180.0,8.7,5.1,Contactor 3RT2,0.5,0.48,0.88,0.58,0.605
WO-00452,EQ-0041,Conveyor Belt,Plant A - Line 1,2022-02-12,TECH-019,"Overheating on drive-end bearing, infrared scan shows hot spot at 89°C",overheating,High,23.0,5.3,4.7,Capacitor 40µF,0.42,0.59,0.52,0.42,0.496
WO-00453,EQ-0020,Electric Motor,Warehouse C,2022-12-05,TECH-012,"Heat exchanger fouling reducing efficiency, outlet temp 99°C above setpoint. Additionally, hydraulic fluid leak at cylinder rod seal, 151 ml/hr estimated loss",overheating,High,,15.8,19.6,None - monitoring,0.33,0.49,0.62,0.8,0.544
WO-00454,EQ-0028,Air Compressor,Utilities Block,2023-09-07,TECH-015,"Earth leakage current 5.8mA detected, isolation check required",electrical_fault,High,178.0,6.6,6.9,O-ring set,0.76,0.53,0.82,0.47,0.648
WO-00455,EQ-0032,Electric Motor,Plant A - Line 2,2022-03-30,TECH-002,"Metal particles found in oil sample, bearing degradation confirmed",bearing_wear,Medium,128.0,3.6,2.8,Impeller,0.64,0.47,0.52,0.63,0.557
WO-00456,EQ-0006,Gearbox,Warehouse C,2022-02-14,TECH-006,"Coating failure on tank exterior, rust streaks visible below insulation",corrosion,Low,40.0,5.8,8.3,Coupling insert,0.62,0.94,0.53,0.63,0.695
WO-00457,EQ-0019,Centrifugal Pump,Plant B - Line 1,2022-03-01,TECH-008,"Unbalance detected on rotating assembly, vibration 7.4 mm/s 1X component. Additionally, surface corrosion on pipe flanges, pitting depth approx 1.34mm",vibration,Medium,,12.4,2.2,Bearing 6205-2RS,0.69,0.44,0.82,0.95,0.7
WO-00458,EQ-0037,Gearbox,Warehouse C,2022-08-18,TECH-013,"Misalignment between motor and gearbox shaft, 9.2 mm/s 2X vibration",vibration,Medium,164.0,11.8,17.0,Oil filter + 5L oil,0.92,0.62,0.51,0.88,0.72
WO-00459,EQ-0010,Hydraulic Press,Plant A - Line 1,2022-12-12,TECH-008,"Bearing play exceeding tolerance, axial movement of 2.21mm observed",bearing_wear,Medium,103.0,2.6,2.1,Contactor 3RT2,0.8,0.74,0.97,0.84,0.833
WO-00460,EQ-0040,Gearbox,Plant A - Line 1,2023-10-01,TECH-006,"Overheating on drive-end bearing, infrared scan shows hot spot at 100°C",overheating,High,52.0,3.9,3.2,None - monitoring,0.96,0.66,0.97,0.41,0.762
WO-00461,EQ-0014,Cooling Tower,Plant B - Line 1,2023-09-18,TECH-002,Electrical cabinet temperature 76°C due to failed ventilation fan,overheating,High,,10.0,11.0,Mechanical seal kit,0.85,0.45,0.5,0.92,0.657
WO-00462,EQ-0004,Electric Motor,Warehouse C,2022-04-14,TECH-006,"Mechanical seal leaking at shaft interface, fluid loss approx 59 ml/hr",seal_leak,Medium,,3.0,4.0,None - monitoring,0.38,0.95,0.7,0.74,0.703
WO-00463,EQ-0041,Conveyor Belt,Plant A - Line 1,2023-08-24,TECH-019,"Heat exchanger fouling reducing efficiency, outlet temp 109°C above setpoint",overheating,High,,13.2,18.4,O-ring set,0.61,0.41,0.75,0.8,0.623
WO-00464,EQ-0023,Cooling Tower,Warehouse C,2022-03-27,TECH-014,"Oil level low in gearbox sight glass, top-up of 1.9L required",lubrication,Low,127.0,0.7,0.9,O-ring set,0.56,0.55,0.76,0.99,0.693
WO-00465,EQ-0002,Heat Exchanger,Utilities Block,2022-05-14,TECH-019,"Unbalance detected on rotating assembly, vibration 13.2 mm/s 1X component",vibration,Medium,,14.9,0.2,Bearing 6205-2RS,0.51,0.52,0.74,0.63,0.594
WO-00466,EQ-0045,Heat Exchanger,Utilities Block,2023-11-19,TECH-004,"Earth leakage current 58.9mA detected, isolation check required",electrical_fault,High,171.0,14.7,19.0,Bearing 6205-2RS,0.87,0.88,0.55,0.44,0.707
WO-00467,EQ-0024,Heat Exchanger,Warehouse C,2023-10-03,TECH-016,"Metal particles found in oil sample, bearing degradation confirmed. Additionally, unusual noise detected in bearing housing, suspected wear on inner race",bearing_wear,Medium,122.0,13.2,14.0,O-ring set,0.63,0.84,0.8,0.92,0.794
WO-00468,EQ-0029,Conveyor Belt,Plant A - Line 1,2023-08-30,TECH-014,"Unusual noise detected in bearing housing, suspected wear on inner race",bearing_wear,Medium,106.0,8.4,3.6,Oil filter + 5L oil,0.88,0.84,0.77,0.79,0.822
WO-00469,EQ-0044,Electric Motor,Plant B - Line 1,2022-04-01,TECH-003,"O-ring compression set failure, intermittent leak under high pressure",seal_leak,Medium,93.0,11.3,10.3,Oil filter + 5L oil,0.81,0.59,0.68,0.89,0.728
WO-00470,EQ-0024,Heat Exchanger,Warehouse C,2023-04-09,TECH-005,"Impeller damage suspected, broadband vibration increase 18.0 mm/s",vibration,Medium,99.0,7.0,0.3,Coupling insert,0.57,0.92,0.57,0.62,0.685
WO-00471,EQ-0028,Air Compressor,Utilities Block,2023-07-17,TECH-014,Corrosion under insulation (CUI) suspected on horizontal pipe section,corrosion,Low,49.0,8.0,8.7,None - monitoring,0.96,0.5,0.98,0.44,0.723
WO-00472,EQ-0007,Heat Exchanger,Utilities Block,2023-03-16,TECH-011,"High-pitched squealing noise from bearing assembly, lubrication appears insufficient",bearing_wear,Medium,,9.8,7.8,Coupling insert,0.86,0.92,0.68,0.98,0.857
WO-00473,EQ-0005,Electric Motor,Utilities Block,2023-08-10,TECH-008,"High-pitched squealing noise from bearing assembly, lubrication appears insufficient",bearing_wear,Medium,,4.0,3.6,Contactor 3RT2,0.64,0.68,0.51,0.71,0.634
WO-00474,EQ-0007,Heat Exchanger,Utilities Block,2023-05-01,TECH-020,"Cooling fan obstructed by debris, motor surface temperature 104°C",overheating,High,163.0,0.5,0.3,Impeller,0.69,0.87,0.98,0.69,0.816
WO-00475,EQ-0021,Gearbox,Plant B - Line 3,2023-03-10,TECH-007,"Cavitation noise and vibration in pump, inlet pressure below NPSH",vibration,Medium,,13.7,6.1,O-ring set,0.51,0.42,0.82,0.65,0.588
WO-00476,EQ-0024,Heat Exchanger,Warehouse C,2022-02-05,TECH-002,"Cooling fan obstructed by debris, motor surface temperature 93°C. Additionally, unusual noise detected in bearing housing, suspected wear on inner race",overheating,High,,5.5,6.2,Capacitor 40µF,0.34,0.83,0.57,0.44,0.564
WO-00477,EQ-0005,Electric Motor,Utilities Block,2023-10-20,TECH-003,"Unusual noise detected in bearing housing, suspected wear on inner race",bearing_wear,Medium,,11.3,9.3,Contactor 3RT2,0.61,0.47,0.96,0.56,0.646
WO-00478,EQ-0016,Air Compressor,Warehouse C,2023-11-18,TECH-014,"Bearing vibration amplitude 12.3 mm/s RMS, trending upward over last 17 days",bearing_wear,Medium,131.0,12.4,9.2,Capacitor 40µF,0.35,0.52,0.52,0.54,0.482
WO-00479,EQ-0032,Electric Motor,Plant A - Line 2,2022-06-13,TECH-007,"Bearing vibration amplitude 7.9 mm/s RMS, trending upward over last 13 days",bearing_wear,Medium,,12.2,4.7,Coupling insert,0.93,0.64,0.83,0.67,0.766
WO-00480,EQ-0029,Conveyor Belt,Plant A - Line 1,2023-12-08,TECH-012,Belt tension incorrect causing vibration and premature wear,vibration,Medium,,14.2,17.4,Impeller,0.34,0.78,0.78,0.93,0.7
WO-00481,EQ-0017,Electric Motor,Plant A - Line 2,2023-09-04,TECH-020,"Mechanical seal leaking at shaft interface, fluid loss approx 57 ml/hr",seal_leak,Medium,171.0,13.8,5.1,Mechanical seal kit,0.92,0.91,0.81,0.91,0.888
WO-00482,EQ-0018,Electric Motor,Utilities Block,2022-11-01,TECH-009,"Oil analysis shows high iron content 88 ppm, internal wear indicated",lubrication,Low,,14.4,6.5,Impeller,0.95,0.93,0.9,0.52,0.845
WO-00483,EQ-0041,Conveyor Belt,Plant A - Line 1,2022-02-15,TECH-010,"Earth leakage current 59.4mA detected, isolation check required. Additionally, motor winding resistance out of tolerance, possible turn-to-turn short",electrical_fault,High,,15.4,20.2,Impeller,0.44,0.56,0.84,0.98,0.684
WO-00484,EQ-0013,Electric Motor,Plant B - Line 1,2023-04-29,TECH-018,"Seal face wear visible during inspection, scoring on stationary ring",seal_leak,Medium,96.0,10.7,6.0,Capacitor 40µF,0.4,0.84,0.67,0.5,0.619
WO-00485,EQ-0026,Cooling Tower,Warehouse C,2023-04-07,TECH-002,"Heat exchanger fouling reducing efficiency, outlet temp 114°C above setpoint",overheating,High,,13.9,3.4,Coupling insert,0.65,0.92,0.81,0.76,0.793
WO-00486,EQ-0035,Electric Motor,Warehouse C,2022-08-13,TECH-008,"Belt tension incorrect causing vibration and premature wear. Additionally, earth leakage current 67.7ma detected, isolation check required",vibration,Medium,105.0,11.2,16.6,Impeller,0.41,0.82,0.88,0.83,0.734
WO-00487,EQ-0033,Centrifugal Pump,Warehouse C,2022-11-08,TECH-019,"Galvanic corrosion at dissimilar metal joint, wall thickness reduced. Additionally, o-ring compression set failure, intermittent leak under high pressure",corrosion,Low,151.0,14.8,14.1,Bearing 6205-2RS,0.78,0.99,0.75,0.61,0.802
WO-00488,EQ-0017,Electric Motor,Plant A - Line 2,2023-02-25,TECH-001,"Capacitor bank showing reduced capacitance, power factor 0.84 below target. Additionally, hydraulic fluid leak at cylinder rod seal, 102 ml/hr estimated loss",electrical_fault,High,176.0,2.5,3.2,Capacitor 40µF,0.61,0.7,0.73,0.82,0.709
WO-00489,EQ-0025,Centrifugal Pump,Plant A - Line 1,2023-12-05,TECH-001,"Chemical attack on pump impeller, material loss estimated 38%",corrosion,Low,20.0,3.6,2.6,None - monitoring,0.84,0.88,0.95,0.86,0.884
WO-00490,EQ-0003,Cooling Tower,Plant A - Line 1,2023-12-17,TECH-018,"Oil seepage observed around pump casing seal, minor pooling on floor",seal_leak,Medium,135.0,14.4,8.0,Mechanical seal kit,0.59,0.42,0.72,0.82,0.617
WO-00491,EQ-0005,Electric Motor,Utilities Block,2022-09-27,TECH-018,"High-pitched squealing noise from bearing assembly, lubrication appears insufficient",bearing_wear,Medium,169.0,3.4,2.1,Bearing 6205-2RS,0.46,0.49,0.57,0.82,0.568
WO-00492,EQ-0001,Air Compressor,Plant A - Line 1,2023-05-06,TECH-018,"Compressor discharge temperature 115°C, intercooler bypass suspected",overheating,High,45.0,6.5,6.2,Mechanical seal kit,0.4,0.48,0.75,0.92,0.616
WO-00493,EQ-0005,Electric Motor,Utilities Block,2023-01-18,TECH-005,"Excessive vibration on pump casing, amplitude 12.0 mm/s at 1000 RPM",vibration,Medium,156.0,13.5,4.6,Impeller,0.73,0.87,0.94,0.79,0.836
WO-00494,EQ-0049,Cooling Tower,Utilities Block,2022-10-15,TECH-011,"Unbalance detected on rotating assembly, vibration 10.0 mm/s 1X component",vibration,Medium,88.0,5.2,4.2,Oil filter + 5L oil,0.9,0.68,0.74,0.85,0.784
WO-00495,EQ-0045,Heat Exchanger,Utilities Block,2022-10-02,TECH-008,"Cavitation noise and vibration in pump, inlet pressure below NPSH",vibration,Medium,,14.1,12.6,Coupling insert,0.95,0.59,0.62,0.51,0.672
WO-00496,EQ-0020,Electric Motor,Warehouse C,2022-07-29,TECH-010,"High-pitched squealing noise from bearing assembly, lubrication appears insufficient",bearing_wear,Medium,,9.5,2.5,Contactor 3RT2,0.44,0.87,0.92,0.51,0.703
WO-00497,EQ-0042,Electric Motor,Plant A - Line 1,2023-05-03,TECH-012,"Rust deposits blocking strainer, pressure differential 17 PSI across filter. Additionally, o-ring compression set failure, intermittent leak under high pressure",corrosion,Low,81.0,2.4,0.7,Bearing 6205-2RS,0.33,0.44,0.55,0.72,0.496
WO-00498,EQ-0009,Cooling Tower,Plant A - Line 1,2023-09-11,TECH-008,Corrosion under insulation (CUI) suspected on horizontal pipe section,corrosion,Low,69.0,14.9,7.9,O-ring set,0.32,0.75,0.88,0.5,0.625
WO-00499,EQ-0025,Centrifugal Pump,Plant A - Line 1,2023-01-29,TECH-009,"Lip seal deteriorated, grease escaping from gearbox output shaft. Additionally, dynamic seal failure suspected, pressure drop of 29% noted in system",seal_leak,Medium,,12.1,0.4,Contactor 3RT2,0.92,0.69,0.89,0.71,0.802
WO-00500,EQ-0021,Gearbox,Plant B - Line 3,2023-02-19,TECH-016,"Metal particles found in oil sample, bearing degradation confirmed",bearing_wear,Medium,75.0,14.4,8.2,Bearing 6205-2RS,0.78,0.74,0.82,0.44,0.71
WO-00501,EQ-0046,Electric Motor,Plant B - Line 3,2022-02-21,TECH-010,"Galvanic corrosion at dissimilar metal joint, wall thickness reduced. Additionally, wrong lubricant grade used during last service, compatibility issue",corrosion,Low,135.0,14.9,10.1,O-ring set,0.9,0.57,0.96,0.54,0.744
WO-00502,EQ-0020,Electric Motor,Warehouse C,2022-01-09,TECH-001,"Unusual noise detected in bearing housing, suspected wear on inner race. Additionally, surface corrosion on pipe flanges, pitting depth approx 1.95mm",bearing_wear,Medium,44.0,12.4,9.5,Capacitor 40µF,0.65,0.43,0.57,0.43,0.52
WO-00503,EQ-0010,Hydraulic Press,Plant A - Line 1,2023-09-13,TECH-014,"Internal corrosion found on heat exchanger tubes during inspection. Additionally, unbalance detected on rotating assembly, vibration 10.5 mm/s 1x component",corrosion,Low,104.0,12.2,9.6,O-ring set,0.65,0.7,0.9,0.52,0.702
WO-00504,EQ-0039,Hydraulic Press,Plant B - Line 3,2023-04-06,TECH-010,"Automatic lubrication system failed, manual greasing required",lubrication,Low,,12.8,14.4,None - monitoring,0.47,0.41,0.61,0.66,0.525
WO-00505,EQ-0032,Electric Motor,Plant A - Line 2,2023-11-01,TECH-017,Electrical cabinet temperature 94°C due to failed ventilation fan,overheating,High,,1.7,0.7,Capacitor 40µF,0.63,0.96,0.93,0.69,0.816
WO-00506,EQ-0023,Cooling Tower,Warehouse C,2023-09-20,TECH-017,"Dynamic seal failure suspected, pressure drop of 40% noted in system",seal_leak,Medium,160.0,5.6,3.1,Mechanical seal kit,0.92,0.86,0.72,0.71,0.81
WO-00507,EQ-0043,Air Compressor,Plant A - Line 1,2023-02-08,TECH-007,Corrosion under insulation (CUI) suspected on horizontal pipe section,corrosion,Low,12.0,5.2,7.4,None - monitoring,0.7,0.65,0.91,0.49,0.696
WO-00508,EQ-0036,Gearbox,Plant A - Line 1,2022-12-17,TECH-009,"Unbalance detected on rotating assembly, vibration 4.6 mm/s 1X component",vibration,Medium,,15.7,20.0,Capacitor 40µF,0.68,0.94,0.87,0.78,0.826
WO-00509,EQ-0021,Gearbox,Plant B - Line 3,2022-02-22,TECH-004,Belt tension incorrect causing vibration and premature wear,vibration,Medium,,5.2,6.7,O-ring set,0.69,0.91,0.61,0.97,0.792
WO-00510,EQ-0030,Gearbox,Plant A - Line 1,2023-03-17,TECH-006,"Oil level low in gearbox sight glass, top-up of 4.7L required. Additionally, impeller damage suspected, broadband vibration increase 9.6 mm/s",lubrication,Low,,4.9,4.5,Coupling insert,0.41,0.6,0.69,0.45,0.545
WO-00511,EQ-0006,Gearbox,Warehouse C,2023-01-01,TECH-010,"Bearing vibration amplitude 8.9 mm/s RMS, trending upward over last 8 days",bearing_wear,Medium,,1.9,0.5,Coupling insert,0.37,1.0,0.54,0.42,0.611
WO-00512,EQ-0001,Air Compressor,Plant A - Line 1,2022-09-24,TECH-008,Internal corrosion found on heat exchanger tubes during inspection,corrosion,Low,180.0,8.5,6.3,Oil filter + 5L oil,0.32,0.91,0.83,0.82,0.724
WO-00513,EQ-0029,Conveyor Belt,Plant A - Line 1,2023-11-19,TECH-016,"Compressor discharge temperature 84°C, intercooler bypass suspected. Additionally, bearing temperature elevated to 71°c during operation, vibration increasing",overheating,High,151.0,5.2,5.5,Bearing 6205-2RS,0.55,0.63,0.67,0.43,0.58
WO-00514,EQ-0017,Electric Motor,Plant A - Line 2,2022-01-10,TECH-012,"Gearbox oil temperature 96°C, possible cooler blockage. Additionally, automatic lubrication system failed, manual greasing required",overheating,High,,11.5,13.8,Coupling insert,0.3,0.69,0.91,0.7,0.65
WO-00515,EQ-0014,Cooling Tower,Plant B - Line 1,2023-07-15,TECH-014,"Bearing vibration amplitude 13.9 mm/s RMS, trending upward over last 20 days",bearing_wear,Medium,117.0,1.2,0.6,Mechanical seal kit,0.63,0.93,0.96,0.95,0.866
WO-00516,EQ-0039,Hydraulic Press,Plant B - Line 3,2023-04-06,TECH-009,"Misalignment between motor and gearbox shaft, 9.2 mm/s 2X vibration",vibration,Medium,1.0,7.2,10.4,Capacitor 40µF,0.87,0.73,0.71,0.7,0.754
WO-00517,EQ-0047,Air Compressor,Utilities Block,2022-09-21,TECH-004,"Corrosion under insulation (CUI) suspected on horizontal pipe section. Additionally, internal corrosion found on heat exchanger tubes during inspection",corrosion,Low,110.0,3.7,0.9,Oil filter + 5L oil,0.52,0.73,0.77,0.44,0.63
WO-00518,EQ-0010,Hydraulic Press,Plant A - Line 1,2022-10-12,TECH-006,"Automatic lubrication system failed, manual greasing required",lubrication,Low,,6.0,0.8,None - monitoring,0.86,0.73,0.63,0.41,0.674
WO-00519,EQ-0040,Gearbox,Plant A - Line 1,2023-03-19,TECH-006,"Coating failure on tank exterior, rust streaks visible below insulation",corrosion,Low,132.0,12.5,7.5,Contactor 3RT2,0.73,0.69,0.79,0.82,0.751
WO-00520,EQ-0048,Cooling Tower,Plant B - Line 3,2023-10-27,TECH-003,"Hydraulic fluid leak at cylinder rod seal, 87 ml/hr estimated loss",seal_leak,Medium,2.0,15.5,20.0,O-ring set,0.89,0.76,0.78,0.47,0.739
WO-00521,EQ-0009,Cooling Tower,Plant A - Line 1,2022-05-21,TECH-009,"Cavitation noise and vibration in pump, inlet pressure below NPSH",vibration,Medium,,13.1,19.6,Coupling insert,0.89,0.99,0.99,0.62,0.891
WO-00522,EQ-0032,Electric Motor,Plant A - Line 2,2022-11-22,TECH-003,"Dynamic seal failure suspected, pressure drop of 10% noted in system",seal_leak,Medium,,3.3,1.1,Contactor 3RT2,0.33,0.59,0.88,0.85,0.65
WO-00523,EQ-0006,Gearbox,Warehouse C,2022-05-21,TECH-002,"Chemical attack on pump impeller, material loss estimated 24%",corrosion,Low,151.0,0.6,0.8,Impeller,0.87,0.64,0.55,0.5,0.647
WO-00524,EQ-0036,Gearbox,Plant A - Line 1,2022-01-06,TECH-007,"Lubricant contamination detected, water content 11% above limit",lubrication,Low,,14.1,12.2,Impeller,0.68,0.44,0.61,0.8,0.614
WO-00525,EQ-0013,Electric Motor,Plant B - Line 1,2022-04-28,TECH-019,"Rust deposits blocking strainer, pressure differential 18 PSI across filter",corrosion,Low,49.0,12.1,12.5,O-ring set,0.87,0.75,0.98,0.55,0.798
WO-00526,EQ-0046,Electric Motor,Plant B - Line 3,2023-04-03,TECH-011,"Bearing temperature elevated to 112°C during operation, vibration increasing",bearing_wear,Medium,166.0,12.7,16.6,None - monitoring,0.57,0.71,0.64,0.8,0.676
WO-00527,EQ-0041,Conveyor Belt,Plant A - Line 1,2022-03-03,TECH-004,"Bearing play exceeding tolerance, axial movement of 0.55mm observed",bearing_wear,Medium,,8.6,2.6,Oil filter + 5L oil,0.4,0.57,0.71,0.41,0.53
WO-00528,EQ-0049,Cooling Tower,Utilities Block,2023-01-29,TECH-004,"Cavitation noise and vibration in pump, inlet pressure below NPSH",vibration,Medium,142.0,8.4,11.8,Oil filter + 5L oil,0.8,0.71,0.84,0.56,0.735
WO-00529,EQ-0043,Air Compressor,Plant A - Line 1,2022-07-07,TECH-001,"Misalignment between motor and gearbox shaft, 3.0 mm/s 2X vibration",vibration,Medium,,15.7,0.1,Coupling insert,0.84,0.86,0.71,0.6,0.766
WO-00530,EQ-0031,Heat Exchanger,Warehouse C,2023-10-02,TECH-012,"Unusual noise detected in bearing housing, suspected wear on inner race",bearing_wear,Medium,63.0,5.5,7.1,Impeller,0.83,0.72,0.75,0.66,0.743
WO-00531,EQ-0036,Gearbox,Plant A - Line 1,2023-09-19,TECH-008,"Unusual noise detected in bearing housing, suspected wear on inner race. Additionally, internal corrosion found on heat exchanger tubes during inspection",bearing_wear,Medium,65.0,12.8,10.3,Bearing 6205-2RS,0.63,0.57,0.58,0.85,0.644
WO-00532,EQ-0047,Air Compressor,Utilities Block,2023-04-09,TECH-019,Grease discolouration and hardening noted around bearing cap,bearing_wear,Medium,43.0,0.9,0.1,Bearing 6205-2RS,0.77,0.52,0.91,0.54,0.684
WO-00533,EQ-0003,Cooling Tower,Plant A - Line 1,2022-11-03,TECH-006,"Phase imbalance detected, current draw 33% higher on L2",electrical_fault,High,,7.2,7.4,Impeller,0.56,0.5,0.52,0.51,0.522
WO-00534,EQ-0027,Gearbox,Warehouse C,2022-12-04,TECH-018,Grease discolouration and hardening noted around bearing cap,bearing_wear,Medium,,2.9,4.3,Contactor 3RT2,0.97,0.65,0.81,0.88,0.816
WO-00535,EQ-0018,Electric Motor,Utilities Block,2022-08-26,TECH-020,"Lip seal deteriorated, grease escaping from gearbox output shaft. Additionally, bearing temperature elevated to 112°c during operation, vibration increasing",seal_leak,Medium,,4.2,0.3,Capacitor 40µF,0.92,0.54,0.78,0.6,0.707
WO-00536,EQ-0035,Electric Motor,Warehouse C,2023-03-09,TECH-011,"High-pitched squealing noise from bearing assembly, lubrication appears insufficient",bearing_wear,Medium,,9.0,10.0,Impeller,0.42,0.57,0.92,0.42,0.59
WO-00537,EQ-0049,Cooling Tower,Utilities Block,2023-03-26,TECH-020,"Unusual noise detected in bearing housing, suspected wear on inner race",bearing_wear,Medium,,8.9,5.0,Bearing 6205-2RS,0.8,0.99,0.66,0.8,0.822
WO-00538,EQ-0033,Centrifugal Pump,Warehouse C,2023-09-29,TECH-017,"Impeller damage suspected, broadband vibration increase 3.4 mm/s",vibration,Medium,,5.4,3.8,None - monitoring,0.63,0.43,0.52,0.8,0.576
WO-00539,EQ-0016,Air Compressor,Warehouse C,2023-01-14,TECH-019,Electrical cabinet temperature 86°C due to failed ventilation fan,overheating,High,,6.2,7.6,None - monitoring,0.81,0.73,0.52,0.68,0.688
WO-00540,EQ-0027,Gearbox,Warehouse C,2022-02-18,TECH-017,"Seal face wear visible during inspection, scoring on stationary ring",seal_leak,Medium,,13.9,5.3,Mechanical seal kit,0.92,0.95,0.87,0.56,0.844
WO-00541,EQ-0047,Air Compressor,Utilities Block,2023-06-26,TECH-003,"O-ring compression set failure, intermittent leak under high pressure. Additionally, bearing temperature elevated to 109°c during operation, vibration increasing",seal_leak,Medium,27.0,5.3,6.2,Impeller,0.91,0.89,0.65,0.99,0.855
WO-00542,EQ-0025,Centrifugal Pump,Plant A - Line 1,2022-01-24,TECH-009,Grease discolouration and hardening noted around bearing cap,bearing_wear,Medium,,7.8,3.6,Oil filter + 5L oil,0.66,0.98,0.77,0.95,0.841
WO-00543,EQ-0002,Heat Exchanger,Utilities Block,2022-10-24,TECH-008,Corrosion under insulation (CUI) suspected on horizontal pipe section,corrosion,Low,,1.4,1.8,Contactor 3RT2,0.94,0.53,0.88,0.61,0.736
WO-00544,EQ-0034,Air Compressor,Plant B - Line 1,2022-07-23,TECH-007,"Dynamic seal failure suspected, pressure drop of 10% noted in system",seal_leak,Medium,24.0,10.3,3.1,O-ring set,0.58,0.59,0.61,0.93,0.66
WO-00545,EQ-0003,Cooling Tower,Plant A - Line 1,2023-12-21,TECH-014,"Insulation resistance measured at 33 MΩ, below 100 MΩ minimum. Additionally, oil level low in gearbox sight glass, top-up of 2.6l required",electrical_fault,High,73.0,13.3,11.9,Bearing 6205-2RS,0.92,0.81,0.7,0.77,0.802
WO-00546,EQ-0023,Cooling Tower,Warehouse C,2023-02-22,TECH-017,"Unusual noise detected in bearing housing, suspected wear on inner race",bearing_wear,Medium,41.0,15.1,13.7,O-ring set,0.35,0.67,0.67,0.65,0.586
WO-00547,EQ-0006,Gearbox,Warehouse C,2023-03-15,TECH-005,"Mechanical seal leaking at shaft interface, fluid loss approx 138 ml/hr",seal_leak,Medium,12.0,8.5,1.2,None - monitoring,0.85,0.41,0.52,0.52,0.57
WO-00548,EQ-0004,Electric Motor,Warehouse C,2022-09-18,TECH-017,"Unbalance detected on rotating assembly, vibration 16.2 mm/s 1X component",vibration,Medium,,6.0,7.4,Capacitor 40µF,0.43,0.74,0.74,0.91,0.696
WO-00549,EQ-0028,Air Compressor,Utilities Block,2023-11-15,TECH-014,Corrosion under insulation (CUI) suspected on horizontal pipe section,corrosion,Low,,11.9,9.4,Bearing 6205-2RS,0.45,0.79,0.81,0.47,0.646
WO-00550,EQ-0007,Heat Exchanger,Utilities Block,2023-04-09,TECH-020,"Motor winding resistance out of tolerance, possible turn-to-turn short",electrical_fault,High,,9.5,2.4,None - monitoring,0.84,0.74,0.69,0.87,0.779
WO-00551,EQ-0019,Centrifugal Pump,Plant B - Line 1,2022-04-16,TECH-007,Corrosion under insulation (CUI) suspected on horizontal pipe section,corrosion,Low,129.0,14.3,12.2,O-ring set,0.92,0.47,0.92,0.88,0.777
WO-00552,EQ-0015,Conveyor Belt,Plant B - Line 1,2022-02-01,TECH-018,"Oil seepage observed around pump casing seal, minor pooling on floor",seal_leak,Medium,,3.2,1.0,Contactor 3RT2,0.66,0.53,0.84,0.76,0.686
WO-00553,EQ-0024,Heat Exchanger,Warehouse C,2023-07-17,TECH-012,"VFD fault code F19 logged, overcurrent on deceleration",electrical_fault,High,,12.7,7.7,Capacitor 40µF,0.77,0.66,0.63,0.87,0.722
WO-00554,EQ-0025,Centrifugal Pump,Plant A - Line 1,2022-12-11,TECH-007,"Misalignment between motor and gearbox shaft, 16.8 mm/s 2X vibration",vibration,Medium,,12.1,4.6,Oil filter + 5L oil,0.58,0.49,0.79,0.86,0.662
WO-00555,EQ-0033,Centrifugal Pump,Warehouse C,2022-10-28,TECH-002,"Mechanical seal leaking at shaft interface, fluid loss approx 197 ml/hr. Additionally, automatic lubrication system failed, manual greasing required",seal_leak,Medium,,1.6,1.8,Impeller,0.59,0.51,0.81,0.52,0.607
WO-00556,EQ-0038,Cooling Tower,Plant A - Line 2,2023-04-05,TECH-014,"Oil viscosity out of specification, degraded due to thermal cycling",lubrication,Low,,11.8,13.5,O-ring set,0.72,0.61,0.78,0.46,0.65
WO-00557,EQ-0032,Electric Motor,Plant A - Line 2,2022-07-29,TECH-004,"Capacitor bank showing reduced capacitance, power factor 0.73 below target. Additionally, unbalance detected on rotating assembly, vibration 17.3 mm/s 1x component",electrical_fault,High,,14.4,3.5,Mechanical seal kit,0.72,0.4,0.56,0.85,0.61
WO-00558,EQ-0016,Air Compressor,Warehouse C,2022-06-22,TECH-013,Corrosion under insulation (CUI) suspected on horizontal pipe section,corrosion,Low,,5.5,1.2,Oil filter + 5L oil,0.66,0.98,0.55,0.57,0.71
WO-00559,EQ-0004,Electric Motor,Warehouse C,2023-10-17,TECH-006,"Oil seepage observed around pump casing seal, minor pooling on floor",seal_leak,Medium,126.0,14.4,12.7,Mechanical seal kit,0.74,0.56,0.97,0.65,0.725
WO-00560,EQ-0037,Gearbox,Warehouse C,2023-02-23,TECH-001,Belt tension incorrect causing vibration and premature wear,vibration,Medium,59.0,9.4,6.3,Impeller,0.85,0.75,0.86,0.66,0.784
WO-00561,EQ-0044,Electric Motor,Plant B - Line 1,2023-04-04,TECH-005,"Oil level low in gearbox sight glass, top-up of 2.2L required. Additionally, coating failure on tank exterior, rust streaks visible below insulation",lubrication,Low,,11.1,6.7,Mechanical seal kit,0.67,0.86,0.59,0.99,0.771
WO-00562,EQ-0009,Cooling Tower,Plant A - Line 1,2022-05-10,TECH-002,"Seal face wear visible during inspection, scoring on stationary ring",seal_leak,Medium,,1.1,0.5,Contactor 3RT2,0.76,0.73,0.99,0.76,0.809
WO-00563,EQ-0045,Heat Exchanger,Utilities Block,2022-02-06,TECH-006,"Dynamic seal failure suspected, pressure drop of 37% noted in system",seal_leak,Medium,,7.3,3.9,Contactor 3RT2,0.93,0.64,0.7,0.52,0.703
WO-00564,EQ-0050,Electric Motor,Plant A - Line 2,2023-05-25,TECH-011,"Lubricant contamination detected, water content 9% above limit",lubrication,Low,,2.9,3.6,Capacitor 40µF,0.7,0.7,0.87,0.87,0.777
WO-00565,EQ-0035,Electric Motor,Warehouse C,2023-12-04,TECH-009,"Lip seal deteriorated, grease escaping from gearbox output shaft",seal_leak,Medium,10.0,1.0,0.2,Capacitor 40µF,0.42,0.85,0.93,0.56,0.704
WO-00566,EQ-0012,Conveyor Belt,Warehouse C,2022-08-16,TECH-019,"Grease nipple blocked, bearing running dry for estimated 25 days",lubrication,Low,,3.5,5.0,Mechanical seal kit,0.54,0.5,0.54,0.81,0.582
WO-00567,EQ-0021,Gearbox,Plant B - Line 3,2023-12-04,TECH-004,Grease discolouration and hardening noted around bearing cap,bearing_wear,Medium,58.0,13.8,19.4,Capacitor 40µF,0.8,0.62,0.51,0.79,0.672
WO-00568,EQ-0034,Air Compressor,Plant B - Line 1,2023-08-14,TECH-006,"Seal face wear visible during inspection, scoring on stationary ring",seal_leak,Medium,29.0,14.7,13.2,Bearing 6205-2RS,0.44,0.9,0.67,0.54,0.656
WO-00569,EQ-0003,Cooling Tower,Plant A - Line 1,2023-05-03,TECH-014,"High-pitched squealing noise from bearing assembly, lubrication appears insufficient",bearing_wear,Medium,,15.2,2.2,Impeller,0.9,0.43,0.98,0.56,0.711
WO-00570,EQ-0010,Hydraulic Press,Plant A - Line 1,2023-09-12,TECH-009,"Earth leakage current 33.7mA detected, isolation check required",electrical_fault,High,,2.5,1.8,Coupling insert,0.39,0.91,0.76,0.91,0.742
WO-00571,EQ-0023,Cooling Tower,Warehouse C,2022-06-21,TECH-009,"Cooling fan obstructed by debris, motor surface temperature 86°C",overheating,High,87.0,8.4,12.4,Capacitor 40µF,0.74,0.84,0.71,0.62,0.738
WO-00572,EQ-0021,Gearbox,Plant B - Line 3,2023-01-17,TECH-003,"Coating failure on tank exterior, rust streaks visible below insulation",corrosion,Low,,9.6,12.6,Contactor 3RT2,0.39,0.93,0.94,0.9,0.792
WO-00573,EQ-0021,Gearbox,Plant B - Line 3,2023-01-28,TECH-016,"Oil level low in gearbox sight glass, top-up of 4.3L required",lubrication,Low,159.0,15.9,11.7,Contactor 3RT2,0.6,0.94,0.89,0.83,0.82
WO-00574,EQ-0019,Centrifugal Pump,Plant B - Line 1,2022-04-19,TECH-007,"Unbalance detected on rotating assembly, vibration 7.9 mm/s 1X component",vibration,Medium,,3.5,0.3,O-ring set,0.92,0.79,0.81,0.77,0.824
WO-00575,EQ-0004,Electric Motor,Warehouse C,2022-11-30,TECH-015,"Motor winding temperature reached 70°C, thermal protection triggered. Additionally, unbalance detected on rotating assembly, vibration 7.6 mm/s 1x component",overheating,High,24.0,8.4,9.8,None - monitoring,0.93,0.73,0.86,0.64,0.794
WO-00576,EQ-0036,Gearbox,Plant A - Line 1,2022-11-07,TECH-011,"Oil viscosity out of specification, degraded due to thermal cycling. Additionally, oil level low in gearbox sight glass, top-up of 0.8l required",lubrication,Low,141.0,2.7,3.6,Coupling insert,0.79,0.55,0.79,0.94,0.748
WO-00577,EQ-0014,Cooling Tower,Plant B - Line 1,2023-05-26,TECH-015,"Dynamic seal failure suspected, pressure drop of 36% noted in system",seal_leak,Medium,,11.7,3.2,Impeller,0.3,0.74,0.72,0.5,0.577
WO-00578,EQ-0022,Heat Exchanger,Plant A - Line 2,2022-04-11,TECH-002,"Lip seal deteriorated, grease escaping from gearbox output shaft",seal_leak,Medium,94.0,6.7,7.9,Capacitor 40µF,0.43,0.42,0.52,0.86,0.536
WO-00579,EQ-0032,Electric Motor,Plant A - Line 2,2023-07-02,TECH-002,Belt tension incorrect causing vibration and premature wear,vibration,Medium,16.0,12.9,17.9,Contactor 3RT2,0.31,0.99,0.62,0.63,0.656
WO-00580,EQ-0006,Gearbox,Warehouse C,2023-08-14,TECH-016,"Coating failure on tank exterior, rust streaks visible below insulation. Additionally, chemical attack on pump impeller, material loss estimated 35%",corrosion,Low,121.0,1.8,1.9,Mechanical seal kit,0.73,0.47,0.7,0.78,0.655
WO-00581,EQ-0047,Air Compressor,Utilities Block,2022-05-13,TECH-002,"Bearing temperature elevated to 75°C during operation, vibration increasing",bearing_wear,Medium,,1.1,1.0,Impeller,0.4,0.61,0.87,0.72,0.645
WO-00582,EQ-0029,Conveyor Belt,Plant A - Line 1,2022-11-05,TECH-010,"Lubricant contamination detected, water content 17% above limit",lubrication,Low,,2.1,2.4,O-ring set,0.37,0.57,0.89,0.81,0.648
WO-00583,EQ-0041,Conveyor Belt,Plant A - Line 1,2023-01-25,TECH-001,"Misalignment between motor and gearbox shaft, 12.6 mm/s 2X vibration",vibration,Medium,,1.5,1.7,Contactor 3RT2,0.8,0.74,0.67,0.87,0.764
WO-00584,EQ-0038,Cooling Tower,Plant A - Line 2,2022-08-06,TECH-005,"Excessive vibration on pump casing, amplitude 17.5 mm/s at 1000 RPM",vibration,Medium,,4.5,0.5,Bearing 6205-2RS,0.4,0.69,0.53,0.47,0.534
WO-00585,EQ-0040,Gearbox,Plant A - Line 1,2022-03-02,TECH-016,"Bearing temperature elevated to 100°C during operation, vibration increasing. Additionally, oil analysis shows high iron content 196 ppm, internal wear indicated",bearing_wear,Medium,158.0,6.1,8.3,Impeller,0.56,0.94,0.65,0.44,0.672
WO-00586,EQ-0029,Conveyor Belt,Plant A - Line 1,2022-05-02,TECH-001,"Impeller damage suspected, broadband vibration increase 8.8 mm/s",vibration,Medium,,8.5,0.5,None - monitoring,0.69,0.46,0.7,0.86,0.658
WO-00587,EQ-0006,Gearbox,Warehouse C,2022-07-20,TECH-015,"Structural resonance observed at 1500 RPM, bolts found loose on baseplate",vibration,Medium,105.0,7.5,2.8,Contactor 3RT2,0.53,0.98,0.91,0.57,0.768
WO-00588,EQ-0034,Air Compressor,Plant B - Line 1,2023-03-16,TECH-001,"Grease nipple blocked, bearing running dry for estimated 10 days",lubrication,Low,128.0,1.0,0.2,Coupling insert,0.44,0.8,0.94,0.52,0.689
WO-00589,EQ-0026,Cooling Tower,Warehouse C,2022-02-08,TECH-018,"Grease discolouration and hardening noted around bearing cap. Additionally, overheating on drive-end bearing, infrared scan shows hot spot at 91°c",bearing_wear,Medium,168.0,4.6,1.6,Mechanical seal kit,0.87,0.74,0.85,0.82,0.816
WO-00590,EQ-0045,Heat Exchanger,Utilities Block,2023-02-09,TECH-008,"Mechanical seal leaking at shaft interface, fluid loss approx 86 ml/hr",seal_leak,Medium,,8.7,6.4,Mechanical seal kit,0.44,0.75,0.84,0.89,0.723
WO-00591,EQ-0025,Centrifugal Pump,Plant A - Line 1,2022-09-28,TECH-005,"Belt tension incorrect causing vibration and premature wear. Additionally, overheating on drive-end bearing, infrared scan shows hot spot at 76°c",vibration,Medium,111.0,13.6,19.5,Bearing 6205-2RS,0.45,0.43,0.73,0.94,0.612
WO-00592,EQ-0011,Cooling Tower,Plant A - Line 1,2023-06-10,TECH-004,"Bearing play exceeding tolerance, axial movement of 2.12mm observed",bearing_wear,Medium,150.0,7.5,1.6,Mechanical seal kit,0.98,0.98,0.87,0.72,0.9
WO-00593,EQ-0041,Conveyor Belt,Plant A - Line 1,2022-08-27,TECH-001,"Misalignment between motor and gearbox shaft, 15.0 mm/s 2X vibration",vibration,Medium,113.0,15.6,8.7,Capacitor 40µF,0.42,0.89,0.63,0.43,0.615
WO-00594,EQ-0031,Heat Exchanger,Warehouse C,2023-08-28,TECH-017,"Hydraulic fluid leak at cylinder rod seal, 102 ml/hr estimated loss",seal_leak,Medium,43.0,9.8,6.2,O-ring set,0.62,0.85,0.79,1.0,0.808
WO-00595,EQ-0031,Heat Exchanger,Warehouse C,2023-11-22,TECH-011,"Insulation resistance measured at 28 MΩ, below 100 MΩ minimum",electrical_fault,High,,11.2,9.4,None - monitoring,0.55,0.87,0.73,0.88,0.757
WO-00596,EQ-0043,Air Compressor,Plant A - Line 1,2022-11-16,TECH-004,"Motor winding resistance out of tolerance, possible turn-to-turn short",electrical_fault,High,114.0,0.7,0.6,None - monitoring,0.4,0.99,0.68,0.86,0.739
WO-00597,EQ-0041,Conveyor Belt,Plant A - Line 1,2023-05-07,TECH-014,"Compressor discharge temperature 99°C, intercooler bypass suspected",overheating,High,135.0,7.4,6.4,Bearing 6205-2RS,0.74,0.44,0.65,0.53,0.586
WO-00598,EQ-0008,Heat Exchanger,Plant A - Line 2,2022-09-12,TECH-013,"Impeller damage suspected, broadband vibration increase 12.6 mm/s",vibration,Medium,66.0,5.5,4.2,Coupling insert,0.85,0.82,0.96,0.62,0.822
WO-00599,EQ-0018,Electric Motor,Utilities Block,2023-05-11,TECH-017,"Galvanic corrosion at dissimilar metal joint, wall thickness reduced",corrosion,Low,,14.9,1.5,O-ring set,0.79,0.76,0.79,0.73,0.769
WO-00600,EQ-0003,Cooling Tower,Plant A - Line 1,2023-02-08,TECH-020,Belt tension incorrect causing vibration and premature wear,vibration,Medium,,15.2,12.4,Capacitor 40µF,0.73,0.95,0.85,0.75,0.83
WO-00601,EQ-0045,Heat Exchanger,Utilities Block,2022-03-05,TECH-013,"Structural resonance observed at 1450 RPM, bolts found loose on baseplate. Additionally, earth leakage current 8.3ma detected, isolation check required",vibration,Medium,153.0,8.8,10.2,Contactor 3RT2,0.59,0.55,0.99,0.79,0.718
WO-00602,EQ-0007,Heat Exchanger,Utilities Block,2022-02-18,TECH-009,"Misalignment between motor and gearbox shaft, 2.9 mm/s 2X vibration",vibration,Medium,97.0,16.0,16.4,Capacitor 40µF,0.73,0.66,0.71,0.6,0.678
WO-00603,EQ-0028,Air Compressor,Utilities Block,2022-07-16,TECH-005,"Mechanical seal leaking at shaft interface, fluid loss approx 98 ml/hr",seal_leak,Medium,,13.0,0.6,Contactor 3RT2,0.9,0.62,0.9,0.93,0.822
WO-00604,EQ-0009,Cooling Tower,Plant A - Line 1,2022-05-02,TECH-015,"Lubricant contamination detected, water content 30% above limit",lubrication,Low,76.0,3.3,3.8,None - monitoring,0.98,0.69,0.83,0.59,0.778
WO-00605,EQ-0009,Cooling Tower,Plant A - Line 1,2022-01-07,TECH-016,"Chemical attack on pump impeller, material loss estimated 11%",corrosion,Low,,15.7,0.4,Capacitor 40µF,0.99,0.69,0.75,0.74,0.79
WO-00606,EQ-0013,Electric Motor,Plant B - Line 1,2023-07-22,TECH-017,"Lubricant contamination detected, water content 22% above limit. Additionally, surface corrosion on pipe flanges, pitting depth approx 0.23mm",lubrication,Low,163.0,3.1,4.6,O-ring set,0.52,0.47,0.78,0.85,0.636
WO-00607,EQ-0033,Centrifugal Pump,Warehouse C,2022-03-20,TECH-015,"Dynamic seal failure suspected, pressure drop of 7% noted in system",seal_leak,Medium,50.0,2.9,3.1,Oil filter + 5L oil,0.84,0.77,0.87,0.99,0.856
WO-00608,EQ-0044,Electric Motor,Plant B - Line 1,2022-02-12,TECH-008,"Oil viscosity out of specification, degraded due to thermal cycling. Additionally, wrong lubricant grade used during last service, compatibility issue",lubrication,Low,163.0,3.5,2.0,Coupling insert,0.8,0.7,0.57,0.77,0.706
WO-00609,EQ-0015,Conveyor Belt,Plant B - Line 1,2023-09-27,TECH-011,"Oil seepage observed around pump casing seal, minor pooling on floor. Additionally, misalignment between motor and gearbox shaft, 6.1 mm/s 2x vibration",seal_leak,Medium,142.0,2.2,2.1,Contactor 3RT2,0.75,0.47,0.77,0.98,0.717
WO-00610,EQ-0033,Centrifugal Pump,Warehouse C,2022-11-19,TECH-009,"Capacitor bank showing reduced capacitance, power factor 0.64 below target",electrical_fault,High,180.0,2.6,1.9,Impeller,0.78,0.55,0.62,0.89,0.693
WO-00611,EQ-0047,Air Compressor,Utilities Block,2022-06-04,TECH-016,"Wrong lubricant grade used during last service, compatibility issue",lubrication,Low,,15.8,15.6,Bearing 6205-2RS,0.57,0.89,0.97,0.74,0.8
WO-00612,EQ-0012,Conveyor Belt,Warehouse C,2023-01-31,TECH-017,"Cavitation noise and vibration in pump, inlet pressure below NPSH",vibration,Medium,98.0,2.3,3.1,Capacitor 40µF,0.94,0.81,0.86,0.47,0.787
WO-00613,EQ-0036,Gearbox,Plant A - Line 1,2022-02-05,TECH-006,"High-pitched squealing noise from bearing assembly, lubrication appears insufficient. Additionally, misalignment between motor and gearbox shaft, 14.3 mm/s 2x vibration",bearing_wear,Medium,5.0,7.6,8.6,Bearing 6205-2RS,0.56,0.89,0.97,0.97,0.843
WO-00614,EQ-0038,Cooling Tower,Plant A - Line 2,2023-06-20,TECH-007,"Gearbox oil temperature 69°C, possible cooler blockage. Additionally, bearing vibration amplitude 17.1 mm/s rms, trending upward over last 21 days",overheating,High,,6.2,5.2,None - monitoring,0.59,0.52,0.78,0.63,0.624
WO-00615,EQ-0047,Air Compressor,Utilities Block,2023-11-08,TECH-001,"Cavitation noise and vibration in pump, inlet pressure below NPSH",vibration,Medium,,12.6,1.4,Coupling insert,0.86,0.66,0.68,0.91,0.765
WO-00616,EQ-0037,Gearbox,Warehouse C,2023-01-25,TECH-019,"Overheating on drive-end bearing, infrared scan shows hot spot at 66°C",overheating,High,21.0,9.1,0.1,Coupling insert,0.95,0.96,0.89,0.62,0.872
WO-00617,EQ-0033,Centrifugal Pump,Warehouse C,2023-07-19,TECH-005,"Mechanical seal leaking at shaft interface, fluid loss approx 176 ml/hr",seal_leak,Medium,24.0,9.9,8.8,None - monitoring,0.49,0.5,0.8,0.69,0.61
WO-00618,EQ-0033,Centrifugal Pump,Warehouse C,2022-11-23,TECH-005,"Structural resonance observed at 1450 RPM, bolts found loose on baseplate",vibration,Medium,130.0,2.5,3.2,O-ring set,0.89,0.62,0.92,0.83,0.804
WO-00619,EQ-0002,Heat Exchanger,Utilities Block,2023-09-18,TECH-017,"Oil level low in gearbox sight glass, top-up of 2.8L required",lubrication,Low,72.0,0.6,0.1,Capacitor 40µF,0.43,0.81,0.86,0.54,0.674
WO-00620,EQ-0009,Cooling Tower,Plant A - Line 1,2022-01-02,TECH-004,"Oil level low in gearbox sight glass, top-up of 0.9L required",lubrication,Low,,13.6,18.1,Mechanical seal kit,0.52,0.66,0.87,0.43,0.632
WO-00621,EQ-0024,Heat Exchanger,Warehouse C,2022-09-20,TECH-017,"O-ring compression set failure, intermittent leak under high pressure",seal_leak,Medium,,13.4,13.1,Oil filter + 5L oil,0.69,0.6,0.65,0.89,0.693
WO-00622,EQ-0010,Hydraulic Press,Plant A - Line 1,2022-06-07,TECH-006,"Chemical attack on pump impeller, material loss estimated 27%. Additionally, capacitor bank showing reduced capacitance, power factor 0.79 below target",corrosion,Low,144.0,10.8,6.5,Mechanical seal kit,0.63,0.58,0.99,0.87,0.753
WO-00623,EQ-0047,Air Compressor,Utilities Block,2023-08-26,TECH-017,"Heat exchanger fouling reducing efficiency, outlet temp 98°C above setpoint",overheating,High,65.0,14.3,20.0,Contactor 3RT2,0.68,0.98,0.66,0.54,0.737
WO-00624,EQ-0041,Conveyor Belt,Plant A - Line 1,2023-01-08,TECH-001,"Oil analysis shows high iron content 279 ppm, internal wear indicated",lubrication,Low,,3.0,2.5,Bearing 6205-2RS,0.68,0.6,0.88,0.46,0.662
WO-00625,EQ-0032,Electric Motor,Plant A - Line 2,2022-10-02,TECH-001,"Misalignment between motor and gearbox shaft, 17.8 mm/s 2X vibration. Additionally, gearbox oil temperature 83°c, possible cooler blockage",vibration,Medium,,1.8,0.5,Mechanical seal kit,0.77,0.51,0.95,0.87,0.757
WO-00626,EQ-0037,Gearbox,Warehouse C,2023-03-27,TECH-010,"Motor winding temperature reached 65°C, thermal protection triggered",overheating,High,,10.1,0.5,Bearing 6205-2RS,0.97,0.7,0.88,0.82,0.836
WO-00627,EQ-0009,Cooling Tower,Plant A - Line 1,2022-08-10,TECH-019,"Compressor discharge temperature 68°C, intercooler bypass suspected",overheating,High,,12.5,0.2,Mechanical seal kit,0.3,0.61,0.97,0.93,0.686
WO-00628,EQ-0028,Air Compressor,Utilities Block,2023-01-03,TECH-011,"Metal particles found in oil sample, bearing degradation confirmed",bearing_wear,Medium,63.0,14.6,15.0,O-ring set,0.33,0.63,0.52,0.64,0.53
WO-00629,EQ-0032,Electric Motor,Plant A - Line 2,2023-12-13,TECH-007,"Cavitation noise and vibration in pump, inlet pressure below NPSH",vibration,Medium,,11.6,16.6,Oil filter + 5L oil,0.51,0.82,0.99,0.92,0.805
WO-00630,EQ-0002,Heat Exchanger,Utilities Block,2022-09-19,TECH-018,"Bearing play exceeding tolerance, axial movement of 1.0mm observed",bearing_wear,Medium,101.0,3.3,0.5,Oil filter + 5L oil,0.43,0.44,0.59,0.97,0.581
WO-00631,EQ-0045,Heat Exchanger,Utilities Block,2023-11-26,TECH-019,"Internal corrosion found on heat exchanger tubes during inspection. Additionally, wrong lubricant grade used during last service, compatibility issue",corrosion,Low,117.0,5.7,7.5,Capacitor 40µF,0.85,0.73,0.66,0.74,0.744
WO-00632,EQ-0012,Conveyor Belt,Warehouse C,2022-07-13,TECH-006,"Metal particles found in oil sample, bearing degradation confirmed. Additionally, heat exchanger fouling reducing efficiency, outlet temp 98°c above setpoint",bearing_wear,Medium,44.0,2.0,2.4,Mechanical seal kit,0.55,0.95,0.89,0.71,0.787
WO-00633,EQ-0032,Electric Motor,Plant A - Line 2,2023-04-20,TECH-004,"Earth leakage current 32.9mA detected, isolation check required",electrical_fault,High,,7.8,8.2,None - monitoring,0.69,0.43,0.53,1.0,0.634
WO-00634,EQ-0022,Heat Exchanger,Plant A - Line 2,2022-11-15,TECH-005,"Grease nipple blocked, bearing running dry for estimated 16 days",lubrication,Low,,10.7,16.0,O-ring set,0.81,0.69,0.5,0.51,0.636
WO-00635,EQ-0014,Cooling Tower,Plant B - Line 1,2023-06-22,TECH-012,"Cavitation noise and vibration in pump, inlet pressure below NPSH",vibration,Medium,,1.5,2.2,Contactor 3RT2,0.79,0.8,0.87,0.84,0.823
WO-00636,EQ-0009,Cooling Tower,Plant A - Line 1,2022-02-12,TECH-014,"Bearing temperature elevated to 68°C during operation, vibration increasing",bearing_wear,Medium,,12.3,9.3,Coupling insert,0.92,0.64,0.7,0.4,0.677
WO-00637,EQ-0004,Electric Motor,Warehouse C,2023-09-05,TECH-003,"O-ring compression set failure, intermittent leak under high pressure",seal_leak,Medium,175.0,14.2,14.6,Impeller,0.51,0.92,0.52,0.97,0.728
WO-00638,EQ-0038,Cooling Tower,Plant A - Line 2,2022-05-02,TECH-018,"VFD fault code F20 logged, overcurrent on deceleration",electrical_fault,High,4.0,8.3,4.6,Coupling insert,0.98,0.65,0.98,0.64,0.813
WO-00639,EQ-0049,Cooling Tower,Utilities Block,2022-05-13,TECH-004,"Oil level low in gearbox sight glass, top-up of 1.9L required. Additionally, structural resonance observed at 3000 rpm, bolts found loose on baseplate",lubrication,Low,,6.5,4.2,Mechanical seal kit,0.51,0.49,0.61,0.65,0.557
WO-00640,EQ-0009,Cooling Tower,Plant A - Line 1,2023-12-05,TECH-005,"Oil viscosity out of specification, degraded due to thermal cycling",lubrication,Low,,12.0,16.7,Contactor 3RT2,0.81,0.94,0.86,0.79,0.858
WO-00641,EQ-0037,Gearbox,Warehouse C,2022-07-27,TECH-003,"Contactor pitting observed, intermittent contact causing voltage dips",electrical_fault,High,,1.0,1.0,Mechanical seal kit,0.79,0.62,0.83,0.7,0.731
WO-00642,EQ-0002,Heat Exchanger,Utilities Block,2023-10-13,TECH-012,Electrical cabinet temperature 82°C due to failed ventilation fan,overheating,High,52.0,6.1,2.2,Impeller,0.99,0.56,0.69,0.84,0.756
WO-00643,EQ-0050,Electric Motor,Plant A - Line 2,2022-11-10,TECH-005,"Impeller damage suspected, broadband vibration increase 16.5 mm/s",vibration,Medium,88.0,3.4,2.0,Coupling insert,0.85,0.62,0.69,0.58,0.687
WO-00644,EQ-0029,Conveyor Belt,Plant A - Line 1,2022-02-23,TECH-019,Grease discolouration and hardening noted around bearing cap,bearing_wear,Medium,,15.3,14.9,Contactor 3RT2,0.47,0.94,0.97,0.89,0.82
WO-00645,EQ-0020,Electric Motor,Warehouse C,2023-05-23,TECH-005,"Rust deposits blocking strainer, pressure differential 5 PSI across filter",corrosion,Low,,13.2,18.2,Mechanical seal kit,0.36,0.84,0.72,0.95,0.712
WO-00646,EQ-0036,Gearbox,Plant A - Line 1,2023-08-15,TECH-015,"Oil seepage observed around pump casing seal, minor pooling on floor. Additionally, hydraulic fluid leak at cylinder rod seal, 182 ml/hr estimated loss",seal_leak,Medium,175.0,5.5,1.6,Bearing 6205-2RS,0.38,0.95,0.82,0.43,0.671
WO-00647,EQ-0049,Cooling Tower,Utilities Block,2023-11-30,TECH-015,"Misalignment between motor and gearbox shaft, 9.0 mm/s 2X vibration",vibration,Medium,33.0,1.5,0.4,Contactor 3RT2,0.38,0.42,0.65,0.98,0.58
WO-00648,EQ-0045,Heat Exchanger,Utilities Block,2023-06-15,TECH-020,"Coating failure on tank exterior, rust streaks visible below insulation",corrosion,Low,,3.2,3.5,O-ring set,0.7,0.78,0.74,0.55,0.704
WO-00649,EQ-0009,Cooling Tower,Plant A - Line 1,2023-09-15,TECH-008,"VFD fault code F57 logged, overcurrent on deceleration",electrical_fault,High,74.0,6.1,4.3,Coupling insert,0.46,0.54,0.71,0.7,0.594
WO-00650,EQ-0003,Cooling Tower,Plant A - Line 1,2023-05-20,TECH-009,"Motor winding temperature reached 68°C, thermal protection triggered. Additionally, unusual noise detected in bearing housing, suspected wear on inner race",overheating,High,,13.5,8.8,Capacitor 40µF,0.9,0.87,0.74,0.59,0.789
WO-00651,EQ-0049,Cooling Tower,Utilities Block,2023-08-03,TECH-006,"Oil seepage observed around pump casing seal, minor pooling on floor",seal_leak,Medium,171.0,15.9,15.1,O-ring set,0.81,0.61,0.53,0.51,0.62
WO-00652,EQ-0040,Gearbox,Plant A - Line 1,2022-04-18,TECH-008,"Oil analysis shows high iron content 253 ppm, internal wear indicated",lubrication,Low,,0.6,0.6,Capacitor 40µF,0.96,0.86,0.83,0.59,0.824
WO-00653,EQ-0001,Air Compressor,Plant A - Line 1,2023-08-03,TECH-009,"Oil level low in gearbox sight glass, top-up of 2.1L required. Additionally, rust deposits blocking strainer, pressure differential 28 psi across filter",lubrication,Low,,10.9,5.4,Bearing 6205-2RS,0.7,0.8,0.79,0.63,0.738
WO-00654,EQ-0014,Cooling Tower,Plant B - Line 1,2023-05-24,TECH-007,"Structural resonance observed at 1000 RPM, bolts found loose on baseplate",vibration,Medium,170.0,1.9,0.9,Contactor 3RT2,0.83,0.66,0.97,0.64,0.776
WO-00655,EQ-0035,Electric Motor,Warehouse C,2023-10-09,TECH-010,"Structural resonance observed at 1000 RPM, bolts found loose on baseplate. Additionally, belt tension incorrect causing vibration and premature wear",vibration,Medium,,14.5,15.2,Contactor 3RT2,0.38,0.46,0.88,0.6,0.573
WO-00656,EQ-0013,Electric Motor,Plant B - Line 1,2023-01-23,TECH-010,"Metal particles found in oil sample, bearing degradation confirmed",bearing_wear,Medium,73.0,9.2,6.3,Impeller,0.3,0.43,0.57,0.98,0.542
WO-00657,EQ-0030,Gearbox,Plant A - Line 1,2023-12-09,TECH-001,"Heat exchanger fouling reducing efficiency, outlet temp 99°C above setpoint",overheating,High,,4.5,2.2,None - monitoring,0.47,0.59,0.61,0.52,0.551
WO-00658,EQ-0038,Cooling Tower,Plant A - Line 2,2023-12-13,TECH-012,"Contactor pitting observed, intermittent contact causing voltage dips",electrical_fault,High,120.0,11.6,3.1,Mechanical seal kit,0.41,0.5,0.71,0.52,0.534
WO-00659,EQ-0020,Electric Motor,Warehouse C,2022-12-05,TECH-010,"Mechanical seal leaking at shaft interface, fluid loss approx 163 ml/hr",seal_leak,Medium,,14.1,19.9,Contactor 3RT2,0.52,0.55,0.54,0.94,0.618
WO-00660,EQ-0040,Gearbox,Plant A - Line 1,2023-11-05,TECH-019,"Metal particles found in oil sample, bearing degradation confirmed",bearing_wear,Medium,,3.2,1.1,Coupling insert,0.65,0.48,0.86,0.83,0.688
WO-00661,EQ-0014,Cooling Tower,Plant B - Line 1,2022-04-28,TECH-010,"Oil viscosity out of specification, degraded due to thermal cycling",lubrication,Low,,12.3,8.8,Capacitor 40µF,0.54,0.57,0.85,0.65,0.648
WO-00662,EQ-0022,Heat Exchanger,Plant A - Line 2,2022-02-25,TECH-012,"Cavitation noise and vibration in pump, inlet pressure below NPSH",vibration,Medium,,2.7,3.0,Mechanical seal kit,0.4,0.47,0.87,0.68,0.594
WO-00663,EQ-0026,Cooling Tower,Warehouse C,2022-10-31,TECH-005,"Wrong lubricant grade used during last service, compatibility issue. Additionally, rust deposits blocking strainer, pressure differential 16 psi across filter",lubrication,Low,,3.5,2.1,Bearing 6205-2RS,0.9,0.52,0.73,0.51,0.666
WO-00664,EQ-0027,Gearbox,Warehouse C,2023-08-20,TECH-003,"Mechanical seal leaking at shaft interface, fluid loss approx 111 ml/hr",seal_leak,Medium,,2.9,3.5,Impeller,0.61,0.57,0.73,0.51,0.608
WO-00665,EQ-0003,Cooling Tower,Plant A - Line 1,2022-06-13,TECH-008,"O-ring compression set failure, intermittent leak under high pressure",seal_leak,Medium,35.0,8.6,2.0,Bearing 6205-2RS,0.4,0.48,0.7,0.99,0.617
WO-00666,EQ-0014,Cooling Tower,Plant B - Line 1,2023-03-25,TECH-020,"Mechanical seal leaking at shaft interface, fluid loss approx 124 ml/hr",seal_leak,Medium,,2.7,1.9,Coupling insert,0.83,0.59,0.95,0.43,0.708
WO-00667,EQ-0018,Electric Motor,Utilities Block,2023-04-15,TECH-001,"Unbalance detected on rotating assembly, vibration 16.5 mm/s 1X component",vibration,Medium,149.0,13.0,15.5,Mechanical seal kit,0.62,0.5,0.58,0.88,0.626
WO-00668,EQ-0019,Centrifugal Pump,Plant B - Line 1,2022-09-24,TECH-006,"High-pitched squealing noise from bearing assembly, lubrication appears insufficient",bearing_wear,Medium,160.0,12.7,11.4,Oil filter + 5L oil,0.34,0.62,0.77,0.72,0.608
WO-00669,EQ-0029,Conveyor Belt,Plant A - Line 1,2023-12-31,TECH-008,"Bearing vibration amplitude 7.4 mm/s RMS, trending upward over last 7 days",bearing_wear,Medium,130.0,11.7,2.6,Impeller,0.47,0.51,0.79,0.96,0.66
WO-00670,EQ-0012,Conveyor Belt,Warehouse C,2022-03-17,TECH-002,"Unusual noise detected in bearing housing, suspected wear on inner race",bearing_wear,Medium,13.0,13.9,10.1,Contactor 3RT2,0.72,0.61,0.79,0.77,0.714
WO-00671,EQ-0017,Electric Motor,Plant A - Line 2,2022-07-06,TECH-004,"Phase imbalance detected, current draw 11% higher on L2",electrical_fault,High,93.0,13.8,3.1,None - monitoring,0.42,0.81,0.84,0.56,0.67
WO-00672,EQ-0042,Electric Motor,Plant A - Line 1,2023-09-06,TECH-006,"Cooling fan obstructed by debris, motor surface temperature 77°C",overheating,High,85.0,0.7,0.5,Bearing 6205-2RS,0.9,0.77,0.69,0.7,0.768
WO-00673,EQ-0023,Cooling Tower,Warehouse C,2022-11-21,TECH-016,Grease discolouration and hardening noted around bearing cap,bearing_wear,Medium,69.0,3.4,4.7,Coupling insert,0.86,0.5,0.68,0.49,0.633
WO-00674,EQ-0027,Gearbox,Warehouse C,2023-02-25,TECH-019,"Bearing play exceeding tolerance, axial movement of 1.4mm observed",bearing_wear,Medium,39.0,9.7,4.6,None - monitoring,0.46,0.55,0.83,0.89,0.666
WO-00675,EQ-0042,Electric Motor,Plant A - Line 1,2022-07-19,TECH-002,"Gearbox oil temperature 104°C, possible cooler blockage",overheating,High,28.0,4.0,3.2,Bearing 6205-2RS,0.49,0.72,0.93,0.82,0.735
WO-00676,EQ-0011,Cooling Tower,Plant A - Line 1,2023-03-04,TECH-019,"Bearing vibration amplitude 4.4 mm/s RMS, trending upward over last 14 days",bearing_wear,Medium,103.0,5.1,0.1,Mechanical seal kit,0.67,0.56,0.77,0.63,0.654
WO-00677,EQ-0020,Electric Motor,Warehouse C,2023-10-16,TECH-004,"Coating failure on tank exterior, rust streaks visible below insulation",corrosion,Low,103.0,12.1,14.1,None - monitoring,0.81,0.53,0.83,0.47,0.663
WO-00678,EQ-0010,Hydraulic Press,Plant A - Line 1,2023-06-08,TECH-004,"Motor winding resistance out of tolerance, possible turn-to-turn short",electrical_fault,High,,9.3,12.0,Mechanical seal kit,0.63,0.77,0.58,0.86,0.706
WO-00679,EQ-0038,Cooling Tower,Plant A - Line 2,2022-06-22,TECH-007,"Cavitation noise and vibration in pump, inlet pressure below NPSH",vibration,Medium,,1.5,0.8,O-ring set,0.68,0.52,0.7,0.92,0.685
WO-00680,EQ-0001,Air Compressor,Plant A - Line 1,2023-09-19,TECH-006,"Mechanical seal leaking at shaft interface, fluid loss approx 65 ml/hr",seal_leak,Medium,116.0,6.7,7.0,Impeller,0.83,0.96,0.93,0.51,0.83
WO-00681,EQ-0036,Gearbox,Plant A - Line 1,2023-02-17,TECH-010,"Lubricant contamination detected, water content 35% above limit",lubrication,Low,117.0,2.1,1.4,Mechanical seal kit,0.3,0.44,0.58,0.7,0.492
WO-00682,EQ-0011,Cooling Tower,Plant A - Line 1,2023-12-19,TECH-002,"Oil seepage observed around pump casing seal, minor pooling on floor",seal_leak,Medium,124.0,8.1,1.2,None - monitoring,0.83,0.83,0.91,0.5,0.784
WO-00683,EQ-0041,Conveyor Belt,Plant A - Line 1,2022-12-27,TECH-008,"Wrong lubricant grade used during last service, compatibility issue",lubrication,Low,,7.0,9.0,Capacitor 40µF,0.78,0.61,0.75,0.84,0.734
WO-00684,EQ-0002,Heat Exchanger,Utilities Block,2022-11-12,TECH-006,"Automatic lubrication system failed, manual greasing required",lubrication,Low,,9.7,13.0,Coupling insert,0.53,0.76,0.84,0.78,0.726
WO-00685,EQ-0001,Air Compressor,Plant A - Line 1,2023-03-25,TECH-018,Corrosion under insulation (CUI) suspected on horizontal pipe section,corrosion,Low,102.0,8.0,6.7,Impeller,0.51,0.81,0.63,0.61,0.65
WO-00686,EQ-0040,Gearbox,Plant A - Line 1,2023-08-19,TECH-019,"Oil analysis shows high iron content 372 ppm, internal wear indicated",lubrication,Low,137.0,2.2,1.3,Capacitor 40µF,0.32,0.57,0.5,0.76,0.528
WO-00687,EQ-0043,Air Compressor,Plant A - Line 1,2022-01-19,TECH-009,"Impeller damage suspected, broadband vibration increase 7.2 mm/s",vibration,Medium,,3.3,2.6,Coupling insert,0.66,0.86,0.5,0.93,0.734
WO-00688,EQ-0037,Gearbox,Warehouse C,2022-08-31,TECH-002,"Impeller damage suspected, broadband vibration increase 7.3 mm/s",vibration,Medium,115.0,12.7,17.4,Bearing 6205-2RS,0.45,0.81,0.86,0.86,0.742
WO-00689,EQ-0026,Cooling Tower,Warehouse C,2022-10-29,TECH-001,Grease discolouration and hardening noted around bearing cap,bearing_wear,Medium,146.0,1.3,1.5,Mechanical seal kit,0.67,0.5,0.94,0.88,0.728
WO-00690,EQ-0002,Heat Exchanger,Utilities Block,2022-10-08,TECH-013,Grease discolouration and hardening noted around bearing cap,bearing_wear,Medium,,15.3,12.8,Coupling insert,0.42,0.96,0.69,0.87,0.739
WO-00691,EQ-0009,Cooling Tower,Plant A - Line 1,2023-10-26,TECH-016,"High-pitched squealing noise from bearing assembly, lubrication appears insufficient",bearing_wear,Medium,,7.3,0.3,Oil filter + 5L oil,0.64,0.63,0.77,0.81,0.704
WO-00692,EQ-0021,Gearbox,Plant B - Line 3,2022-06-20,TECH-001,"Cooling fan obstructed by debris, motor surface temperature 103°C",overheating,High,,13.9,12.4,Contactor 3RT2,0.58,0.8,0.97,0.96,0.819
WO-00693,EQ-0005,Electric Motor,Utilities Block,2023-12-31,TECH-019,"Automatic lubrication system failed, manual greasing required",lubrication,Low,,9.1,2.3,Oil filter + 5L oil,0.42,0.91,0.57,0.92,0.704
WO-00694,EQ-0007,Heat Exchanger,Utilities Block,2022-11-11,TECH-012,"Compressor discharge temperature 85°C, intercooler bypass suspected",overheating,High,59.0,12.4,11.9,O-ring set,0.51,0.92,0.87,0.91,0.803
WO-00695,EQ-0019,Centrifugal Pump,Plant B - Line 1,2022-02-01,TECH-003,Grease discolouration and hardening noted around bearing cap,bearing_wear,Medium,32.0,8.7,5.5,Contactor 3RT2,0.47,0.79,0.96,0.99,0.792
WO-00696,EQ-0028,Air Compressor,Utilities Block,2022-11-17,TECH-007,"Wrong lubricant grade used during last service, compatibility issue",lubrication,Low,114.0,11.2,6.9,Coupling insert,0.81,0.69,0.9,0.71,0.776
WO-00697,EQ-0007,Heat Exchanger,Utilities Block,2022-03-08,TECH-005,"Impeller damage suspected, broadband vibration increase 13.0 mm/s",vibration,Medium,,4.0,4.9,Oil filter + 5L oil,0.92,0.78,0.72,0.98,0.84
WO-00698,EQ-0022,Heat Exchanger,Plant A - Line 2,2023-12-02,TECH-018,"Metal particles found in oil sample, bearing degradation confirmed",bearing_wear,Medium,,3.0,3.2,None - monitoring,0.76,0.57,0.64,0.79,0.679
WO-00699,EQ-0025,Centrifugal Pump,Plant A - Line 1,2022-12-23,TECH-004,"Lip seal deteriorated, grease escaping from gearbox output shaft",seal_leak,Medium,,2.5,1.9,Bearing 6205-2RS,0.43,0.44,0.87,0.68,0.593
WO-00700,EQ-0035,Electric Motor,Warehouse C,2023-08-18,TECH-009,Belt tension incorrect causing vibration and premature wear,vibration,Medium,68.0,14.8,18.0,Contactor 3RT2,0.6,0.86,0.58,1.0,0.753
WO-00701,EQ-0034,Air Compressor,Plant B - Line 1,2023-03-10,TECH-011,"Bearing temperature elevated to 111°C during operation, vibration increasing. Additionally, compressor discharge temperature 65°c, intercooler bypass suspected",bearing_wear,Medium,57.0,13.3,7.5,Capacitor 40µF,0.68,0.41,0.86,0.98,0.704
WO-00702,EQ-0001,Air Compressor,Plant A - Line 1,2023-05-01,TECH-008,Corrosion under insulation (CUI) suspected on horizontal pipe section,corrosion,Low,166.0,13.9,7.3,None - monitoring,0.33,0.44,0.77,0.9,0.587
WO-00703,EQ-0007,Heat Exchanger,Utilities Block,2023-02-16,TECH-017,"Oil viscosity out of specification, degraded due to thermal cycling",lubrication,Low,113.0,1.7,1.8,None - monitoring,0.7,0.53,0.62,0.77,0.643
WO-00704,EQ-0046,Electric Motor,Plant B - Line 3,2022-07-10,TECH-013,"High-pitched squealing noise from bearing assembly, lubrication appears insufficient",bearing_wear,Medium,30.0,2.1,0.9,Bearing 6205-2RS,0.76,0.9,0.96,0.68,0.836
WO-00705,EQ-0012,Conveyor Belt,Warehouse C,2023-12-23,TECH-020,"Gearbox oil temperature 75°C, possible cooler blockage",overheating,High,,1.7,2.3,Impeller,0.97,0.59,0.95,0.6,0.777
WO-00706,EQ-0041,Conveyor Belt,Plant A - Line 1,2023-03-09,TECH-009,"Grease nipple blocked, bearing running dry for estimated 10 days",lubrication,Low,131.0,14.0,5.5,Oil filter + 5L oil,0.62,0.72,0.79,0.76,0.72
WO-00707,EQ-0014,Cooling Tower,Plant B - Line 1,2022-10-12,TECH-011,"Wrong lubricant grade used during last service, compatibility issue",lubrication,Low,,8.4,9.6,Coupling insert,0.38,0.82,0.92,0.86,0.743
WO-00708,EQ-0035,Electric Motor,Warehouse C,2022-02-05,TECH-003,"Motor winding resistance out of tolerance, possible turn-to-turn short",electrical_fault,High,54.0,9.7,11.1,Capacitor 40µF,0.65,0.73,0.72,0.85,0.732
WO-00709,EQ-0033,Centrifugal Pump,Warehouse C,2023-03-06,TECH-005,"Oil seepage observed around pump casing seal, minor pooling on floor",seal_leak,Medium,,3.4,0.7,Coupling insert,0.49,0.5,0.52,0.56,0.514
WO-00710,EQ-0042,Electric Motor,Plant A - Line 1,2023-12-08,TECH-009,"Coating failure on tank exterior, rust streaks visible below insulation",corrosion,Low,70.0,2.0,0.6,Coupling insert,1.0,0.54,0.78,0.45,0.697
WO-00711,EQ-0040,Gearbox,Plant A - Line 1,2023-08-12,TECH-016,"Cavitation noise and vibration in pump, inlet pressure below NPSH",vibration,Medium,47.0,3.3,0.4,Oil filter + 5L oil,0.86,0.51,0.51,0.9,0.676
WO-00712,EQ-0045,Heat Exchanger,Utilities Block,2023-01-05,TECH-015,"Unbalance detected on rotating assembly, vibration 3.7 mm/s 1X component. Additionally, motor winding resistance out of tolerance, possible turn-to-turn short",vibration,Medium,140.0,9.5,0.1,Impeller,0.72,0.42,0.55,0.55,0.554
WO-00713,EQ-0022,Heat Exchanger,Plant A - Line 2,2023-01-25,TECH-013,"Wrong lubricant grade used during last service, compatibility issue",lubrication,Low,131.0,7.8,0.9,Impeller,0.4,0.47,0.9,0.55,0.576
WO-00714,EQ-0046,Electric Motor,Plant B - Line 3,2022-05-29,TECH-005,Corrosion under insulation (CUI) suspected on horizontal pipe section,corrosion,Low,,12.3,5.4,O-ring set,0.55,0.46,0.7,0.49,0.548
WO-00715,EQ-0012,Conveyor Belt,Warehouse C,2022-07-07,TECH-005,"Lip seal deteriorated, grease escaping from gearbox output shaft",seal_leak,Medium,161.0,6.0,0.8,Impeller,0.59,0.79,0.8,0.58,0.7
WO-00716,EQ-0036,Gearbox,Plant A - Line 1,2023-07-04,TECH-013,"Bearing vibration amplitude 7.5 mm/s RMS, trending upward over last 25 days",bearing_wear,Medium,24.0,3.1,2.0,Oil filter + 5L oil,0.81,0.88,0.94,0.55,0.812
WO-00717,EQ-0036,Gearbox,Plant A - Line 1,2022-04-01,TECH-010,"Compressor discharge temperature 108°C, intercooler bypass suspected",overheating,High,,2.2,0.1,O-ring set,0.36,0.58,0.53,0.74,0.544
WO-00718,EQ-0047,Air Compressor,Utilities Block,2022-02-10,TECH-014,"Coating failure on tank exterior, rust streaks visible below insulation",corrosion,Low,31.0,4.0,5.8,Coupling insert,0.49,0.51,0.86,0.41,0.572
WO-00719,EQ-0005,Electric Motor,Utilities Block,2022-09-12,TECH-015,"Lubricant contamination detected, water content 27% above limit",lubrication,Low,,12.0,17.9,Contactor 3RT2,0.72,0.77,0.5,0.71,0.678
WO-00720,EQ-0050,Electric Motor,Plant A - Line 2,2023-08-19,TECH-015,"Surface corrosion on pipe flanges, pitting depth approx 0.71mm",corrosion,Low,,15.1,13.1,Bearing 6205-2RS,0.57,0.73,0.87,0.58,0.695
WO-00721,EQ-0006,Gearbox,Warehouse C,2022-05-02,TECH-015,"Automatic lubrication system failed, manual greasing required",lubrication,Low,,11.7,4.3,Mechanical seal kit,0.95,0.71,0.54,0.46,0.678
WO-00722,EQ-0039,Hydraulic Press,Plant B - Line 3,2022-09-02,TECH-019,"Misalignment between motor and gearbox shaft, 10.0 mm/s 2X vibration",vibration,Medium,106.0,1.0,0.5,Oil filter + 5L oil,0.5,0.93,0.64,0.64,0.692
WO-00723,EQ-0029,Conveyor Belt,Plant A - Line 1,2023-06-10,TECH-013,"Unusual noise detected in bearing housing, suspected wear on inner race",bearing_wear,Medium,74.0,15.5,3.5,O-ring set,0.32,0.61,0.94,0.7,0.638
WO-00724,EQ-0045,Heat Exchanger,Utilities Block,2022-12-21,TECH-004,"Oil seepage observed around pump casing seal, minor pooling on floor. Additionally, grease discolouration and hardening noted around bearing cap",seal_leak,Medium,74.0,10.8,14.5,Bearing 6205-2RS,0.34,0.76,0.61,0.56,0.578
WO-00725,EQ-0027,Gearbox,Warehouse C,2023-03-14,TECH-009,"Unusual noise detected in bearing housing, suspected wear on inner race",bearing_wear,Medium,23.0,2.4,2.4,Capacitor 40µF,0.8,0.41,0.87,0.66,0.672
WO-00726,EQ-0021,Gearbox,Plant B - Line 3,2022-01-26,TECH-016,"O-ring compression set failure, intermittent leak under high pressure",seal_leak,Medium,23.0,5.7,0.1,Contactor 3RT2,0.97,0.59,0.92,0.56,0.762
WO-00727,EQ-0023,Cooling Tower,Warehouse C,2023-03-29,TECH-015,"Structural resonance observed at 750 RPM, bolts found loose on baseplate. Additionally, impeller damage suspected, broadband vibration increase 8.2 mm/s",vibration,Medium,70.0,12.7,5.6,Mechanical seal kit,0.76,0.75,0.82,0.62,0.744
WO-00728,EQ-0003,Cooling Tower,Plant A - Line 1,2023-01-23,TECH-014,"Motor winding temperature reached 116°C, thermal protection triggered",overheating,High,29.0,2.8,1.4,Oil filter + 5L oil,0.72,0.85,0.58,0.55,0.69
WO-00729,EQ-0012,Conveyor Belt,Warehouse C,2023-03-06,TECH-001,"Bearing play exceeding tolerance, axial movement of 1.76mm observed. Additionally, mechanical seal leaking at shaft interface, fluid loss approx 91 ml/hr",bearing_wear,Medium,104.0,6.8,8.8,Coupling insert,0.89,0.89,1.0,0.51,0.842
WO-00730,EQ-0011,Cooling Tower,Plant A - Line 1,2022-09-03,TECH-017,"Rust deposits blocking strainer, pressure differential 24 PSI across filter",corrosion,Low,26.0,11.6,11.2,None - monitoring,0.34,0.44,0.58,1.0,0.562
WO-00731,EQ-0013,Electric Motor,Plant B - Line 1,2022-04-12,TECH-002,"Bearing play exceeding tolerance, axial movement of 2.09mm observed",bearing_wear,Medium,120.0,12.3,10.2,Mechanical seal kit,0.92,0.85,0.94,0.49,0.818
WO-00732,EQ-0023,Cooling Tower,Warehouse C,2022-12-15,TECH-016,"VFD fault code F2 logged, overcurrent on deceleration",electrical_fault,High,136.0,3.1,0.6,O-ring set,0.69,0.81,0.92,0.71,0.788
WO-00733,EQ-0001,Air Compressor,Plant A - Line 1,2022-05-13,TECH-019,"Impeller damage suspected, broadband vibration increase 2.9 mm/s",vibration,Medium,,11.0,14.5,None - monitoring,0.48,0.69,0.56,0.52,0.571
WO-00734,EQ-0022,Heat Exchanger,Plant A - Line 2,2022-02-02,TECH-007,"Surface corrosion on pipe flanges, pitting depth approx 2.21mm",corrosion,Low,167.0,4.5,5.9,O-ring set,0.45,0.64,0.59,0.98,0.648
WO-00735,EQ-0008,Heat Exchanger,Plant A - Line 2,2023-03-24,TECH-012,"Motor winding temperature reached 115°C, thermal protection triggered",overheating,High,,2.3,2.0,O-ring set,0.36,0.43,0.56,0.64,0.487
WO-00736,EQ-0020,Electric Motor,Warehouse C,2023-09-27,TECH-010,"Galvanic corrosion at dissimilar metal joint, wall thickness reduced",corrosion,Low,57.0,9.5,4.1,Capacitor 40µF,0.35,0.41,0.65,0.46,0.465
WO-00737,EQ-0028,Air Compressor,Utilities Block,2023-02-18,TECH-020,"Impeller damage suspected, broadband vibration increase 7.1 mm/s",vibration,Medium,,4.3,4.3,Coupling insert,0.46,0.73,0.55,0.6,0.592
WO-00738,EQ-0008,Heat Exchanger,Plant A - Line 2,2022-04-24,TECH-011,"Oil analysis shows high iron content 332 ppm, internal wear indicated",lubrication,Low,20.0,14.5,19.7,Mechanical seal kit,0.39,0.76,0.88,0.7,0.686
WO-00739,EQ-0007,Heat Exchanger,Utilities Block,2023-01-14,TECH-005,"Dynamic seal failure suspected, pressure drop of 34% noted in system",seal_leak,Medium,,7.1,4.9,Bearing 6205-2RS,0.55,0.66,0.51,0.52,0.567
WO-00740,EQ-0033,Centrifugal Pump,Warehouse C,2022-07-10,TECH-010,"Heat exchanger fouling reducing efficiency, outlet temp 89°C above setpoint",overheating,High,,5.1,0.6,Capacitor 40µF,0.89,0.82,0.84,0.63,0.804
WO-00741,EQ-0011,Cooling Tower,Plant A - Line 1,2023-01-02,TECH-017,"Misalignment between motor and gearbox shaft, 8.3 mm/s 2X vibration. Additionally, belt tension incorrect causing vibration and premature wear",vibration,Medium,,3.9,3.1,Impeller,0.73,0.64,0.84,0.42,0.668
WO-00742,EQ-0017,Electric Motor,Plant A - Line 2,2022-05-29,TECH-011,"Cavitation noise and vibration in pump, inlet pressure below NPSH",vibration,Medium,148.0,7.0,0.9,Impeller,0.6,0.55,0.5,0.52,0.544
WO-00743,EQ-0042,Electric Motor,Plant A - Line 1,2022-09-23,TECH-005,"Motor winding resistance out of tolerance, possible turn-to-turn short",electrical_fault,High,47.0,7.9,10.2,Impeller,0.81,0.51,0.85,0.51,0.67
WO-00744,EQ-0042,Electric Motor,Plant A - Line 1,2022-07-03,TECH-019,"Unusual noise detected in bearing housing, suspected wear on inner race. Additionally, contactor pitting observed, intermittent contact causing voltage dips",bearing_wear,Medium,47.0,12.1,18.1,Capacitor 40µF,0.31,1.0,0.95,0.51,0.717
WO-00745,EQ-0026,Cooling Tower,Warehouse C,2022-02-03,TECH-015,"O-ring compression set failure, intermittent leak under high pressure",seal_leak,Medium,51.0,3.7,2.3,O-ring set,0.48,0.57,0.79,0.91,0.67
WO-00746,EQ-0029,Conveyor Belt,Plant A - Line 1,2023-09-20,TECH-020,"High-pitched squealing noise from bearing assembly, lubrication appears insufficient",bearing_wear,Medium,,9.0,1.5,Contactor 3RT2,0.82,0.53,0.73,0.49,0.644
WO-00747,EQ-0049,Cooling Tower,Utilities Block,2023-03-06,TECH-006,"Cavitation noise and vibration in pump, inlet pressure below NPSH",vibration,Medium,166.0,5.6,1.4,Capacitor 40µF,0.75,0.61,0.6,0.69,0.658
WO-00748,EQ-0040,Gearbox,Plant A - Line 1,2022-09-23,TECH-006,"VFD fault code F47 logged, overcurrent on deceleration. Additionally, metal particles found in oil sample, bearing degradation confirmed",electrical_fault,High,9.0,9.6,2.5,Coupling insert,0.97,0.55,0.59,0.97,0.749
WO-00749,EQ-0016,Air Compressor,Warehouse C,2022-02-04,TECH-018,"Motor winding temperature reached 74°C, thermal protection triggered",overheating,High,104.0,9.5,11.6,Oil filter + 5L oil,0.79,0.52,0.6,0.87,0.678
WO-00750,EQ-0013,Electric Motor,Plant B - Line 1,2022-02-27,TECH-003,"Oil analysis shows high iron content 380 ppm, internal wear indicated. Additionally, oil analysis shows high iron content 364 ppm, internal wear indicated",lubrication,Low,63.0,15.5,9.3,Impeller,0.62,0.75,0.64,0.44,0.628
WO-00751,EQ-0001,Air Compressor,Plant A - Line 1,2022-04-13,TECH-014,"Compressor discharge temperature 114°C, intercooler bypass suspected",overheating,High,60.0,11.7,2.2,Oil filter + 5L oil,0.63,0.49,0.93,0.78,0.693
WO-00752,EQ-0026,Cooling Tower,Warehouse C,2022-05-21,TECH-012,"Mechanical seal leaking at shaft interface, fluid loss approx 35 ml/hr",seal_leak,Medium,49.0,3.1,0.5,Contactor 3RT2,0.9,0.61,0.66,0.56,0.685
WO-00753,EQ-0047,Air Compressor,Utilities Block,2023-08-28,TECH-016,"Surface corrosion on pipe flanges, pitting depth approx 1.64mm. Additionally, corrosion under insulation (cui) suspected on horizontal pipe section",corrosion,Low,2.0,5.2,4.2,Bearing 6205-2RS,0.6,0.78,0.91,0.52,0.716
WO-00754,EQ-0014,Cooling Tower,Plant B - Line 1,2022-10-09,TECH-012,"Automatic lubrication system failed, manual greasing required",lubrication,Low,134.0,5.7,4.3,Capacitor 40µF,0.67,0.9,0.77,0.98,0.826
WO-00755,EQ-0021,Gearbox,Plant B - Line 3,2023-10-15,TECH-019,"Earth leakage current 41.2mA detected, isolation check required",electrical_fault,High,,11.9,1.4,None - monitoring,0.42,0.5,0.59,0.61,0.524
WO-00756,EQ-0049,Cooling Tower,Utilities Block,2022-04-03,TECH-009,"Bearing temperature elevated to 87°C during operation, vibration increasing",bearing_wear,Medium,,3.1,0.8,Mechanical seal kit,0.5,0.74,0.8,0.87,0.721
WO-00757,EQ-0039,Hydraulic Press,Plant B - Line 3,2022-07-01,TECH-019,"Motor winding resistance out of tolerance, possible turn-to-turn short. Additionally, bearing play exceeding tolerance, axial movement of 0.78mm observed",electrical_fault,High,77.0,13.5,1.9,Contactor 3RT2,0.57,0.4,0.52,0.98,0.588
WO-00758,EQ-0034,Air Compressor,Plant B - Line 1,2022-12-29,TECH-007,"Bearing play exceeding tolerance, axial movement of 0.19mm observed",bearing_wear,Medium,147.0,5.5,3.8,Oil filter + 5L oil,0.6,0.67,0.71,0.49,0.626
WO-00759,EQ-0015,Conveyor Belt,Plant B - Line 1,2022-10-22,TECH-013,"Phase imbalance detected, current draw 21% higher on L2",electrical_fault,High,51.0,7.6,5.3,Capacitor 40µF,0.55,0.97,0.95,0.85,0.836
WO-00760,EQ-0028,Air Compressor,Utilities Block,2023-05-22,TECH-006,"Lubricant contamination detected, water content 22% above limit",lubrication,Low,,9.3,2.4,Bearing 6205-2RS,0.92,0.57,0.61,0.58,0.67
WO-00761,EQ-0050,Electric Motor,Plant A - Line 2,2023-07-03,TECH-014,"O-ring compression set failure, intermittent leak under high pressure",seal_leak,Medium,58.0,6.4,7.3,Capacitor 40µF,0.7,0.57,0.73,0.52,0.632
WO-00762,EQ-0028,Air Compressor,Utilities Block,2022-10-13,TECH-002,"Contactor pitting observed, intermittent contact causing voltage dips",electrical_fault,High,152.0,9.9,12.4,Contactor 3RT2,0.63,0.45,0.84,0.43,0.588
WO-00763,EQ-0032,Electric Motor,Plant A - Line 2,2023-10-30,TECH-014,Corrosion under insulation (CUI) suspected on horizontal pipe section,corrosion,Low,,5.9,3.7,Impeller,0.39,0.93,0.88,0.64,0.724
WO-00764,EQ-0005,Electric Motor,Utilities Block,2022-12-09,TECH-013,"Heat exchanger fouling reducing efficiency, outlet temp 109°C above setpoint",overheating,High,117.0,10.6,13.3,Bearing 6205-2RS,0.5,0.54,0.71,0.93,0.651
WO-00765,EQ-0003,Cooling Tower,Plant A - Line 1,2023-12-19,TECH-005,"Mechanical seal leaking at shaft interface, fluid loss approx 156 ml/hr",seal_leak,Medium,,14.5,11.9,O-ring set,0.81,0.65,0.94,0.69,0.771
WO-00766,EQ-0037,Gearbox,Warehouse C,2023-08-10,TECH-017,"Impeller damage suspected, broadband vibration increase 14.3 mm/s",vibration,Medium,78.0,11.0,2.8,Capacitor 40µF,0.83,0.99,0.51,0.91,0.814
WO-00767,EQ-0041,Conveyor Belt,Plant A - Line 1,2023-03-30,TECH-003,"Mechanical seal leaking at shaft interface, fluid loss approx 40 ml/hr",seal_leak,Medium,101.0,3.7,4.7,None - monitoring,0.83,0.75,0.98,0.94,0.865
WO-00768,EQ-0001,Air Compressor,Plant A - Line 1,2022-07-28,TECH-001,"Impeller damage suspected, broadband vibration increase 14.3 mm/s",vibration,Medium,,4.1,0.6,Capacitor 40µF,0.6,0.9,0.81,0.5,0.722
WO-00769,EQ-0038,Cooling Tower,Plant A - Line 2,2023-08-03,TECH-013,"Mechanical seal leaking at shaft interface, fluid loss approx 65 ml/hr",seal_leak,Medium,,7.0,0.3,O-ring set,0.34,0.6,0.77,0.51,0.56
WO-00770,EQ-0024,Heat Exchanger,Warehouse C,2022-02-23,TECH-019,"Lip seal deteriorated, grease escaping from gearbox output shaft. Additionally, chemical attack on pump impeller, material loss estimated 29%",seal_leak,Medium,167.0,13.7,18.1,O-ring set,0.93,0.79,0.55,0.4,0.687
WO-00771,EQ-0029,Conveyor Belt,Plant A - Line 1,2022-03-09,TECH-014,"Surface corrosion on pipe flanges, pitting depth approx 0.23mm",corrosion,Low,103.0,2.8,0.7,Capacitor 40µF,0.42,0.92,0.65,0.58,0.66
WO-00772,EQ-0034,Air Compressor,Plant B - Line 1,2022-09-03,TECH-006,"Mechanical seal leaking at shaft interface, fluid loss approx 134 ml/hr. Additionally, earth leakage current 34.4ma detected, isolation check required",seal_leak,Medium,,7.6,7.2,None - monitoring,0.44,0.94,0.63,0.56,0.662
WO-00773,EQ-0021,Gearbox,Plant B - Line 3,2023-12-23,TECH-001,"Galvanic corrosion at dissimilar metal joint, wall thickness reduced. Additionally, hydraulic fluid leak at cylinder rod seal, 28 ml/hr estimated loss",corrosion,Low,157.0,6.3,7.2,O-ring set,0.94,0.58,0.69,0.48,0.677
WO-00774,EQ-0049,Cooling Tower,Utilities Block,2023-02-14,TECH-017,"Oil analysis shows high iron content 192 ppm, internal wear indicated",lubrication,Low,,4.7,6.2,Capacitor 40µF,0.4,0.61,0.86,0.67,0.632
WO-00775,EQ-0032,Electric Motor,Plant A - Line 2,2023-08-23,TECH-016,"Dynamic seal failure suspected, pressure drop of 13% noted in system",seal_leak,Medium,96.0,9.5,8.1,O-ring set,0.39,0.43,0.63,0.76,0.536
WO-00776,EQ-0025,Centrifugal Pump,Plant A - Line 1,2023-09-08,TECH-020,"Bearing play exceeding tolerance, axial movement of 1.59mm observed",bearing_wear,Medium,,2.9,4.0,Capacitor 40µF,0.47,0.59,0.78,0.69,0.628
WO-00777,EQ-0026,Cooling Tower,Warehouse C,2022-04-08,TECH-020,"Structural resonance observed at 1450 RPM, bolts found loose on baseplate",vibration,Medium,155.0,8.7,2.5,Mechanical seal kit,0.41,0.48,0.5,0.4,0.452
WO-00778,EQ-0005,Electric Motor,Utilities Block,2022-01-18,TECH-018,"Mechanical seal leaking at shaft interface, fluid loss approx 42 ml/hr",seal_leak,Medium,148.0,8.2,1.9,Impeller,0.39,0.75,0.77,0.79,0.673
WO-00779,EQ-0043,Air Compressor,Plant A - Line 1,2022-02-01,TECH-004,"Cooling fan obstructed by debris, motor surface temperature 112°C",overheating,High,125.0,15.9,10.2,Oil filter + 5L oil,0.69,0.77,0.56,0.96,0.736
WO-00780,EQ-0050,Electric Motor,Plant A - Line 2,2023-06-23,TECH-010,"Impeller damage suspected, broadband vibration increase 15.7 mm/s",vibration,Medium,86.0,15.7,3.6,Bearing 6205-2RS,0.52,0.88,0.65,0.55,0.666
WO-00781,EQ-0046,Electric Motor,Plant B - Line 3,2022-12-25,TECH-006,"Bearing temperature elevated to 69°C during operation, vibration increasing",bearing_wear,Medium,108.0,1.8,1.6,Bearing 6205-2RS,0.4,0.6,0.81,0.9,0.663
WO-00782,EQ-0039,Hydraulic Press,Plant B - Line 3,2022-10-05,TECH-014,"VFD fault code F40 logged, overcurrent on deceleration",electrical_fault,High,7.0,7.4,10.6,O-ring set,0.84,0.59,0.53,0.98,0.716
WO-00783,EQ-0001,Air Compressor,Plant A - Line 1,2022-06-20,TECH-012,"Motor winding resistance out of tolerance, possible turn-to-turn short",electrical_fault,High,,9.7,1.1,None - monitoring,0.43,0.55,0.8,0.44,0.56
WO-00784,EQ-0023,Cooling Tower,Warehouse C,2022-05-01,TECH-018,"Misalignment between motor and gearbox shaft, 3.3 mm/s 2X vibration. Additionally, excessive vibration on pump casing, amplitude 9.6 mm/s at 3000 rpm",vibration,Medium,5.0,15.9,5.9,O-ring set,0.42,0.88,0.51,0.53,0.602
WO-00785,EQ-0025,Centrifugal Pump,Plant A - Line 1,2022-01-13,TECH-003,"Cooling fan obstructed by debris, motor surface temperature 114°C",overheating,High,83.0,2.9,3.0,None - monitoring,0.5,0.66,0.8,0.92,0.707
WO-00786,EQ-0047,Air Compressor,Utilities Block,2023-09-12,TECH-004,"Hydraulic fluid leak at cylinder rod seal, 159 ml/hr estimated loss",seal_leak,Medium,11.0,9.7,0.6,Mechanical seal kit,0.68,0.83,0.85,0.93,0.818
WO-00787,EQ-0019,Centrifugal Pump,Plant B - Line 1,2022-09-04,TECH-002,"Oil level low in gearbox sight glass, top-up of 2.0L required",lubrication,Low,31.0,2.2,2.2,Oil filter + 5L oil,1.0,0.88,0.84,0.5,0.824
WO-00788,EQ-0002,Heat Exchanger,Utilities Block,2023-10-18,TECH-010,"Lip seal deteriorated, grease escaping from gearbox output shaft",seal_leak,Medium,,1.7,1.9,None - monitoring,0.82,0.89,0.79,0.84,0.838
WO-00789,EQ-0037,Gearbox,Warehouse C,2022-02-23,TECH-001,"O-ring compression set failure, intermittent leak under high pressure. Additionally, excessive vibration on pump casing, amplitude 2.3 mm/s at 1500 rpm",seal_leak,Medium,11.0,6.6,2.4,Coupling insert,0.33,0.84,0.94,0.45,0.66
WO-00790,EQ-0041,Conveyor Belt,Plant A - Line 1,2022-01-24,TECH-015,"Gearbox oil temperature 65°C, possible cooler blockage",overheating,High,,5.8,6.0,Coupling insert,0.7,0.82,0.68,0.91,0.773
WO-00791,EQ-0037,Gearbox,Warehouse C,2023-10-08,TECH-018,"Unbalance detected on rotating assembly, vibration 12.0 mm/s 1X component",vibration,Medium,36.0,1.2,0.5,Oil filter + 5L oil,0.79,0.96,0.61,0.45,0.728
WO-00792,EQ-0036,Gearbox,Plant A - Line 1,2022-06-21,TECH-020,"Metal particles found in oil sample, bearing degradation confirmed",bearing_wear,Medium,176.0,6.3,1.2,Impeller,0.34,0.82,0.69,0.54,0.611
WO-00793,EQ-0027,Gearbox,Warehouse C,2022-03-06,TECH-007,"Bearing play exceeding tolerance, axial movement of 0.43mm observed",bearing_wear,Medium,94.0,0.9,0.5,Bearing 6205-2RS,0.35,0.54,0.86,0.97,0.659
WO-00794,EQ-0028,Air Compressor,Utilities Block,2022-09-29,TECH-012,"Excessive vibration on pump casing, amplitude 7.5 mm/s at 1450 RPM",vibration,Medium,97.0,15.5,17.0,Contactor 3RT2,0.37,0.89,0.85,0.99,0.77
WO-00795,EQ-0030,Gearbox,Plant A - Line 1,2023-02-02,TECH-011,"Misalignment between motor and gearbox shaft, 11.2 mm/s 2X vibration",vibration,Medium,,9.1,2.7,Impeller,0.48,0.8,0.73,0.73,0.688
WO-00796,EQ-0001,Air Compressor,Plant A - Line 1,2023-07-29,TECH-013,"Overheating on drive-end bearing, infrared scan shows hot spot at 68°C. Additionally, overheating on drive-end bearing, infrared scan shows hot spot at 96°c",overheating,High,,5.5,6.3,Impeller,0.56,0.92,0.83,0.55,0.734
WO-00797,EQ-0029,Conveyor Belt,Plant A - Line 1,2023-09-15,TECH-003,"Unbalance detected on rotating assembly, vibration 4.6 mm/s 1X component. Additionally, cavitation noise and vibration in pump, inlet pressure below npsh",vibration,Medium,173.0,8.0,9.8,Coupling insert,0.89,0.81,0.56,0.63,0.732
WO-00798,EQ-0029,Conveyor Belt,Plant A - Line 1,2022-02-04,TECH-016,"Lip seal deteriorated, grease escaping from gearbox output shaft. Additionally, grease nipple blocked, bearing running dry for estimated 11 days",seal_leak,Medium,,6.7,3.0,Bearing 6205-2RS,0.95,0.67,0.6,0.62,0.712
WO-00799,EQ-0016,Air Compressor,Warehouse C,2023-03-17,TECH-013,"Motor winding temperature reached 86°C, thermal protection triggered. Additionally, misalignment between motor and gearbox shaft, 15.9 mm/s 2x vibration",overheating,High,,0.7,0.0,Contactor 3RT2,0.86,0.8,0.68,0.91,0.807
WO-00800,EQ-0026,Cooling Tower,Warehouse C,2023-12-17,TECH-018,"Automatic lubrication system failed, manual greasing required",lubrication,Low,,11.0,12.4,Oil filter + 5L oil,0.89,0.76,0.54,0.76,0.738
